<?xml version="1.0" encoding="UTF-8"?>
<kml xmlns="http://www.opengis.net/kml/2.2">
  <Document>
    <name>Barcelona/South of France 2026</name>
    <description>Train trip from Barcelona to Nice</description>
    <Style id="icon-1899-DB4436-nodesc-normal">
      <IconStyle>
        <color>ff3644db</color>
        <scale>1</scale>
        <Icon>
          <href>https://www.gstatic.com/mapspro/images/stock/503-wht-blank_maps.png</href>
        </Icon>
        <hotSpot x="32" xunits="pixels" y="64" yunits="insetPixels"/>
      </IconStyle>
      <LabelStyle>
        <scale>0</scale>
      </LabelStyle>
      <BalloonStyle>
        <text><![CDATA[<h3>$[name]</h3>]]></text>
      </BalloonStyle>
    </Style>
    <Style id="icon-1899-DB4436-nodesc-highlight">
      <IconStyle>
        <color>ff3644db</color>
        <scale>1</scale>
        <Icon>
          <href>https://www.gstatic.com/mapspro/images/stock/503-wht-blank_maps.png</href>
        </Icon>
        <hotSpot x="32" xunits="pixels" y="64" yunits="insetPixels"/>
      </IconStyle>
      <LabelStyle>
        <scale>1</scale>
      </LabelStyle>
      <BalloonStyle>
        <text><![CDATA[<h3>$[name]</h3>]]></text>
      </BalloonStyle>
    </Style>
    <StyleMap id="icon-1899-DB4436-nodesc">
      <Pair>
        <key>normal</key>
        <styleUrl>#icon-1899-DB4436-nodesc-normal</styleUrl>
      </Pair>
      <Pair>
        <key>highlight</key>
        <styleUrl>#icon-1899-DB4436-nodesc-highlight</styleUrl>
      </Pair>
    </StyleMap>
    <Style id="line-1267FF-5000-nodesc-normal">
      <LineStyle>
        <color>ffff6712</color>
        <width>5</width>
      </LineStyle>
      <BalloonStyle>
        <text><![CDATA[<h3>$[name]</h3>]]></text>
      </BalloonStyle>
    </Style>
    <Style id="line-1267FF-5000-nodesc-highlight">
      <LineStyle>
        <color>ffff6712</color>
        <width>7.5</width>
      </LineStyle>
      <BalloonStyle>
        <text><![CDATA[<h3>$[name]</h3>]]></text>
      </BalloonStyle>
    </Style>
    <StyleMap id="line-1267FF-5000-nodesc">
      <Pair>
        <key>normal</key>
        <styleUrl>#line-1267FF-5000-nodesc-normal</styleUrl>
      </Pair>
      <Pair>
        <key>highlight</key>
        <styleUrl>#line-1267FF-5000-nodesc-highlight</styleUrl>
      </Pair>
    </StyleMap>
    <Folder>
      <name>Thursday, May 7 AM (⁦TGV INOUI 9708)</name>
      <Placemark>
        <name>Thursday, May 7 AM (⁦TGV INOUI 9708)</name>
        <styleUrl>#line-1267FF-5000-nodesc</styleUrl>
        <LineString>
          <tessellate>1</tessellate>
          <coordinates>
            2.14056,41.37828,0
            2.14096,41.37852,0
            2.14135,41.37878,0
            2.14171,41.379,0
            2.14181,41.37907,0
            2.14194,41.37914,0
            2.14209,41.37943,0
            2.1421,41.37946,0
            2.14212,41.37956,0
            2.14212,41.3796,0
            2.14213,41.37966,0
            2.14277,41.38016,0
            2.14292,41.38026,0
            2.14325,41.38008,0
            2.14505,41.37875,0
            2.14587,41.3781,0
            2.14799,41.3765,0
            2.14817,41.37635,0
            2.14823,41.37627,0
            2.14832,41.37619,0
            2.14877,41.37584,0
            2.14879,41.37582,0
            2.14882,41.37581,0
            2.14883,41.37579,0
            2.14888,41.37576,0
            2.14891,41.37573,0
            2.14891,41.37572,0
            2.14893,41.37568,0
            2.14894,41.37561,0
            2.14894,41.37546,0
            2.14881,41.37538,0
            2.14876,41.37534,0
            2.14869,41.37527,0
            2.14866,41.37523,0
            2.14861,41.37515,0
            2.1486,41.37511,0
            2.1486,41.37501,0
            2.14863,41.3749,0
            2.14864,41.37489,0
            2.14865,41.37487,0
            2.14868,41.37484,0
            2.1487,41.3748,0
            2.14874,41.37477,0
            2.14877,41.37473,0
            2.14893,41.37461,0
            2.14903,41.37456,0
            2.14906,41.37456,0
            2.14912,41.37455,0
            2.14929,41.37455,0
            2.14946,41.37458,0
            2.14952,41.3746,0
            2.14956,41.37462,0
            2.14957,41.37462,0
            2.14961,41.37463,0
            2.1497,41.37469,0
            2.14977,41.37476,0
            2.14978,41.37479,0
            2.14981,41.37485,0
            2.14985,41.37496,0
            2.14985,41.37512,0
            2.14984,41.37514,0
            2.14983,41.37517,0
            2.14982,41.37517,0
            2.14991,41.37521,0
            2.14992,41.37521,0
            2.14994,41.37524,0
            2.14994,41.37525,0
            2.15004,41.37543,0
            2.1501,41.37552,0
            2.15035,41.37579,0
            2.1505,41.37591,0
            2.15058,41.37608,0
            2.1506,41.37616,0
            2.15067,41.37622,0
            2.1518,41.37704,0
            2.1524,41.37751,0
            2.15952,41.38282,0
            2.15971,41.38298,0
            2.16197,41.3847,0
            2.16207,41.38479,0
            2.16294,41.38544,0
            2.16311,41.38558,0
            2.16478,41.38682,0
            2.16486,41.38687,0
            2.16672,41.38828,0
            2.16686,41.38847,0
            2.16701,41.38861,0
            2.16789,41.38929,0
            2.16797,41.38936,0
            2.16803,41.3894,0
            2.16807,41.38944,0
            2.16834,41.38962,0
            2.16867,41.38971,0
            2.16971,41.39049,0
            2.1699,41.39062,0
            2.17005,41.39074,0
            2.1701,41.39077,0
            2.17042,41.39102,0
            2.17083,41.39131,0
            2.17105,41.39148,0
            2.17135,41.39169,0
            2.17201,41.39223,0
            2.17216,41.39233,0
            2.17302,41.39299,0
            2.17332,41.3932,0
            2.17345,41.39331,0
            2.17422,41.39389,0
            2.17425,41.39392,0
            2.17442,41.39405,0
            2.17459,41.39416,0
            2.17465,41.39424,0
            2.17474,41.39433,0
            2.17476,41.39436,0
            2.1748,41.3944,0
            2.17488,41.39456,0
            2.17495,41.39475,0
            2.17497,41.39486,0
            2.17497,41.39487,0
            2.17498,41.39491,0
            2.17498,41.39493,0
            2.17499,41.39495,0
            2.17499,41.39497,0
            2.17502,41.39503,0
            2.17504,41.39505,0
            2.17507,41.3951,0
            2.17511,41.39514,0
            2.17515,41.39517,0
            2.17517,41.39519,0
            2.17519,41.3952,0
            2.17523,41.39523,0
            2.17528,41.39526,0
            2.17539,41.3953,0
            2.17549,41.39532,0
            2.17555,41.39534,0
            2.17588,41.39539,0
            2.17609,41.39544,0
            2.17614,41.39546,0
            2.17618,41.39547,0
            2.17622,41.39549,0
            2.1763,41.39552,0
            2.1764,41.39557,0
            2.17646,41.39562,0
            2.17652,41.39564,0
            2.17667,41.39576,0
            2.1769,41.39592,0
            2.17697,41.39598,0
            2.17705,41.39603,0
            2.17805,41.39679,0
            2.17818,41.39688,0
            2.17837,41.39703,0
            2.17897,41.39747,0
            2.1791,41.39758,0
            2.17995,41.39822,0
            2.18038,41.39851,0
            2.18059,41.39867,0
            2.18125,41.39912,0
            2.18157,41.39938,0
            2.18248,41.40005,0
            2.18326,41.40057,0
            2.18333,41.40069,0
            2.1836,41.40086,0
            2.18368,41.40093,0
            2.18405,41.40121,0
            2.18411,41.40125,0
            2.18412,41.40126,0
            2.18458,41.40161,0
            2.18464,41.40165,0
            2.18479,41.40177,0
            2.1851,41.40197,0
            2.18534,41.40215,0
            2.18551,41.40225,0
            2.18561,41.40233,0
            2.18586,41.4025,0
            2.18629,41.40282,0
            2.1863,41.40282,0
            2.18664,41.40308,0
            2.18681,41.40319,0
            2.18727,41.40352,0
            2.18743,41.40365,0
            2.18743,41.40366,0
            2.1876,41.40379,0
            2.18776,41.40394,0
            2.1883,41.40438,0
            2.18833,41.4044,0
            2.18844,41.40449,0
            2.18847,41.40451,0
            2.18849,41.40453,0
            2.18864,41.40463,0
            2.18866,41.40464,0
            2.189,41.4049,0
            2.18924,41.40506,0
            2.18926,41.40508,0
            2.18928,41.40509,0
            2.18945,41.40523,0
            2.18968,41.40539,0
            2.18999,41.40563,0
            2.19012,41.40574,0
            2.19015,41.40576,0
            2.19033,41.40591,0
            2.19106,41.40645,0
            2.19114,41.40652,0
            2.19146,41.40675,0
            2.19247,41.40754,0
            2.19269,41.4077,0
            2.19285,41.4078,0
            2.1933,41.40812,0
            2.19354,41.40833,0
            2.19364,41.4084,0
            2.19374,41.40848,0
            2.19401,41.40866,0
            2.19408,41.4087,0
            2.19416,41.40877,0
            2.19447,41.409,0
            2.1945,41.40901,0
            2.19453,41.40904,0
            2.19466,41.40913,0
            2.19557,41.40983,0
            2.19584,41.41002,0
            2.19592,41.41009,0
            2.1965,41.41052,0
            2.19653,41.41055,0
            2.19694,41.41084,0
            2.19703,41.41092,0
            2.1971,41.41096,0
            2.19714,41.411,0
            2.19813,41.41175,0
            2.19826,41.41184,0
            2.19826,41.41185,0
            2.19905,41.41246,0
            2.19906,41.41246,0
            2.19939,41.41271,0
            2.19941,41.41273,0
            2.19957,41.41285,0
            2.19959,41.41286,0
            2.19961,41.41288,0
            2.20165,41.4144,0
            2.20166,41.4144,0
            2.20203,41.41468,0
            2.2021,41.41474,0
            2.20213,41.41475,0
            2.20217,41.41479,0
            2.20244,41.41498,0
            2.20277,41.41524,0
            2.20394,41.41611,0
            2.20395,41.41612,0
            2.20471,41.41668,0
            2.20493,41.41686,0
            2.20524,41.41709,0
            2.20529,41.41712,0
            2.20685,41.41829,0
            2.20704,41.41842,0
            2.20756,41.41881,0
            2.20763,41.41887,0
            2.20807,41.41919,0
            2.2084,41.41945,0
            2.20871,41.41967,0
            2.20986,41.42054,0
            2.20991,41.42057,0
            2.21096,41.42136,0
            2.21098,41.42137,0
            2.211,41.42139,0
            2.21102,41.4214,0
            2.21104,41.42142,0
            2.21158,41.42183,0
            2.21165,41.42187,0
            2.21259,41.42258,0
            2.21271,41.42266,0
            2.21284,41.42276,0
            2.21322,41.42299,0
            2.2133,41.42305,0
            2.21331,41.42305,0
            2.21364,41.4232,0
            2.21386,41.42332,0
            2.21465,41.4237,0
            2.21538,41.42401,0
            2.21567,41.42415,0
            2.21575,41.42418,0
            2.21604,41.42433,0
            2.21605,41.42433,0
            2.21641,41.42453,0
            2.21664,41.42468,0
            2.2167,41.42477,0
            2.21676,41.42481,0
            2.21706,41.42509,0
            2.21722,41.42529,0
            2.21726,41.42536,0
            2.21728,41.42541,0
            2.2173,41.42544,0
            2.21733,41.42551,0
            2.21735,41.42558,0
            2.21736,41.42559,0
            2.21736,41.42562,0
            2.21737,41.42564,0
            2.21739,41.42576,0
            2.21739,41.42592,0
            2.21738,41.42595,0
            2.21738,41.42598,0
            2.21736,41.42609,0
            2.21734,41.42616,0
            2.21728,41.42629,0
            2.21728,41.4263,0
            2.21726,41.42633,0
            2.21719,41.42646,0
            2.21714,41.42653,0
            2.21706,41.42662,0
            2.21704,41.42665,0
            2.21703,41.42665,0
            2.217,41.42669,0
            2.21693,41.42676,0
            2.21677,41.42689,0
            2.21675,41.4269,0
            2.21666,41.42697,0
            2.2166,41.42701,0
            2.21659,41.42701,0
            2.21659,41.42702,0
            2.21654,41.42704,0
            2.21639,41.42713,0
            2.21601,41.42728,0
            2.21582,41.42733,0
            2.21528,41.42744,0
            2.21527,41.42744,0
            2.21522,41.42745,0
            2.21506,41.4275,0
            2.21505,41.4275,0
            2.21492,41.42755,0
            2.21475,41.42764,0
            2.21467,41.42769,0
            2.21467,41.4277,0
            2.21466,41.4277,0
            2.21458,41.42777,0
            2.2144,41.42799,0
            2.21434,41.42805,0
            2.21373,41.4289,0
            2.21373,41.42891,0
            2.21328,41.42952,0
            2.21325,41.42955,0
            2.21311,41.42964,0
            2.21295,41.42988,0
            2.21239,41.43063,0
            2.21134,41.43212,0
            2.21079,41.43297,0
            2.21016,41.43407,0
            2.20996,41.43446,0
            2.20969,41.43503,0
            2.20953,41.43543,0
            2.20926,41.43617,0
            2.20922,41.43631,0
            2.20919,41.43646,0
            2.20845,41.43936,0
            2.20823,41.44006,0
            2.20809,41.44043,0
            2.20777,41.44117,0
            2.20765,41.44142,0
            2.20733,41.44201,0
            2.20728,41.44208,0
            2.20722,41.44218,0
            2.20717,41.44225,0
            2.20701,41.44251,0
            2.20691,41.44265,0
            2.20685,41.44276,0
            2.20668,41.44299,0
            2.20663,41.44307,0
            2.20647,41.44329,0
            2.20606,41.44381,0
            2.20525,41.4447,0
            2.20516,41.44479,0
            2.20467,41.44533,0
            2.20462,41.4454,0
            2.20365,41.4465,0
            2.20353,41.44661,0
            2.20353,41.44662,0
            2.20304,41.44714,0
            2.20246,41.4477,0
            2.20215,41.44795,0
            2.20205,41.44804,0
            2.20169,41.44831,0
            2.20133,41.44855,0
            2.20105,41.4487,0
            2.20094,41.44877,0
            2.2007,41.44887,0
            2.19997,41.44914,0
            2.19984,41.44917,0
            2.1998,41.44919,0
            2.19904,41.44938,0
            2.19895,41.44936,0
            2.19842,41.44945,0
            2.19821,41.4495,0
            2.19819,41.4495,0
            2.1979,41.44957,0
            2.19789,41.44958,0
            2.19753,41.44968,0
            2.19746,41.44971,0
            2.19744,41.44971,0
            2.19738,41.44974,0
            2.19728,41.44977,0
            2.19718,41.44982,0
            2.19681,41.44998,0
            2.19673,41.45002,0
            2.19658,41.45011,0
            2.19622,41.45037,0
            2.19597,41.45061,0
            2.1958,41.45082,0
            2.19563,41.45111,0
            2.19553,41.45135,0
            2.1955,41.45145,0
            2.19546,41.45155,0
            2.19546,41.45158,0
            2.19541,41.45173,0
            2.1954,41.45178,0
            2.1954,41.45181,0
            2.19538,41.45189,0
            2.19536,41.45203,0
            2.19532,41.45221,0
            2.19522,41.45282,0
            2.19521,41.45285,0
            2.19517,41.45304,0
            2.19508,41.45337,0
            2.19495,41.45368,0
            2.19489,41.45377,0
            2.19483,41.45388,0
            2.19456,41.45424,0
            2.19448,41.45433,0
            2.19426,41.45452,0
            2.19414,41.45459,0
            2.19401,41.45468,0
            2.19378,41.45481,0
            2.19366,41.45487,0
            2.19353,41.45492,0
            2.19345,41.45496,0
            2.19335,41.455,0
            2.19328,41.45502,0
            2.193,41.45513,0
            2.19262,41.45525,0
            2.19183,41.45546,0
            2.19165,41.4555,0
            2.19139,41.45553,0
            2.19121,41.45553,0
            2.19114,41.45554,0
            2.19104,41.45554,0
            2.19047,41.45558,0
            2.19014,41.45563,0
            2.18988,41.45569,0
            2.18986,41.4557,0
            2.18956,41.45581,0
            2.18954,41.45581,0
            2.18947,41.45585,0
            2.18924,41.45595,0
            2.18897,41.45613,0
            2.1888,41.45626,0
            2.18867,41.45638,0
            2.18863,41.45641,0
            2.18861,41.45644,0
            2.18803,41.45695,0
            2.18773,41.45723,0
            2.18737,41.45753,0
            2.18735,41.45762,0
            2.18735,41.45763,0
            2.18734,41.45764,0
            2.18682,41.45803,0
            2.18657,41.45819,0
            2.18655,41.45821,0
            2.18569,41.45875,0
            2.18566,41.45876,0
            2.18553,41.45885,0
            2.18544,41.4589,0
            2.1852,41.45906,0
            2.18509,41.45912,0
            2.1848,41.45932,0
            2.18473,41.45936,0
            2.18416,41.45975,0
            2.18405,41.45984,0
            2.18383,41.46,0
            2.18342,41.46034,0
            2.1833,41.46046,0
            2.18322,41.46053,0
            2.18275,41.46103,0
            2.18228,41.4616,0
            2.18216,41.46173,0
            2.18216,41.46174,0
            2.18189,41.46204,0
            2.18177,41.46219,0
            2.18176,41.46219,0
            2.18176,41.4622,0
            2.18163,41.46234,0
            2.1815,41.4625,0
            2.18111,41.46294,0
            2.18111,41.46295,0
            2.1811,41.46295,0
            2.18097,41.4631,0
            2.18096,41.4631,0
            2.18087,41.4632,0
            2.18044,41.46363,0
            2.18032,41.46374,0
            2.18025,41.46382,0
            2.17961,41.46442,0
            2.17959,41.46443,0
            2.17953,41.46445,0
            2.17947,41.4645,0
            2.17933,41.46465,0
            2.17932,41.46465,0
            2.17898,41.46496,0
            2.1784,41.46554,0
            2.17817,41.46582,0
            2.17803,41.46601,0
            2.17783,41.46635,0
            2.17764,41.46673,0
            2.17757,41.46692,0
            2.17749,41.46718,0
            2.17748,41.4672,0
            2.17745,41.46732,0
            2.17745,41.46735,0
            2.17741,41.46753,0
            2.1774,41.46755,0
            2.17738,41.46769,0
            2.17736,41.46801,0
            2.17736,41.46829,0
            2.17738,41.46854,0
            2.1774,41.46863,0
            2.17741,41.46871,0
            2.17745,41.46886,0
            2.17747,41.46896,0
            2.17754,41.4692,0
            2.17758,41.46931,0
            2.17783,41.46983,0
            2.17803,41.47017,0
            2.17814,41.47033,0
            2.17827,41.4705,0
            2.17853,41.4708,0
            2.17913,41.47139,0
            2.17917,41.47142,0
            2.1799,41.47214,0
            2.17997,41.4722,0
            2.17998,41.47222,0
            2.18005,41.47228,0
            2.18063,41.47285,0
            2.18064,41.47285,0
            2.18076,41.47298,0
            2.18078,41.47299,0
            2.18079,41.47301,0
            2.18144,41.47366,0
            2.18217,41.47444,0
            2.18279,41.47515,0
            2.18343,41.47598,0
            2.18346,41.47603,0
            2.18358,41.47619,0
            2.18366,41.47631,0
            2.18368,41.47633,0
            2.18387,41.47667,0
            2.18388,41.47667,0
            2.18389,41.47671,0
            2.18401,41.47692,0
            2.18413,41.4772,0
            2.1842,41.47744,0
            2.1842,41.47745,0
            2.18423,41.47751,0
            2.18434,41.47779,0
            2.18435,41.47784,0
            2.18442,41.47803,0
            2.18444,41.47811,0
            2.18452,41.47836,0
            2.18452,41.47839,0
            2.1846,41.47874,0
            2.18461,41.47877,0
            2.18468,41.47923,0
            2.1847,41.47946,0
            2.1847,41.4795,0
            2.18472,41.47968,0
            2.18472,41.47999,0
            2.18473,41.48018,0
            2.18471,41.48053,0
            2.1847,41.48054,0
            2.1847,41.48062,0
            2.18465,41.48106,0
            2.18431,41.48335,0
            2.1843,41.48346,0
            2.18426,41.48372,0
            2.18425,41.48384,0
            2.18424,41.4839,0
            2.18424,41.48399,0
            2.18423,41.48401,0
            2.18423,41.48408,0
            2.18421,41.48433,0
            2.1842,41.48438,0
            2.1842,41.48495,0
            2.18421,41.48505,0
            2.18422,41.48529,0
            2.18432,41.48596,0
            2.18432,41.48598,0
            2.18445,41.48647,0
            2.1846,41.48686,0
            2.18469,41.48704,0
            2.18489,41.48739,0
            2.1851,41.4877,0
            2.18533,41.48799,0
            2.18557,41.48825,0
            2.18596,41.4886,0
            2.18639,41.48892,0
            2.18641,41.48894,0
            2.18691,41.48925,0
            2.18782,41.48977,0
            2.18833,41.49009,0
            2.18834,41.49009,0
            2.18886,41.49048,0
            2.18906,41.49066,0
            2.18933,41.49094,0
            2.18938,41.491,0
            2.1895,41.49112,0
            2.18973,41.49141,0
            2.18981,41.49155,0
            2.18984,41.49159,0
            2.18993,41.49174,0
            2.1902,41.4923,0
            2.19047,41.49325,0
            2.19069,41.49429,0
            2.1907,41.49437,0
            2.19072,41.49446,0
            2.19073,41.49447,0
            2.19074,41.49455,0
            2.1909,41.49519,0
            2.1909,41.4952,0
            2.19097,41.49543,0
            2.191,41.4955,0
            2.19104,41.49564,0
            2.19109,41.49578,0
            2.19109,41.49579,0
            2.19115,41.49597,0
            2.19123,41.49617,0
            2.19129,41.49629,0
            2.19138,41.49651,0
            2.19143,41.49661,0
            2.19144,41.49664,0
            2.19153,41.49681,0
            2.19157,41.4969,0
            2.19171,41.49716,0
            2.19209,41.49779,0
            2.19243,41.49828,0
            2.19328,41.49937,0
            2.19372,41.49988,0
            2.19374,41.49989,0
            2.19407,41.50025,0
            2.19472,41.5009,0
            2.19475,41.50092,0
            2.1956,41.50172,0
            2.19593,41.50201,0
            2.19606,41.50214,0
            2.19609,41.50216,0
            2.19615,41.50221,0
            2.19618,41.50224,0
            2.19622,41.50227,0
            2.19637,41.50241,0
            2.1981,41.50391,0
            2.19818,41.50399,0
            2.19907,41.50473,0
            2.19955,41.50515,0
            2.19955,41.50516,0
            2.20031,41.5058,0
            2.20103,41.50644,0
            2.20194,41.5073,0
            2.202,41.50737,0
            2.20313,41.50855,0
            2.20322,41.50866,0
            2.20327,41.50871,0
            2.20347,41.50895,0
            2.2036,41.50909,0
            2.20418,41.50979,0
            2.20529,41.51122,0
            2.20605,41.51229,0
            2.20611,41.51236,0
            2.20662,41.5131,0
            2.20663,41.51313,0
            2.20779,41.5149,0
            2.20785,41.51498,0
            2.20805,41.51528,0
            2.20806,41.51529,0
            2.20808,41.51533,0
            2.20843,41.51584,0
            2.2086,41.51612,0
            2.20865,41.51619,0
            2.20866,41.51621,0
            2.20879,41.5164,0
            2.20881,41.51644,0
            2.20892,41.5166,0
            2.20899,41.51672,0
            2.21011,41.5184,0
            2.21015,41.51845,0
            2.2102,41.51854,0
            2.21348,41.52343,0
            2.21524,41.52581,0
            2.21584,41.52659,0
            2.21586,41.52661,0
            2.21758,41.52878,0
            2.21928,41.53077,0
            2.22023,41.53183,0
            2.22359,41.53539,0
            2.22442,41.53645,0
            2.2248,41.53699,0
            2.22559,41.53823,0
            2.22576,41.53853,0
            2.22649,41.53972,0
            2.22681,41.54018,0
            2.22709,41.54055,0
            2.22729,41.54077,0
            2.22731,41.5408,0
            2.22755,41.54106,0
            2.22805,41.54154,0
            2.22847,41.5419,0
            2.22872,41.5421,0
            2.22958,41.5427,0
            2.23148,41.54382,0
            2.23249,41.54451,0
            2.23294,41.54488,0
            2.23346,41.54535,0
            2.23374,41.54563,0
            2.23418,41.54616,0
            2.23445,41.54654,0
            2.23445,41.54655,0
            2.23459,41.54675,0
            2.2347,41.54694,0
            2.23472,41.54696,0
            2.23478,41.54706,0
            2.23479,41.5471,0
            2.23484,41.54717,0
            2.23497,41.54741,0
            2.23498,41.54744,0
            2.23501,41.54749,0
            2.23502,41.54752,0
            2.23518,41.54786,0
            2.23542,41.54849,0
            2.23592,41.55004,0
            2.23592,41.55005,0
            2.23621,41.55085,0
            2.2363,41.55103,0
            2.23639,41.55125,0
            2.23656,41.55157,0
            2.2367,41.55181,0
            2.23696,41.55222,0
            2.23708,41.55239,0
            2.23709,41.55241,0
            2.23728,41.55268,0
            2.23731,41.55271,0
            2.23769,41.55317,0
            2.23796,41.55346,0
            2.23799,41.5535,0
            2.23803,41.55353,0
            2.23825,41.55375,0
            2.23918,41.55458,0
            2.23964,41.55494,0
            2.2403,41.55542,0
            2.24049,41.55554,0
            2.2406,41.55562,0
            2.2409,41.55581,0
            2.24208,41.5565,0
            2.24291,41.5569,0
            2.24351,41.55717,0
            2.24356,41.5572,0
            2.24367,41.55724,0
            2.24378,41.55729,0
            2.24433,41.5575,0
            2.24521,41.55781,0
            2.24571,41.55795,0
            2.24589,41.55801,0
            2.24612,41.55807,0
            2.24613,41.55807,0
            2.24671,41.55822,0
            2.2473,41.55835,0
            2.24731,41.55835,0
            2.2482,41.55849,0
            2.24937,41.55861,0
            2.24948,41.55861,0
            2.24972,41.55863,0
            2.25087,41.55867,0
            2.25537,41.55867,0
            2.25618,41.55869,0
            2.25619,41.5587,0
            2.25666,41.55871,0
            2.25679,41.55872,0
            2.2569,41.55872,0
            2.25721,41.55874,0
            2.25728,41.55874,0
            2.2588,41.55884,0
            2.26046,41.55902,0
            2.26061,41.55903,0
            2.26083,41.55906,0
            2.26087,41.55907,0
            2.26128,41.55912,0
            2.26406,41.55956,0
            2.26485,41.55972,0
            2.26492,41.55974,0
            2.26521,41.5598,0
            2.26522,41.55981,0
            2.26537,41.55984,0
            2.26543,41.55986,0
            2.26562,41.5599,0
            2.26604,41.56001,0
            2.26679,41.56023,0
            2.2668,41.56024,0
            2.26685,41.56025,0
            2.26695,41.56029,0
            2.26729,41.5604,0
            2.26829,41.5608,0
            2.2683,41.56081,0
            2.26863,41.56096,0
            2.26928,41.56128,0
            2.26994,41.56166,0
            2.2702,41.56183,0
            2.27024,41.56185,0
            2.27077,41.5622,0
            2.27193,41.56307,0
            2.27195,41.56309,0
            2.27209,41.56319,0
            2.27214,41.56322,0
            2.27342,41.5642,0
            2.27347,41.56423,0
            2.27421,41.56476,0
            2.27424,41.56479,0
            2.27433,41.56485,0
            2.27434,41.56486,0
            2.27513,41.56529,0
            2.27618,41.56581,0
            2.27885,41.56686,0
            2.27893,41.5669,0
            2.27935,41.56708,0
            2.27936,41.56708,0
            2.27937,41.56709,0
            2.2802,41.56749,0
            2.28089,41.5679,0
            2.2813,41.56817,0
            2.28188,41.56861,0
            2.28222,41.5689,0
            2.28261,41.56929,0
            2.28289,41.56959,0
            2.28313,41.56987,0
            2.28333,41.57013,0
            2.28335,41.57017,0
            2.28348,41.57034,0
            2.28355,41.57045,0
            2.28356,41.57046,0
            2.28374,41.57075,0
            2.28397,41.57116,0
            2.28398,41.57117,0
            2.28415,41.57153,0
            2.28417,41.57156,0
            2.28438,41.57212,0
            2.28446,41.57236,0
            2.28448,41.5724,0
            2.28462,41.573,0
            2.28476,41.57386,0
            2.28479,41.57414,0
            2.2848,41.57417,0
            2.28483,41.57437,0
            2.28488,41.57484,0
            2.28489,41.57504,0
            2.2849,41.57506,0
            2.28492,41.57525,0
            2.28495,41.5754,0
            2.28502,41.57589,0
            2.28506,41.57606,0
            2.28506,41.57609,0
            2.28507,41.57611,0
            2.2851,41.57627,0
            2.28518,41.57658,0
            2.28519,41.57664,0
            2.28524,41.57682,0
            2.28536,41.57715,0
            2.28536,41.57717,0
            2.28553,41.57755,0
            2.28567,41.57783,0
            2.28575,41.57796,0
            2.28575,41.57797,0
            2.2858,41.57804,0
            2.28584,41.57811,0
            2.28585,41.57812,0
            2.28597,41.57833,0
            2.28597,41.57834,0
            2.28631,41.57881,0
            2.28654,41.57909,0
            2.28694,41.57951,0
            2.28722,41.57977,0
            2.28768,41.58015,0
            2.28783,41.58026,0
            2.28799,41.58039,0
            2.28823,41.58054,0
            2.28828,41.58058,0
            2.28892,41.58096,0
            2.28911,41.58106,0
            2.28918,41.58109,0
            2.28927,41.58114,0
            2.28979,41.58138,0
            2.29014,41.58152,0
            2.29065,41.5817,0
            2.29128,41.5819,0
            2.29202,41.58208,0
            2.29363,41.58242,0
            2.29477,41.58269,0
            2.29518,41.5828,0
            2.29611,41.5831,0
            2.297,41.58343,0
            2.29811,41.58393,0
            2.29828,41.58403,0
            2.29913,41.58448,0
            2.29958,41.58474,0
            2.30028,41.58519,0
            2.3003,41.5852,0
            2.30047,41.58532,0
            2.30048,41.58532,0
            2.30198,41.58637,0
            2.3036,41.58761,0
            2.30362,41.58762,0
            2.3043,41.58816,0
            2.3046,41.58838,0
            2.30464,41.58842,0
            2.30466,41.58843,0
            2.30481,41.58855,0
            2.30483,41.58856,0
            2.30484,41.58858,0
            2.30512,41.58879,0
            2.30514,41.5888,0
            2.30515,41.58881,0
            2.30531,41.58893,0
            2.30549,41.58908,0
            2.30582,41.58933,0
            2.30583,41.58934,0
            2.30585,41.58935,0
            2.30622,41.58964,0
            2.30791,41.59089,0
            2.30904,41.59164,0
            2.30957,41.59195,0
            2.30976,41.59209,0
            2.31011,41.5923,0
            2.31016,41.59232,0
            2.31049,41.59252,0
            2.31288,41.59384,0
            2.31295,41.59387,0
            2.31302,41.59391,0
            2.31307,41.59393,0
            2.31312,41.59396,0
            2.3143,41.59453,0
            2.31431,41.59453,0
            2.31519,41.59496,0
            2.3152,41.59497,0
            2.31539,41.59506,0
            2.31799,41.59609,0
            2.31803,41.5961,0
            2.31855,41.59629,0
            2.31856,41.59629,0
            2.31869,41.59633,0
            2.3189,41.59641,0
            2.31912,41.59648,0
            2.31953,41.59663,0
            2.32107,41.59713,0
            2.32119,41.59716,0
            2.32253,41.59758,0
            2.32768,41.59911,0
            2.32784,41.59915,0
            2.3299,41.59982,0
            2.33124,41.60028,0
            2.33275,41.60087,0
            2.33277,41.60087,0
            2.33358,41.6012,0
            2.33565,41.60213,0
            2.336,41.60231,0
            2.33622,41.60241,0
            2.3378,41.60322,0
            2.33888,41.60383,0
            2.33971,41.60434,0
            2.34001,41.60454,0
            2.34004,41.60455,0
            2.34082,41.60508,0
            2.34232,41.60621,0
            2.34237,41.60626,0
            2.34269,41.60652,0
            2.34288,41.60669,0
            2.34301,41.60679,0
            2.34344,41.60717,0
            2.34377,41.60749,0
            2.34384,41.60754,0
            2.34392,41.60763,0
            2.3445,41.6082,0
            2.3451,41.60884,0
            2.34513,41.60886,0
            2.34516,41.60891,0
            2.34549,41.60927,0
            2.34621,41.61011,0
            2.34622,41.61013,0
            2.34685,41.61092,0
            2.34757,41.61188,0
            2.34773,41.61211,0
            2.34784,41.61224,0
            2.34851,41.61314,0
            2.34868,41.61333,0
            2.34907,41.6138,0
            2.34923,41.61396,0
            2.34963,41.6144,0
            2.35011,41.61486,0
            2.35025,41.61498,0
            2.35026,41.615,0
            2.35093,41.61555,0
            2.35095,41.61557,0
            2.35164,41.61609,0
            2.35234,41.61657,0
            2.35285,41.61689,0
            2.35332,41.61716,0
            2.35535,41.6182,0
            2.3554,41.61823,0
            2.3561,41.61859,0
            2.35675,41.61897,0
            2.35761,41.61956,0
            2.35795,41.61983,0
            2.35811,41.61997,0
            2.35824,41.62007,0
            2.35972,41.62142,0
            2.36027,41.62188,0
            2.36067,41.62218,0
            2.36112,41.62249,0
            2.36187,41.62293,0
            2.36221,41.62311,0
            2.36292,41.62344,0
            2.36327,41.62359,0
            2.36398,41.62385,0
            2.36406,41.62387,0
            2.36446,41.624,0
            2.36543,41.62426,0
            2.36633,41.62444,0
            2.36655,41.62447,0
            2.36657,41.62447,0
            2.36677,41.6245,0
            2.3668,41.6245,0
            2.36702,41.62454,0
            2.36823,41.62467,0
            2.36831,41.62467,0
            2.36847,41.62469,0
            2.36853,41.62469,0
            2.37093,41.62492,0
            2.37342,41.62528,0
            2.3746,41.62552,0
            2.37547,41.62574,0
            2.3757,41.62581,0
            2.37572,41.62581,0
            2.37673,41.62613,0
            2.37675,41.62613,0
            2.37763,41.62646,0
            2.37768,41.62647,0
            2.37812,41.62663,0
            2.37844,41.62677,0
            2.37849,41.6268,0
            2.37881,41.62694,0
            2.3798,41.62743,0
            2.38002,41.62755,0
            2.38085,41.62804,0
            2.38114,41.62824,0
            2.3835,41.6297,0
            2.38432,41.63017,0
            2.38468,41.63036,0
            2.38514,41.63058,0
            2.38564,41.6308,0
            2.38638,41.63109,0
            2.3871,41.63132,0
            2.38749,41.63143,0
            2.3879,41.63153,0
            2.38889,41.63173,0
            2.39013,41.63188,0
            2.39098,41.63195,0
            2.3927,41.63204,0
            2.39294,41.63204,0
            2.3945,41.63213,0
            2.39546,41.63221,0
            2.3955,41.63222,0
            2.39611,41.63229,0
            2.3973,41.63251,0
            2.39847,41.63282,0
            2.3991,41.63302,0
            2.39979,41.63328,0
            2.39981,41.63328,0
            2.39984,41.6333,0
            2.40049,41.63358,0
            2.40109,41.63387,0
            2.40139,41.63403,0
            2.40236,41.63461,0
            2.40271,41.63485,0
            2.40275,41.63487,0
            2.40413,41.63576,0
            2.40462,41.63606,0
            2.40563,41.63662,0
            2.40631,41.63696,0
            2.407,41.63727,0
            2.40832,41.63779,0
            2.40856,41.63787,0
            2.4093,41.63816,0
            2.40945,41.63821,0
            2.41059,41.63867,0
            2.41145,41.63907,0
            2.41183,41.63926,0
            2.41255,41.63965,0
            2.41312,41.63999,0
            2.4141,41.64066,0
            2.41474,41.64114,0
            2.41749,41.64342,0
            2.418,41.6438,0
            2.41803,41.64383,0
            2.41832,41.64404,0
            2.41911,41.64457,0
            2.42032,41.64529,0
            2.4211,41.64569,0
            2.42169,41.64596,0
            2.42256,41.64631,0
            2.42294,41.64648,0
            2.42408,41.64687,0
            2.42528,41.6472,0
            2.42644,41.64747,0
            2.42792,41.64775,0
            2.42836,41.64782,0
            2.42932,41.648,0
            2.43136,41.64833,0
            2.43154,41.64835,0
            2.43161,41.64837,0
            2.43319,41.64862,0
            2.4355,41.64906,0
            2.43566,41.6491,0
            2.43568,41.6491,0
            2.43691,41.64941,0
            2.43865,41.6499,0
            2.44008,41.65035,0
            2.4412,41.65074,0
            2.44235,41.6512,0
            2.44323,41.65159,0
            2.4442,41.65207,0
            2.44503,41.65253,0
            2.44528,41.65268,0
            2.44632,41.65339,0
            2.44682,41.65377,0
            2.44775,41.65453,0
            2.4496,41.65616,0
            2.45055,41.65692,0
            2.45073,41.65705,0
            2.45182,41.65777,0
            2.45266,41.65825,0
            2.45267,41.65825,0
            2.45297,41.65842,0
            2.45327,41.65857,0
            2.45399,41.6589,0
            2.45407,41.65893,0
            2.45413,41.65896,0
            2.45498,41.65932,0
            2.45623,41.65974,0
            2.45631,41.65976,0
            2.45637,41.65979,0
            2.45738,41.66007,0
            2.46072,41.66086,0
            2.46157,41.66111,0
            2.46215,41.66131,0
            2.46279,41.66157,0
            2.46329,41.66179,0
            2.46386,41.66207,0
            2.46454,41.66245,0
            2.46515,41.66283,0
            2.46573,41.66325,0
            2.46592,41.6634,0
            2.46601,41.66348,0
            2.46625,41.66366,0
            2.46865,41.66569,0
            2.46874,41.66575,0
            2.4697,41.66653,0
            2.47072,41.66729,0
            2.47213,41.66824,0
            2.47317,41.66889,0
            2.4736,41.66914,0
            2.47503,41.6699,0
            2.47558,41.67021,0
            2.47951,41.67202,0
            2.47958,41.67206,0
            2.48201,41.67319,0
            2.48304,41.67372,0
            2.48374,41.67411,0
            2.48377,41.67412,0
            2.4846,41.67462,0
            2.48493,41.67484,0
            2.48494,41.67485,0
            2.48514,41.67498,0
            2.48574,41.67541,0
            2.4866,41.6761,0
            2.48718,41.67663,0
            2.48773,41.67719,0
            2.48849,41.67806,0
            2.48962,41.67946,0
            2.48992,41.67981,0
            2.48997,41.67986,0
            2.49001,41.67991,0
            2.49047,41.68038,0
            2.49089,41.68077,0
            2.4915,41.68127,0
            2.49235,41.68185,0
            2.49268,41.68205,0
            2.49359,41.68255,0
            2.49464,41.68307,0
            2.49698,41.68416,0
            2.49781,41.6846,0
            2.49849,41.68499,0
            2.49912,41.68538,0
            2.50005,41.68604,0
            2.50071,41.68657,0
            2.50171,41.68745,0
            2.5025,41.6882,0
            2.50301,41.68865,0
            2.50304,41.68867,0
            2.50333,41.68892,0
            2.50398,41.68942,0
            2.50472,41.68992,0
            2.50557,41.69041,0
            2.50616,41.69072,0
            2.50854,41.69187,0
            2.50969,41.6925,0
            2.51022,41.69285,0
            2.51106,41.69347,0
            2.51149,41.69385,0
            2.51208,41.69444,0
            2.51276,41.69525,0
            2.51359,41.69635,0
            2.5137,41.69651,0
            2.51461,41.6977,0
            2.51463,41.69772,0
            2.51498,41.69816,0
            2.51529,41.69852,0
            2.51531,41.69855,0
            2.5155,41.69877,0
            2.51612,41.69944,0
            2.51687,41.70018,0
            2.5181,41.70123,0
            2.519,41.70191,0
            2.51934,41.70215,0
            2.52067,41.703,0
            2.52145,41.70345,0
            2.52208,41.70378,0
            2.52263,41.70405,0
            2.52284,41.70414,0
            2.52304,41.70424,0
            2.52434,41.7048,0
            2.52435,41.7048,0
            2.52444,41.70484,0
            2.52601,41.70544,0
            2.52605,41.70546,0
            2.52611,41.70548,0
            2.52622,41.70553,0
            2.52627,41.70554,0
            2.52648,41.70563,0
            2.52707,41.70585,0
            2.52708,41.70586,0
            2.52765,41.70608,0
            2.52813,41.70629,0
            2.52814,41.70629,0
            2.52876,41.70656,0
            2.52877,41.70657,0
            2.52911,41.70672,0
            2.53017,41.70725,0
            2.53036,41.70736,0
            2.53068,41.70752,0
            2.53075,41.70757,0
            2.5312,41.70782,0
            2.53406,41.70959,0
            2.53417,41.70967,0
            2.53477,41.71003,0
            2.53546,41.71041,0
            2.53615,41.71076,0
            2.53627,41.71083,0
            2.53655,41.71096,0
            2.5367,41.71104,0
            2.53746,41.71136,0
            2.53752,41.71139,0
            2.5385,41.71176,0
            2.53945,41.71207,0
            2.54037,41.71232,0
            2.54089,41.71244,0
            2.54092,41.71245,0
            2.54226,41.71271,0
            2.54344,41.71288,0
            2.54541,41.71309,0
            2.54638,41.71317,0
            2.55123,41.71367,0
            2.55309,41.71393,0
            2.55374,41.71404,0
            2.55397,41.71407,0
            2.5554,41.71433,0
            2.55631,41.71453,0
            2.55643,41.71455,0
            2.55746,41.71479,0
            2.55941,41.71532,0
            2.55949,41.71535,0
            2.56019,41.71556,0
            2.5618,41.7161,0
            2.56288,41.71651,0
            2.56299,41.71656,0
            2.56359,41.71679,0
            2.56363,41.71681,0
            2.56384,41.71689,0
            2.56613,41.71789,0
            2.57308,41.72123,0
            2.57414,41.72171,0
            2.57591,41.72246,0
            2.57774,41.72316,0
            2.57835,41.72337,0
            2.57978,41.72382,0
            2.57983,41.72384,0
            2.58153,41.72431,0
            2.58335,41.72474,0
            2.58533,41.72511,0
            2.58653,41.72529,0
            2.58673,41.72533,0
            2.58886,41.72556,0
            2.59,41.72565,0
            2.59171,41.72574,0
            2.59266,41.72576,0
            2.59708,41.72577,0
            2.59787,41.72579,0
            2.59867,41.72583,0
            2.59963,41.72591,0
            2.60061,41.72602,0
            2.60137,41.72614,0
            2.60139,41.72614,0
            2.60217,41.72628,0
            2.60333,41.72653,0
            2.60415,41.72673,0
            2.60421,41.72675,0
            2.60422,41.72675,0
            2.60764,41.72767,0
            2.60787,41.72772,0
            2.60823,41.72782,0
            2.60826,41.72782,0
            2.60947,41.72811,0
            2.60953,41.72813,0
            2.61039,41.72831,0
            2.61041,41.72832,0
            2.61054,41.72834,0
            2.6106,41.72836,0
            2.61062,41.72836,0
            2.61178,41.72857,0
            2.61181,41.72857,0
            2.61194,41.7286,0
            2.61218,41.72864,0
            2.6122,41.72864,0
            2.61375,41.72887,0
            2.61537,41.72905,0
            2.61669,41.72916,0
            2.61888,41.72925,0
            2.62031,41.72925,0
            2.62049,41.72926,0
            2.62438,41.72917,0
            2.62515,41.72917,0
            2.6254,41.72916,0
            2.62674,41.72918,0
            2.62809,41.72926,0
            2.6281,41.72927,0
            2.62834,41.72929,0
            2.62932,41.72942,0
            2.62992,41.72952,0
            2.63066,41.72967,0
            2.63068,41.72967,0
            2.63118,41.72979,0
            2.63196,41.73001,0
            2.63293,41.73033,0
            2.63389,41.7307,0
            2.63392,41.73072,0
            2.63409,41.73079,0
            2.63413,41.7308,0
            2.63457,41.73099,0
            2.63535,41.73138,0
            2.63604,41.73178,0
            2.63646,41.73205,0
            2.63661,41.73216,0
            2.63678,41.73227,0
            2.63682,41.73231,0
            2.63684,41.73232,0
            2.63699,41.73242,0
            2.63766,41.73297,0
            2.63808,41.73336,0
            2.63843,41.73372,0
            2.63907,41.73445,0
            2.63977,41.7354,0
            2.63982,41.73546,0
            2.64033,41.73623,0
            2.64061,41.7367,0
            2.64062,41.73671,0
            2.64075,41.73693,0
            2.64081,41.73702,0
            2.64092,41.73722,0
            2.64112,41.73754,0
            2.64172,41.73842,0
            2.64237,41.73918,0
            2.64298,41.73974,0
            2.64354,41.74018,0
            2.64399,41.74049,0
            2.64444,41.74075,0
            2.64499,41.74103,0
            2.64558,41.74128,0
            2.64602,41.74145,0
            2.64627,41.74153,0
            2.64634,41.74156,0
            2.64692,41.74173,0
            2.64751,41.74187,0
            2.64796,41.74196,0
            2.64885,41.74208,0
            2.64949,41.74211,0
            2.64951,41.74212,0
            2.65037,41.74213,0
            2.65066,41.74212,0
            2.65181,41.74203,0
            2.65231,41.74195,0
            2.65237,41.74195,0
            2.65284,41.74188,0
            2.65409,41.74164,0
            2.65599,41.74122,0
            2.65622,41.74116,0
            2.65867,41.74065,0
            2.66016,41.7404,0
            2.6617,41.7402,0
            2.66293,41.74011,0
            2.66434,41.74008,0
            2.66574,41.74014,0
            2.66738,41.74033,0
            2.66831,41.74049,0
            2.66985,41.74085,0
            2.6701,41.74093,0
            2.67061,41.74107,0
            2.67155,41.74136,0
            2.67291,41.74183,0
            2.67302,41.74186,0
            2.67653,41.74306,0
            2.67674,41.74314,0
            2.68084,41.74455,0
            2.68229,41.74501,0
            2.68356,41.74535,0
            2.68439,41.74554,0
            2.68494,41.74565,0
            2.68664,41.74594,0
            2.68981,41.7463,0
            2.69238,41.74651,0
            2.6926,41.74654,0
            2.69264,41.74654,0
            2.69345,41.74663,0
            2.69504,41.74689,0
            2.69581,41.74706,0
            2.6966,41.74728,0
            2.69685,41.74737,0
            2.69702,41.74742,0
            2.69761,41.74764,0
            2.69798,41.7478,0
            2.69799,41.7478,0
            2.69856,41.74805,0
            2.69859,41.74807,0
            2.69928,41.74843,0
            2.70015,41.74892,0
            2.70035,41.74902,0
            2.70043,41.74907,0
            2.70114,41.74943,0
            2.70199,41.7498,0
            2.70263,41.75003,0
            2.70424,41.75053,0
            2.70536,41.75092,0
            2.70572,41.75108,0
            2.70588,41.75114,0
            2.70593,41.75117,0
            2.70614,41.75126,0
            2.70621,41.7513,0
            2.70654,41.75146,0
            2.70657,41.75147,0
            2.7072,41.75182,0
            2.70753,41.75202,0
            2.70795,41.7523,0
            2.70852,41.75272,0
            2.70905,41.75317,0
            2.7093,41.7534,0
            2.70989,41.754,0
            2.71056,41.75474,0
            2.71057,41.75474,0
            2.71083,41.75504,0
            2.71169,41.75597,0
            2.71219,41.75644,0
            2.71225,41.75649,0
            2.71244,41.75667,0
            2.71325,41.75733,0
            2.71355,41.75755,0
            2.71362,41.75761,0
            2.71393,41.75783,0
            2.71469,41.75832,0
            2.71532,41.75869,0
            2.71596,41.75904,0
            2.71602,41.75906,0
            2.71663,41.75937,0
            2.71732,41.75968,0
            2.71835,41.76011,0
            2.7185,41.76016,0
            2.71939,41.7605,0
            2.72129,41.76116,0
            2.72278,41.76164,0
            2.72282,41.76166,0
            2.72481,41.76232,0
            2.72483,41.76233,0
            2.72626,41.76285,0
            2.72732,41.76327,0
            2.728,41.76357,0
            2.72801,41.76358,0
            2.72852,41.7638,0
            2.72903,41.76405,0
            2.72904,41.76405,0
            2.72953,41.76429,0
            2.72984,41.76446,0
            2.72999,41.76453,0
            2.73016,41.76462,0
            2.73018,41.76464,0
            2.73023,41.76466,0
            2.73062,41.76487,0
            2.73066,41.7649,0
            2.73119,41.7652,0
            2.73236,41.76591,0
            2.73262,41.76609,0
            2.73286,41.76624,0
            2.73354,41.76672,0
            2.73356,41.76674,0
            2.73397,41.76704,0
            2.7341,41.76717,0
            2.73467,41.76761,0
            2.73474,41.76768,0
            2.73554,41.76834,0
            2.73628,41.76902,0
            2.73758,41.77035,0
            2.73819,41.77105,0
            2.73824,41.7711,0
            2.73848,41.77139,0
            2.73848,41.7714,0
            2.73861,41.77155,0
            2.73959,41.77293,0
            2.73991,41.77343,0
            2.73999,41.77354,0
            2.74068,41.77464,0
            2.74073,41.7747,0
            2.74112,41.77543,0
            2.74121,41.77564,0
            2.74127,41.77574,0
            2.74188,41.77696,0
            2.74189,41.77699,0
            2.7421,41.77741,0
            2.74221,41.77766,0
            2.74231,41.77786,0
            2.74248,41.77826,0
            2.74252,41.77834,0
            2.74253,41.77838,0
            2.74268,41.77873,0
            2.74278,41.77894,0
            2.74283,41.77909,0
            2.74292,41.77928,0
            2.74325,41.78013,0
            2.74337,41.78041,0
            2.74356,41.78091,0
            2.74409,41.78247,0
            2.74469,41.78449,0
            2.74479,41.78491,0
            2.74485,41.78512,0
            2.74523,41.78668,0
            2.74554,41.78856,0
            2.74573,41.78937,0
            2.74591,41.79077,0
            2.74592,41.79089,0
            2.74597,41.79126,0
            2.74612,41.79268,0
            2.74618,41.7931,0
            2.74618,41.79317,0
            2.7462,41.79323,0
            2.7462,41.79328,0
            2.74621,41.79331,0
            2.74622,41.79346,0
            2.74635,41.79451,0
            2.74635,41.79457,0
            2.74636,41.79468,0
            2.74637,41.79469,0
            2.7465,41.79561,0
            2.74651,41.79572,0
            2.74667,41.79677,0
            2.74689,41.79779,0
            2.7469,41.7979,0
            2.74695,41.79808,0
            2.74713,41.79884,0
            2.74716,41.79892,0
            2.74718,41.79901,0
            2.74723,41.79916,0
            2.74724,41.79922,0
            2.74729,41.79942,0
            2.7477,41.80079,0
            2.74771,41.8008,0
            2.74812,41.80201,0
            2.74852,41.80328,0
            2.74865,41.80376,0
            2.74866,41.80378,0
            2.74875,41.80411,0
            2.74875,41.80413,0
            2.74879,41.80429,0
            2.74882,41.80447,0
            2.74887,41.80466,0
            2.74889,41.8048,0
            2.74891,41.80488,0
            2.74892,41.80497,0
            2.74896,41.80514,0
            2.74897,41.80524,0
            2.74899,41.80536,0
            2.74908,41.8064,0
            2.74908,41.80739,0
            2.74903,41.80811,0
            2.74902,41.80815,0
            2.74895,41.80864,0
            2.74881,41.80943,0
            2.74879,41.8095,0
            2.74877,41.80963,0
            2.74863,41.81019,0
            2.74841,41.81093,0
            2.74821,41.81153,0
            2.74819,41.81157,0
            2.74786,41.81244,0
            2.74773,41.81274,0
            2.74757,41.81318,0
            2.74745,41.81347,0
            2.74741,41.81353,0
            2.74738,41.8136,0
            2.74731,41.8138,0
            2.74703,41.8145,0
            2.74681,41.8151,0
            2.74663,41.81566,0
            2.74661,41.8157,0
            2.74643,41.81632,0
            2.74622,41.81721,0
            2.74615,41.81761,0
            2.74601,41.81864,0
            2.74597,41.81941,0
            2.74596,41.8203,0
            2.74598,41.82045,0
            2.74598,41.82054,0
            2.74599,41.82063,0
            2.74599,41.82081,0
            2.74605,41.82149,0
            2.74623,41.82259,0
            2.74639,41.82328,0
            2.74666,41.82418,0
            2.74677,41.82449,0
            2.74678,41.82453,0
            2.74686,41.82475,0
            2.74724,41.82565,0
            2.74751,41.82622,0
            2.74868,41.82851,0
            2.74888,41.82894,0
            2.74889,41.82895,0
            2.74913,41.82953,0
            2.74941,41.83031,0
            2.74941,41.83032,0
            2.74959,41.83099,0
            2.7497,41.83163,0
            2.74975,41.83206,0
            2.74979,41.8327,0
            2.74976,41.83365,0
            2.74971,41.83407,0
            2.74966,41.83439,0
            2.74948,41.83532,0
            2.74944,41.83547,0
            2.74942,41.83557,0
            2.74937,41.83574,0
            2.74896,41.83737,0
            2.74859,41.83904,0
            2.74857,41.8391,0
            2.74854,41.83929,0
            2.7485,41.83945,0
            2.74837,41.84036,0
            2.74837,41.84041,0
            2.74831,41.84089,0
            2.74823,41.84172,0
            2.74818,41.84287,0
            2.74821,41.84407,0
            2.74823,41.84425,0
            2.74825,41.8447,0
            2.74832,41.84532,0
            2.74833,41.84533,0
            2.74835,41.8455,0
            2.74835,41.84556,0
            2.74839,41.84586,0
            2.7486,41.84712,0
            2.74893,41.84848,0
            2.7491,41.84905,0
            2.74946,41.85014,0
            2.74986,41.85113,0
            2.75055,41.85263,0
            2.75257,41.85633,0
            2.75267,41.85649,0
            2.75292,41.85694,0
            2.75331,41.85774,0
            2.75354,41.8583,0
            2.75356,41.85833,0
            2.7536,41.85841,0
            2.75382,41.85896,0
            2.75427,41.86024,0
            2.7543,41.86031,0
            2.75511,41.86301,0
            2.75512,41.86307,0
            2.7556,41.86469,0
            2.75589,41.86551,0
            2.75629,41.86652,0
            2.75652,41.86701,0
            2.75654,41.86707,0
            2.75712,41.86814,0
            2.75735,41.8685,0
            2.75744,41.86866,0
            2.75745,41.86867,0
            2.75767,41.86902,0
            2.75822,41.86979,0
            2.75881,41.87052,0
            2.75934,41.87113,0
            2.75983,41.87166,0
            2.76031,41.87213,0
            2.76049,41.87233,0
            2.76121,41.87299,0
            2.76134,41.87312,0
            2.7632,41.87475,0
            2.76327,41.87482,0
            2.76352,41.87502,0
            2.7652,41.87646,0
            2.76528,41.87652,0
            2.76604,41.87717,0
            2.76731,41.87833,0
            2.76771,41.87872,0
            2.7687,41.87974,0
            2.76983,41.88106,0
            2.77063,41.88211,0
            2.77065,41.88213,0
            2.77167,41.88362,0
            2.7723,41.88468,0
            2.77289,41.88577,0
            2.77298,41.88601,0
            2.77304,41.88612,0
            2.77333,41.88675,0
            2.77356,41.8873,0
            2.77415,41.88887,0
            2.77458,41.89031,0
            2.7748,41.8913,0
            2.7748,41.89132,0
            2.77482,41.89141,0
            2.77485,41.89151,0
            2.77487,41.89161,0
            2.77487,41.89168,0
            2.77492,41.89187,0
            2.77497,41.89227,0
            2.77503,41.89296,0
            2.77509,41.89342,0
            2.77519,41.89482,0
            2.77519,41.89493,0
            2.77518,41.89504,0
            2.77518,41.89547,0
            2.77517,41.89563,0
            2.77516,41.89615,0
            2.77511,41.89693,0
            2.77504,41.89767,0
            2.77492,41.89847,0
            2.77466,41.89981,0
            2.77443,41.90072,0
            2.77436,41.90094,0
            2.77428,41.90125,0
            2.77328,41.90439,0
            2.77312,41.905,0
            2.773,41.90557,0
            2.77294,41.906,0
            2.77292,41.9061,0
            2.77289,41.90634,0
            2.77285,41.90691,0
            2.77285,41.90783,0
            2.77287,41.908,0
            2.77287,41.9081,0
            2.77289,41.90836,0
            2.77302,41.9093,0
            2.77303,41.90933,0
            2.77308,41.90968,0
            2.7736,41.91213,0
            2.77361,41.9122,0
            2.77364,41.91231,0
            2.77364,41.91235,0
            2.77374,41.91279,0
            2.77376,41.91291,0
            2.7742,41.91498,0
            2.77422,41.91504,0
            2.77453,41.91653,0
            2.77476,41.9175,0
            2.77495,41.91815,0
            2.77505,41.91844,0
            2.77511,41.91859,0
            2.77515,41.91871,0
            2.77559,41.9197,0
            2.77586,41.9202,0
            2.77615,41.92068,0
            2.77641,41.92108,0
            2.77665,41.92142,0
            2.77718,41.9221,0
            2.77721,41.92213,0
            2.77745,41.92241,0
            2.77761,41.92258,0
            2.77764,41.92262,0
            2.77786,41.92285,0
            2.77788,41.92288,0
            2.77801,41.92301,0
            2.77803,41.92302,0
            2.77875,41.92373,0
            2.78104,41.92582,0
            2.78122,41.926,0
            2.78122,41.92601,0
            2.78135,41.92612,0
            2.78158,41.92637,0
            2.78199,41.92676,0
            2.78311,41.92798,0
            2.78388,41.92891,0
            2.78476,41.93007,0
            2.78504,41.93047,0
            2.78508,41.93052,0
            2.78547,41.93111,0
            2.78608,41.93215,0
            2.78622,41.93241,0
            2.78694,41.93385,0
            2.78735,41.93476,0
            2.78781,41.93601,0
            2.78799,41.93656,0
            2.78827,41.93754,0
            2.78844,41.9382,0
            2.78872,41.93969,0
            2.78883,41.94055,0
            2.7889,41.94126,0
            2.78895,41.94215,0
            2.78895,41.94289,0
            2.78896,41.94299,0
            2.78894,41.94395,0
            2.78882,41.94555,0
            2.78873,41.94639,0
            2.78841,41.94822,0
            2.78817,41.94928,0
            2.78782,41.95059,0
            2.78748,41.95164,0
            2.7872,41.95243,0
            2.78691,41.95317,0
            2.7862,41.95479,0
            2.7856,41.95598,0
            2.78523,41.95667,0
            2.78529,41.95678,0
            2.78506,41.9572,0
            2.78504,41.95725,0
            2.785,41.95733,0
            2.78494,41.95743,0
            2.78494,41.95744,0
            2.7847,41.95795,0
            2.78462,41.95819,0
            2.78461,41.95821,0
            2.78457,41.95833,0
            2.78449,41.95863,0
            2.78446,41.95891,0
            2.78448,41.959,0
            2.78449,41.95907,0
            2.7845,41.95911,0
            2.78455,41.95924,0
            2.78466,41.95945,0
            2.78474,41.95954,0
            2.78483,41.95966,0
            2.78492,41.95975,0
            2.78515,41.95994,0
            2.78525,41.96001,0
            2.78525,41.96002,0
            2.78571,41.9603,0
            2.78652,41.96067,0
            2.78676,41.96077,0
            2.78885,41.96155,0
            2.79003,41.96195,0
            2.79014,41.96194,0
            2.79018,41.96194,0
            2.79028,41.96192,0
            2.79033,41.9619,0
            2.79043,41.96187,0
            2.79062,41.96187,0
            2.79065,41.96188,0
            2.79071,41.96189,0
            2.79075,41.96191,0
            2.79079,41.96194,0
            2.7908,41.96194,0
            2.79089,41.96203,0
            2.79098,41.96221,0
            2.791,41.96224,0
            2.79103,41.96226,0
            2.79106,41.96229,0
            2.79117,41.96236,0
            2.79208,41.96265,0
            2.79251,41.96277,0
            2.79337,41.96298,0
            2.79375,41.96305,0
            2.79392,41.96309,0
            2.79427,41.96314,0
            2.79436,41.96316,0
            2.79476,41.96321,0
            2.79574,41.96327,0
            2.79609,41.96327,0
            2.79614,41.96326,0
            2.79628,41.96326,0
            2.79685,41.96322,0
            2.79755,41.96311,0
            2.79784,41.96305,0
            2.79807,41.96299,0
            2.79874,41.96277,0
            2.79919,41.96257,0
            2.79964,41.96234,0
            2.80012,41.96202,0
            2.80049,41.96173,0
            2.80078,41.96147,0
            2.80085,41.96139,0
            2.80176,41.96052,0
            2.80264,41.95977,0
            2.80344,41.9592,0
            2.80444,41.95862,0
            2.80472,41.95847,0
            2.80543,41.95815,0
            2.80585,41.958,0
            2.80594,41.95796,0
            2.80747,41.95743,0
            2.8077,41.95736,0
            2.80781,41.95727,0
            2.80835,41.95708,0
            2.80854,41.957,0
            2.80857,41.95698,0
            2.8091,41.9567,0
            2.80931,41.95657,0
            2.80946,41.95649,0
            2.80968,41.95634,0
            2.80969,41.9563,0
            2.80971,41.95628,0
            2.80973,41.95624,0
            2.80976,41.95622,0
            2.80978,41.9562,0
            2.80981,41.95619,0
            2.80983,41.95617,0
            2.80989,41.95615,0
            2.80992,41.95613,0
            2.80998,41.95611,0
            2.81001,41.95611,0
            2.81004,41.9561,0
            2.81014,41.9561,0
            2.81017,41.95611,0
            2.81022,41.95611,0
            2.81032,41.95614,0
            2.81036,41.95616,0
            2.81039,41.95618,0
            2.81042,41.95619,0
            2.81045,41.95622,0
            2.81048,41.95624,0
            2.81052,41.95628,0
            2.81052,41.95629,0
            2.81056,41.95635,0
            2.81058,41.95641,0
            2.81058,41.95644,0
            2.81059,41.95647,0
            2.81056,41.95656,0
            2.81055,41.95658,0
            2.81054,41.95661,0
            2.81052,41.95664,0
            2.81044,41.95672,0
            2.8104,41.95674,0
            2.81037,41.95675,0
            2.81035,41.95676,0
            2.81032,41.95677,0
            2.81012,41.95704,0
            2.81011,41.95707,0
            2.8101,41.95708,0
            2.81003,41.95723,0
            2.81,41.95728,0
            2.80986,41.9576,0
            2.80979,41.95784,0
            2.80977,41.95794,0
            2.80977,41.95799,0
            2.80975,41.95814,0
            2.80975,41.95827,0
            2.80976,41.95841,0
            2.80978,41.95856,0
            2.8099,41.95896,0
            2.81028,41.95992,0
            2.8103,41.95996,0
            2.81032,41.95999,0
            2.81034,41.96004,0
            2.81035,41.96008,0
            2.8104,41.96014,0
            2.81049,41.96028,0
            2.81057,41.96036,0
            2.81068,41.96044,0
            2.81077,41.96054,0
            2.81082,41.96057,0
            2.81088,41.96063,0
            2.81097,41.96075,0
            2.81102,41.96084,0
            2.81102,41.96085,0
            2.81104,41.96088,0
            2.81108,41.96101,0
            2.81108,41.96112,0
            2.81107,41.96118,0
            2.81103,41.96126,0
            2.81097,41.96132,0
            2.81099,41.9614,0
            2.811,41.96142,0
            2.81099,41.96153,0
            2.81101,41.9617,0
            2.81111,41.96194,0
            2.81117,41.96211,0
            2.81138,41.96263,0
            2.81151,41.96291,0
            2.81182,41.96374,0
            2.81183,41.96375,0
            2.81183,41.96377,0
            2.81187,41.96384,0
            2.81247,41.96534,0
            2.8125,41.9654,0
            2.81274,41.96599,0
            2.81279,41.96614,0
            2.81285,41.96627,0
            2.81392,41.9689,0
            2.81404,41.96922,0
            2.81419,41.96958,0
            2.8142,41.96965,0
            2.81425,41.96983,0
            2.81432,41.97002,0
            2.81437,41.97013,0
            2.81444,41.97025,0
            2.81446,41.9703,0
            2.81452,41.9704,0
            2.81465,41.97072,0
            2.81465,41.97073,0
            2.81479,41.97107,0
            2.81491,41.97142,0
            2.81493,41.97146,0
            2.81511,41.97195,0
            2.81531,41.97236,0
            2.81551,41.97288,0
            2.81556,41.97299,0
            2.81562,41.97315,0
            2.81591,41.97382,0
            2.81625,41.97468,0
            2.81637,41.97495,0
            2.81646,41.9752,0
            2.81649,41.97525,0
            2.81656,41.97542,0
            2.81661,41.97558,0
            2.81708,41.97671,0
            2.81713,41.97686,0
            2.8174,41.97751,0
            2.81762,41.97809,0
            2.81768,41.97822,0
            2.81797,41.97894,0
            2.81801,41.97901,0
            2.81811,41.97929,0
            2.81795,41.97933,0
            2.81789,41.97934,0
            2.81779,41.97937,0
            2.81719,41.97951,0
            2.8168,41.97849,0
            2.81691,41.97847,0
            2.8173,41.97948,0
            2.81719,41.97951,0
            2.81725,41.97961,0
            2.81727,41.97966,0
            2.81728,41.97976,0
            2.81728,41.97979,0
            2.81738,41.98042,0
            2.81745,41.98073,0
            2.81752,41.98095,0
            2.81797,41.98084,0
            2.81869,41.9807,0
            2.8188,41.98096,0
            2.81885,41.9811,0
            2.81902,41.98149,0
            2.81905,41.9816,0
            2.81906,41.98167,0
            2.81905,41.98172,0
            2.8187,41.9827,0
            2.81865,41.98286,0
            2.8186,41.98294,0
            2.81859,41.98295,0
            2.81849,41.98309,0
            2.81837,41.98329,0
            2.81836,41.98329,0
            2.81836,41.9833,0
            2.81834,41.98333,0
            2.81834,41.98334,0
            2.81815,41.98359,0
            2.81778,41.98415,0
            2.81753,41.98449,0
            2.81751,41.98459,0
            2.81739,41.98476,0
            2.81739,41.98477,0
            2.8174,41.98478,0
            2.81741,41.98478,0
            2.81742,41.98479,0
            2.81742,41.9848,0
            2.81743,41.9848,0
            2.81745,41.98482,0
            2.81746,41.98484,0
            2.81746,41.98486,0
            2.81747,41.98488,0
            2.81747,41.9849,0
            2.81748,41.98492,0
            2.81747,41.98494,0
            2.81747,41.98496,0
            2.81746,41.98498,0
            2.81745,41.98501,0
            2.81743,41.98504,0
            2.81741,41.98505,0
            2.81737,41.98509,0
            2.81735,41.9851,0
            2.81732,41.98511,0
            2.81729,41.98513,0
            2.81726,41.98513,0
            2.81723,41.98514,0
            2.81714,41.98514,0
            2.8171,41.98513,0
            2.81707,41.98511,0
            2.81704,41.9851,0
            2.817,41.98508,0
            2.81698,41.98506,0
            2.81695,41.98504,0
            2.81693,41.98501,0
            2.81691,41.98499,0
            2.81671,41.98496,0
            2.81664,41.98494,0
            2.81658,41.98491,0
            2.81643,41.98489,0
            2.81454,41.98451,0
            2.81452,41.98451,0
            2.81418,41.98444,0
            2.81396,41.98441,0
            2.81375,41.98441,0
            2.81369,41.98442,0
            2.81355,41.98442,0
            2.81291,41.98447,0
            2.81291,41.98448,0
            2.8129,41.98449,0
            2.8129,41.9845,0
            2.81289,41.98451,0
            2.81289,41.98452,0
            2.81288,41.98452,0
            2.81287,41.98453,0
            2.81286,41.98453,0
            2.81286,41.98454,0
            2.81285,41.98454,0
            2.81284,41.98455,0
            2.8128,41.98455,0
            2.8128,41.98456,0
            2.81277,41.98456,0
            2.81277,41.98455,0
            2.81273,41.98455,0
            2.81272,41.98454,0
            2.81271,41.98454,0
            2.8127,41.98453,0
            2.81269,41.98453,0
            2.81269,41.98452,0
            2.81268,41.98452,0
            2.81268,41.98451,0
            2.81265,41.98451,0
            2.81251,41.98455,0
            2.81225,41.98461,0
            2.81215,41.98462,0
            2.81199,41.98462,0
            2.81176,41.9846,0
            2.81163,41.9846,0
            2.81131,41.98458,0
            2.81117,41.98458,0
            2.81107,41.98457,0
            2.81097,41.98457,0
            2.81076,41.98459,0
            2.81056,41.98464,0
            2.81055,41.98464,0
            2.81051,41.98466,0
            2.8105,41.98466,0
            2.81037,41.9847,0
            2.81033,41.98472,0
            2.81028,41.98473,0
            2.81016,41.98482,0
            2.81009,41.98485,0
            2.8101,41.98485,0
            2.81009,41.98486,0
            2.81009,41.98491,0
            2.81008,41.98492,0
            2.81007,41.98494,0
            2.81005,41.98496,0
            2.81004,41.98498,0
            2.81002,41.985,0
            2.81,41.98501,0
            2.80998,41.98503,0
            2.80994,41.98505,0
            2.80989,41.98506,0
            2.80987,41.98512,0
            2.80984,41.98516,0
            2.80982,41.98526,0
            2.80978,41.98563,0
            2.80977,41.98581,0
            2.80962,41.98727,0
            2.8096,41.98738,0
            2.80958,41.98762,0
            2.80956,41.98776,0
            2.80937,41.98965,0
            2.80936,41.98983,0
            2.80933,41.99012,0
            2.80933,41.99019,0
            2.80932,41.99022,0
            2.80932,41.99029,0
            2.80937,41.99043,0
            2.80941,41.99044,0
            2.80945,41.99047,0
            2.80951,41.99053,0
            2.80953,41.99057,0
            2.80953,41.99059,0
            2.80954,41.99062,0
            2.80954,41.99064,0
            2.80953,41.99066,0
            2.80953,41.99068,0
            2.80952,41.99071,0
            2.8095,41.99073,0
            2.80948,41.99077,0
            2.80946,41.99078,0
            2.80944,41.9908,0
            2.80938,41.99083,0
            2.80935,41.99084,0
            2.80934,41.99084,0
            2.80933,41.99085,0
            2.80931,41.99085,0
            2.80928,41.99086,0
            2.80917,41.99086,0
            2.80904,41.99082,0
            2.80902,41.9908,0
            2.80897,41.99077,0
            2.80892,41.99068,0
            2.80892,41.99066,0
            2.80891,41.99063,0
            2.80891,41.99061,0
            2.80892,41.99059,0
            2.80887,41.99055,0
            2.80883,41.9905,0
            2.80877,41.99046,0
            2.80871,41.99041,0
            2.80866,41.9904,0
            2.80862,41.99038,0
            2.80807,41.9902,0
            2.8071,41.98995,0
            2.80672,41.98988,0
            2.80612,41.98975,0
            2.80537,41.98961,0
            2.80463,41.98951,0
            2.8046,41.9895,0
            2.8041,41.98946,0
            2.80382,41.98946,0
            2.80328,41.98948,0
            2.80313,41.9895,0
            2.8031,41.9895,0
            2.80018,41.9899,0
            2.79988,41.98995,0
            2.79966,41.98997,0
            2.79955,41.98997,0
            2.79931,41.98994,0
            2.7992,41.98991,0
            2.79914,41.9899,0
            2.7991,41.9899,0
            2.79889,41.98985,0
            2.7963,41.98937,0
            2.79604,41.98931,0
            2.79604,41.98932,0
            2.79599,41.98937,0
            2.79597,41.98938,0
            2.79596,41.98939,0
            2.79594,41.98939,0
            2.79593,41.9894,0
            2.79591,41.9894,0
            2.7959,41.98941,0
            2.79577,41.98941,0
            2.79576,41.9894,0
            2.79568,41.98958,0
            2.79565,41.98968,0
            2.79551,41.98998,0
            2.7955,41.99013,0
            2.79557,41.99016,0
            2.79567,41.99024,0
            2.79571,41.99028,0
            2.79574,41.99033,0
            2.79576,41.99038,0
            2.79577,41.99044,0
            2.79577,41.9905,0
            2.79576,41.99051,0
            2.79576,41.99055,0
            2.79575,41.99056,0
            2.79575,41.99057,0
            2.79574,41.99058,0
            2.79571,41.99063,0
            2.79563,41.99071,0
            2.79557,41.99075,0
            2.79551,41.99078,0
            2.79544,41.9908,0
            2.7953,41.99082,0
            2.79522,41.99082,0
            2.79521,41.99081,0
            2.79517,41.99081,0
            2.79506,41.99078,0
            2.79502,41.99076,0
            2.79499,41.99074,0
            2.79496,41.99073,0
            2.79495,41.99072,0
            2.79492,41.9907,0
            2.7949,41.99068,0
            2.79481,41.99075,0
            2.79479,41.99077,0
            2.79466,41.99087,0
            2.79463,41.99088,0
            2.79421,41.99131,0
            2.79377,41.9919,0
            2.7936,41.99207,0
            2.79346,41.99229,0
            2.79346,41.9923,0
            2.79345,41.99232,0
            2.79343,41.99234,0
            2.79342,41.99238,0
            2.7934,41.99241,0
            2.79338,41.99248,0
            2.79336,41.99252,0
            2.79336,41.9927,0
            2.79339,41.99281,0
            2.79341,41.99285,0
            2.79344,41.99289,0
            2.79345,41.99292,0
            2.79348,41.99295,0
            2.7935,41.99298,0
            2.7935,41.99299,0
            2.79359,41.99308,0
            2.79371,41.99318,0
            2.79372,41.99318,0
            2.79433,41.99368,0
            2.79449,41.9938,0
            2.79452,41.99383,0
            2.79454,41.99384,0
            2.79571,41.99469,0
            2.79618,41.99501,0
            2.79619,41.99501,0
            2.79623,41.99516,0
            2.79847,41.99663,0
            2.79986,41.99762,0
            2.80067,41.99824,0
            2.80196,41.99927,0
            2.80281,42,0
            2.80348,42.00063,0
            2.80473,42.0019,0
            2.80534,42.00259,0
            2.8055,42.0028,0
            2.80563,42.00295,0
            2.80584,42.00322,0
            2.80634,42.00391,0
            2.80665,42.00438,0
            2.80717,42.00525,0
            2.80731,42.00553,0
            2.8075,42.00587,0
            2.80846,42.00793,0
            2.80857,42.00819,0
            2.809,42.00905,0
            2.80905,42.00913,0
            2.80924,42.00948,0
            2.8095,42.0099,0
            2.80976,42.01028,0
            2.81012,42.01077,0
            2.81034,42.01105,0
            2.81185,42.01286,0
            2.81193,42.01294,0
            2.81227,42.01334,0
            2.81253,42.01368,0
            2.81281,42.01408,0
            2.81349,42.01522,0
            2.8137,42.01562,0
            2.81374,42.01568,0
            2.81448,42.01723,0
            2.8147,42.01772,0
            2.81474,42.01779,0
            2.81541,42.01921,0
            2.81569,42.01976,0
            2.81602,42.02035,0
            2.8165,42.02111,0
            2.81708,42.02192,0
            2.81729,42.02217,0
            2.81734,42.02224,0
            2.81836,42.02338,0
            2.81874,42.02375,0
            2.81902,42.024,0
            2.81914,42.02412,0
            2.82037,42.02511,0
            2.82067,42.02533,0
            2.82108,42.02561,0
            2.82143,42.02583,0
            2.82144,42.02584,0
            2.82222,42.02632,0
            2.82237,42.0264,0
            2.82237,42.02641,0
            2.8225,42.02648,0
            2.82253,42.0265,0
            2.82276,42.02662,0
            2.82295,42.02673,0
            2.82335,42.02694,0
            2.82341,42.02696,0
            2.82361,42.02707,0
            2.82377,42.02713,0
            2.82396,42.02723,0
            2.82416,42.02732,0
            2.82419,42.02734,0
            2.82423,42.02735,0
            2.82527,42.02784,0
            2.82528,42.02785,0
            2.82536,42.02788,0
            2.82632,42.02831,0
            2.82639,42.02835,0
            2.82675,42.0285,0
            2.82695,42.0286,0
            2.827,42.02861,0
            2.82709,42.02866,0
            2.82981,42.02986,0
            2.83009,42.03,0
            2.83012,42.03002,0
            2.83067,42.03029,0
            2.83096,42.03045,0
            2.83103,42.03048,0
            2.83116,42.03056,0
            2.83128,42.03062,0
            2.83154,42.03077,0
            2.83159,42.03079,0
            2.8318,42.03091,0
            2.83311,42.03174,0
            2.83354,42.03204,0
            2.83451,42.03277,0
            2.83555,42.03365,0
            2.83575,42.03385,0
            2.83589,42.03397,0
            2.8362,42.03428,0
            2.83621,42.03428,0
            2.83637,42.03446,0
            2.83685,42.03496,0
            2.83689,42.03501,0
            2.83694,42.03506,0
            2.83696,42.03509,0
            2.83703,42.03517,0
            2.8371,42.03524,0
            2.8371,42.03525,0
            2.83762,42.03586,0
            2.83784,42.03616,0
            2.83787,42.03619,0
            2.83791,42.03624,0
            2.83794,42.03629,0
            2.83797,42.03633,0
            2.83799,42.03635,0
            2.83806,42.03644,0
            2.83806,42.03645,0
            2.83835,42.03685,0
            2.83901,42.0379,0
            2.83903,42.03795,0
            2.83904,42.03796,0
            2.83908,42.03802,0
            2.83953,42.03886,0
            2.83956,42.0389,0
            2.83963,42.03902,0
            2.83964,42.03905,0
            2.84,42.03962,0
            2.8402,42.03991,0
            2.84059,42.04038,0
            2.84061,42.04039,0
            2.84072,42.04052,0
            2.84088,42.04069,0
            2.84113,42.04092,0
            2.84147,42.04119,0
            2.8415,42.04122,0
            2.84184,42.04148,0
            2.84245,42.0419,0
            2.84247,42.04191,0
            2.84263,42.04202,0
            2.84294,42.04219,0
            2.84315,42.04229,0
            2.84316,42.0423,0
            2.84369,42.04255,0
            2.84459,42.0429,0
            2.84525,42.04311,0
            2.84536,42.04313,0
            2.84553,42.04318,0
            2.84574,42.04323,0
            2.84595,42.04327,0
            2.84596,42.04328,0
            2.8467,42.04341,0
            2.84709,42.04346,0
            2.8479,42.04353,0
            2.84849,42.04356,0
            2.84873,42.04356,0
            2.8489,42.04357,0
            2.84903,42.04356,0
            2.84933,42.04357,0
            2.85095,42.04353,0
            2.85104,42.04352,0
            2.85119,42.04352,0
            2.85128,42.04351,0
            2.85143,42.04351,0
            2.85361,42.0434,0
            2.85515,42.04335,0
            2.85732,42.04335,0
            2.85865,42.04341,0
            2.85983,42.04352,0
            2.86101,42.04368,0
            2.86124,42.04373,0
            2.86144,42.04376,0
            2.86206,42.04388,0
            2.86356,42.04423,0
            2.86457,42.04455,0
            2.86529,42.04481,0
            2.86533,42.04482,0
            2.8661,42.04512,0
            2.8676,42.04581,0
            2.86771,42.04587,0
            2.86784,42.04593,0
            2.86855,42.04631,0
            2.86973,42.04698,0
            2.87081,42.04762,0
            2.87172,42.04819,0
            2.87318,42.04916,0
            2.8737,42.04953,0
            2.87423,42.04988,0
            2.87428,42.04992,0
            2.87444,42.05003,0
            2.87445,42.05004,0
            2.87631,42.05139,0
            2.87631,42.0514,0
            2.87752,42.05234,0
            2.87959,42.05406,0
            2.8802,42.0546,0
            2.88119,42.05555,0
            2.88168,42.05607,0
            2.88253,42.05705,0
            2.88303,42.05767,0
            2.88375,42.05868,0
            2.8839,42.05892,0
            2.8839,42.05893,0
            2.88421,42.05941,0
            2.8843,42.05958,0
            2.88435,42.05965,0
            2.88468,42.06024,0
            2.88478,42.0604,0
            2.88478,42.06041,0
            2.88487,42.06057,0
            2.88575,42.0626,0
            2.88615,42.06373,0
            2.88629,42.06424,0
            2.8865,42.06528,0
            2.88667,42.06641,0
            2.88696,42.07072,0
            2.88699,42.071,0
            2.88706,42.07143,0
            2.88724,42.07225,0
            2.88748,42.07296,0
            2.88749,42.07302,0
            2.88751,42.07309,0
            2.88778,42.07375,0
            2.88781,42.0738,0
            2.888,42.07424,0
            2.88808,42.0744,0
            2.88815,42.07458,0
            2.88877,42.07584,0
            2.88897,42.07629,0
            2.88918,42.07682,0
            2.88939,42.07742,0
            2.88951,42.07782,0
            2.8897,42.07861,0
            2.88984,42.07949,0
            2.88995,42.08116,0
            2.88994,42.0813,0
            2.88995,42.08142,0
            2.88996,42.08211,0
            2.88998,42.08235,0
            2.88998,42.08246,0
            2.89003,42.08327,0
            2.89011,42.08404,0
            2.89026,42.08496,0
            2.89046,42.08577,0
            2.89059,42.0862,0
            2.8908,42.08679,0
            2.89082,42.08683,0
            2.89092,42.08711,0
            2.89115,42.08769,0
            2.8914,42.08827,0
            2.89169,42.08889,0
            2.89202,42.08955,0
            2.89203,42.08956,0
            2.89209,42.08967,0
            2.89213,42.08976,0
            2.89236,42.09016,0
            2.89245,42.09034,0
            2.89254,42.09049,0
            2.89257,42.09055,0
            2.8926,42.09059,0
            2.89264,42.09067,0
            2.89283,42.09097,0
            2.89304,42.09133,0
            2.89335,42.09181,0
            2.8934,42.0919,0
            2.89344,42.09196,0
            2.89345,42.09197,0
            2.8935,42.09206,0
            2.89355,42.09213,0
            2.89356,42.09214,0
            2.89365,42.09229,0
            2.89366,42.0923,0
            2.89429,42.09318,0
            2.89503,42.09416,0
            2.89573,42.09502,0
            2.8958,42.09509,0
            2.89617,42.09554,0
            2.89675,42.09619,0
            2.89722,42.09668,0
            2.89824,42.09764,0
            2.89917,42.09844,0
            2.90036,42.09935,0
            2.90136,42.10006,0
            2.90195,42.10044,0
            2.90206,42.10052,0
            2.90517,42.10241,0
            2.9066,42.10333,0
            2.90698,42.10361,0
            2.90709,42.10368,0
            2.90796,42.10429,0
            2.90891,42.10502,0
            2.90904,42.10514,0
            2.90928,42.10533,0
            2.90994,42.10596,0
            2.91064,42.10672,0
            2.91123,42.10748,0
            2.91171,42.10821,0
            2.91195,42.10862,0
            2.91226,42.10922,0
            2.91254,42.10987,0
            2.91272,42.11035,0
            2.91285,42.11074,0
            2.91298,42.11119,0
            2.91312,42.11184,0
            2.91323,42.1126,0
            2.91328,42.11319,0
            2.9133,42.11375,0
            2.91329,42.11396,0
            2.91329,42.11416,0
            2.91324,42.11475,0
            2.9132,42.11505,0
            2.91309,42.11564,0
            2.91302,42.11595,0
            2.91298,42.11621,0
            2.91224,42.11965,0
            2.91211,42.12039,0
            2.91195,42.12155,0
            2.9119,42.12202,0
            2.91186,42.12281,0
            2.91186,42.12299,0
            2.91185,42.12306,0
            2.91186,42.12382,0
            2.91189,42.12442,0
            2.9119,42.12451,0
            2.9119,42.1246,0
            2.91191,42.12465,0
            2.91191,42.12478,0
            2.91202,42.12576,0
            2.91208,42.12616,0
            2.91216,42.12655,0
            2.91227,42.12719,0
            2.91227,42.1272,0
            2.91247,42.128,0
            2.91248,42.12802,0
            2.91249,42.12805,0
            2.91252,42.12819,0
            2.91254,42.12825,0
            2.91261,42.12854,0
            2.91266,42.12871,0
            2.91266,42.12872,0
            2.91278,42.12907,0
            2.91283,42.12924,0
            2.91307,42.12992,0
            2.91315,42.1301,0
            2.9134,42.13074,0
            2.91376,42.1315,0
            2.91378,42.13153,0
            2.91432,42.13252,0
            2.9158,42.13496,0
            2.91586,42.13508,0
            2.91591,42.13515,0
            2.91625,42.13574,0
            2.91629,42.1358,0
            2.91631,42.13584,0
            2.91643,42.13602,0
            2.9168,42.13665,0
            2.91706,42.13713,0
            2.91706,42.13714,0
            2.91732,42.13765,0
            2.91741,42.13781,0
            2.91742,42.13782,0
            2.9178,42.13866,0
            2.91782,42.13872,0
            2.918,42.13916,0
            2.91826,42.13988,0
            2.91828,42.13992,0
            2.91841,42.14037,0
            2.91843,42.1404,0
            2.91855,42.14082,0
            2.91865,42.14127,0
            2.91866,42.14128,0
            2.91869,42.14146,0
            2.91877,42.14182,0
            2.91885,42.14226,0
            2.91886,42.14228,0
            2.91891,42.14268,0
            2.91892,42.14271,0
            2.91899,42.14318,0
            2.919,42.1433,0
            2.919,42.14343,0
            2.91904,42.14386,0
            2.91904,42.14405,0
            2.91906,42.14451,0
            2.91906,42.1449,0
            2.91903,42.14561,0
            2.919,42.14603,0
            2.91897,42.1463,0
            2.91897,42.14636,0
            2.91874,42.14776,0
            2.91861,42.14831,0
            2.91849,42.14874,0
            2.91844,42.14897,0
            2.91807,42.15022,0
            2.91804,42.15029,0
            2.91783,42.15099,0
            2.91777,42.15115,0
            2.9175,42.15202,0
            2.91745,42.15223,0
            2.91736,42.15252,0
            2.91719,42.15314,0
            2.917,42.15398,0
            2.91699,42.15406,0
            2.91692,42.15439,0
            2.91682,42.155,0
            2.91682,42.15505,0
            2.91681,42.15517,0
            2.9168,42.15523,0
            2.91679,42.15525,0
            2.91675,42.15603,0
            2.91675,42.15639,0
            2.91678,42.15686,0
            2.91682,42.15703,0
            2.91685,42.1573,0
            2.91697,42.15793,0
            2.91704,42.15824,0
            2.91715,42.15862,0
            2.91715,42.15863,0
            2.91717,42.15868,0
            2.9172,42.1588,0
            2.91722,42.15884,0
            2.91727,42.15897,0
            2.91727,42.15899,0
            2.91734,42.15915,0
            2.91734,42.15916,0
            2.91773,42.16007,0
            2.91787,42.16033,0
            2.91787,42.16034,0
            2.91796,42.1605,0
            2.91797,42.16051,0
            2.9181,42.16074,0
            2.91859,42.1615,0
            2.91882,42.1618,0
            2.91893,42.16196,0
            2.91917,42.16226,0
            2.9192,42.16229,0
            2.91954,42.1627,0
            2.92017,42.16338,0
            2.92091,42.1641,0
            2.92167,42.16479,0
            2.92168,42.16479,0
            2.92183,42.16493,0
            2.92371,42.16652,0
            2.92377,42.16658,0
            2.92401,42.16678,0
            2.9243,42.167,0
            2.92516,42.1677,0
            2.92546,42.16793,0
            2.92582,42.16823,0
            2.92583,42.16823,0
            2.9268,42.16903,0
            2.92683,42.16906,0
            2.92741,42.16955,0
            2.92841,42.17047,0
            2.92864,42.1707,0
            2.92873,42.1708,0
            2.92901,42.17108,0
            2.92968,42.17179,0
            2.92969,42.17181,0
            2.92988,42.17201,0
            2.92992,42.17207,0
            2.92996,42.17212,0
            2.93001,42.17217,0
            2.93051,42.17281,0
            2.93108,42.17358,0
            2.93125,42.17384,0
            2.93127,42.17386,0
            2.93127,42.17387,0
            2.93144,42.17411,0
            2.93149,42.1742,0
            2.93152,42.17424,0
            2.9316,42.17437,0
            2.93164,42.17445,0
            2.93165,42.17446,0
            2.93203,42.17516,0
            2.93229,42.1757,0
            2.93254,42.17629,0
            2.93261,42.17651,0
            2.93272,42.17681,0
            2.93295,42.17751,0
            2.93296,42.17756,0
            2.93302,42.17773,0
            2.93317,42.17826,0
            2.93329,42.17879,0
            2.9333,42.17886,0
            2.93331,42.17889,0
            2.93342,42.17947,0
            2.93349,42.18,0
            2.93352,42.18017,0
            2.93358,42.18099,0
            2.9336,42.18176,0
            2.93361,42.18184,0
            2.93361,42.18198,0
            2.93356,42.18287,0
            2.93353,42.18318,0
            2.93336,42.18446,0
            2.9331,42.18596,0
            2.93306,42.18612,0
            2.93303,42.18631,0
            2.93297,42.1866,0
            2.93295,42.18673,0
            2.93289,42.18702,0
            2.93289,42.18703,0
            2.93277,42.18768,0
            2.93274,42.18789,0
            2.93271,42.18803,0
            2.93268,42.18829,0
            2.93266,42.18838,0
            2.93258,42.18894,0
            2.93256,42.18917,0
            2.93255,42.18923,0
            2.93249,42.18986,0
            2.93244,42.19065,0
            2.93244,42.19172,0
            2.9325,42.19265,0
            2.93257,42.19335,0
            2.9326,42.19353,0
            2.93261,42.19365,0
            2.93284,42.19486,0
            2.93294,42.19527,0
            2.933,42.19547,0
            2.93307,42.19577,0
            2.9331,42.19586,0
            2.9331,42.19587,0
            2.93326,42.19632,0
            2.93339,42.1968,0
            2.93353,42.19723,0
            2.93365,42.19754,0
            2.93372,42.19775,0
            2.93387,42.19813,0
            2.93471,42.20002,0
            2.93481,42.20021,0
            2.93494,42.20049,0
            2.9359,42.20233,0
            2.93593,42.2024,0
            2.9365,42.20347,0
            2.93666,42.20375,0
            2.93673,42.2039,0
            2.93683,42.20407,0
            2.93766,42.20564,0
            2.93768,42.20567,0
            2.93815,42.20662,0
            2.93854,42.20746,0
            2.93916,42.20894,0
            2.93966,42.21039,0
            2.93979,42.21082,0
            2.93999,42.21158,0
            2.94004,42.21181,0
            2.94009,42.21199,0
            2.94022,42.21262,0
            2.94036,42.21341,0
            2.94053,42.21482,0
            2.94058,42.21556,0
            2.9406,42.21608,0
            2.9406,42.21682,0
            2.94057,42.21752,0
            2.9405,42.21845,0
            2.94033,42.21961,0
            2.94027,42.21986,0
            2.93996,42.2214,0
            2.94001,42.22152,0
            2.94002,42.22159,0
            2.94001,42.22167,0
            2.9398,42.2227,0
            2.9396,42.22345,0
            2.93954,42.22364,0
            2.93952,42.22373,0
            2.93927,42.22454,0
            2.93924,42.22466,0
            2.93923,42.22472,0
            2.93923,42.22489,0
            2.93925,42.22497,0
            2.93925,42.225,0
            2.93934,42.22529,0
            2.93944,42.22545,0
            2.93957,42.22558,0
            2.93962,42.22564,0
            2.93977,42.22576,0
            2.93995,42.22587,0
            2.93996,42.22588,0
            2.94008,42.22595,0
            2.94028,42.22605,0
            2.94068,42.22621,0
            2.94079,42.22624,0
            2.9409,42.22628,0
            2.94126,42.22635,0
            2.94137,42.22639,0
            2.94226,42.22645,0
            2.94247,42.22651,0
            2.94264,42.2265,0
            2.94476,42.2266,0
            2.94497,42.2266,0
            2.945,42.22661,0
            2.94519,42.22661,0
            2.94639,42.22667,0
            2.94698,42.22668,0
            2.94744,42.22666,0
            2.94766,42.22664,0
            2.948,42.22659,0
            2.94836,42.2265,0
            2.94976,42.22608,0
            2.95084,42.22589,0
            2.95097,42.22585,0
            2.95123,42.22575,0
            2.95131,42.22568,0
            2.95138,42.22561,0
            2.95143,42.22554,0
            2.95148,42.22544,0
            2.95146,42.22537,0
            2.95146,42.22524,0
            2.95148,42.22518,0
            2.95145,42.22507,0
            2.95139,42.22496,0
            2.95128,42.22486,0
            2.95086,42.22461,0
            2.95055,42.22439,0
            2.95022,42.22418,0
            2.94967,42.22377,0
            2.9492,42.22345,0
            2.94917,42.22344,0
            2.94892,42.22329,0
            2.94885,42.22324,0
            2.94851,42.22306,0
            2.94834,42.22298,0
            2.94821,42.22291,0
            2.94772,42.2227,0
            2.94757,42.22265,0
            2.94755,42.22264,0
            2.94716,42.22253,0
            2.94695,42.22248,0
            2.94665,42.22243,0
            2.94631,42.22241,0
            2.94603,42.22241,0
            2.94577,42.22243,0
            2.94545,42.22247,0
            2.94538,42.22249,0
            2.94517,42.22253,0
            2.94481,42.22264,0
            2.9445,42.22277,0
            2.94357,42.22332,0
            2.94346,42.2234,0
            2.94274,42.22382,0
            2.94269,42.22384,0
            2.94211,42.22413,0
            2.94203,42.22416,0
            2.9418,42.22421,0
            2.94163,42.22423,0
            2.94154,42.22423,0
            2.9415,42.22424,0
            2.94126,42.22422,0
            2.94108,42.22419,0
            2.94101,42.22417,0
            2.94095,42.22416,0
            2.94088,42.22413,0
            2.94076,42.22409,0
            2.94064,42.22403,0
            2.9404,42.22387,0
            2.94038,42.22386,0
            2.93968,42.22336,0
            2.9395,42.22322,0
            2.9395,42.22321,0
            2.93934,42.22309,0
            2.93932,42.22308,0
            2.93899,42.22282,0
            2.93858,42.22252,0
            2.93848,42.22246,0
            2.93787,42.222,0
            2.93741,42.22176,0
            2.93719,42.22168,0
            2.93717,42.22167,0
            2.93684,42.2216,0
            2.93675,42.22159,0
            2.93672,42.22158,0
            2.9367,42.22158,0
            2.93656,42.22156,0
            2.93652,42.22156,0
            2.93646,42.22154,0
            2.9363,42.22155,0
            2.93617,42.22155,0
            2.93603,42.22157,0
            2.93579,42.22159,0
            2.93564,42.22161,0
            2.93344,42.22205,0
            2.93239,42.22236,0
            2.9317,42.22253,0
            2.93144,42.22258,0
            2.9314,42.22258,0
            2.93121,42.22262,0
            2.93115,42.22262,0
            2.93105,42.22264,0
            2.93095,42.22265,0
            2.93092,42.22265,0
            2.93086,42.22266,0
            2.93078,42.22266,0
            2.93072,42.22267,0
            2.9302,42.22267,0
            2.93004,42.22336,0
            2.93,42.22349,0
            2.93,42.22351,0
            2.92995,42.22362,0
            2.92988,42.2238,0
            2.92984,42.22397,0
            2.92971,42.22434,0
            2.92964,42.22451,0
            2.92963,42.22455,0
            2.9296,42.2246,0
            2.92951,42.22466,0
            2.92952,42.22467,0
            2.92953,42.22467,0
            2.92953,42.22468,0
            2.92954,42.22469,0
            2.92954,42.22471,0
            2.92955,42.22471,0
            2.92955,42.22473,0
            2.92954,42.22473,0
            2.92954,42.22476,0
            2.92953,42.22476,0
            2.92953,42.22477,0
            2.92952,42.22477,0
            2.92952,42.22478,0
            2.92951,42.22478,0
            2.92951,42.22479,0
            2.9295,42.22479,0
            2.92974,42.22502,0
            2.92977,42.22506,0
            2.9298,42.22508,0
            2.93033,42.22556,0
            2.9306,42.22576,0
            2.93072,42.22582,0
            2.93082,42.22588,0
            2.93089,42.2259,0
            2.93093,42.22592,0
            2.93101,42.22595,0
            2.93109,42.22599,0
            2.93124,42.22608,0
            2.93134,42.22616,0
            2.93142,42.22626,0
            2.93142,42.22627,0
            2.93159,42.22651,0
            2.93173,42.2268,0
            2.93202,42.22754,0
            2.93204,42.22762,0
            2.9322,42.22807,0
            2.93225,42.22826,0
            2.93232,42.22846,0
            2.93241,42.22882,0
            2.93253,42.22923,0
            2.93259,42.2295,0
            2.93268,42.22983,0
            2.93278,42.23027,0
            2.93282,42.23049,0
            2.93284,42.23068,0
            2.9329,42.231,0
            2.93297,42.23129,0
            2.93309,42.2316,0
            2.93325,42.23186,0
            2.93368,42.23239,0
            2.93381,42.23253,0
            2.93387,42.23261,0
            2.93395,42.23268,0
            2.93398,42.23272,0
            2.93408,42.23281,0
            2.9347,42.23325,0
            2.93528,42.23364,0
            2.93542,42.23376,0
            2.9356,42.23401,0
            2.93573,42.23428,0
            2.93578,42.2346,0
            2.93579,42.23475,0
            2.93573,42.23506,0
            2.93568,42.23518,0
            2.93557,42.23558,0
            2.93554,42.23573,0
            2.93552,42.23587,0
            2.93551,42.236,0
            2.93552,42.23605,0
            2.93553,42.23636,0
            2.93555,42.2366,0
            2.93564,42.2373,0
            2.9357,42.2376,0
            2.93587,42.2382,0
            2.936,42.23854,0
            2.93604,42.23859,0
            2.93609,42.23864,0
            2.93615,42.23869,0
            2.93624,42.23878,0
            2.93627,42.23883,0
            2.93629,42.2389,0
            2.93629,42.23894,0
            2.93627,42.23903,0
            2.93627,42.23904,0
            2.93601,42.23991,0
            2.93594,42.24018,0
            2.93591,42.24036,0
            2.93592,42.24041,0
            2.93597,42.24046,0
            2.93598,42.24048,0
            2.93612,42.24056,0
            2.93626,42.24063,0
            2.93642,42.24069,0
            2.93655,42.24076,0
            2.93664,42.24083,0
            2.93666,42.24086,0
            2.93668,42.24088,0
            2.93668,42.24089,0
            2.93669,42.24091,0
            2.9367,42.24094,0
            2.9367,42.24099,0
            2.93668,42.24106,0
            2.93668,42.24108,0
            2.93655,42.24141,0
            2.93653,42.24148,0
            2.93648,42.2416,0
            2.93646,42.24167,0
            2.93644,42.24194,0
            2.93644,42.24212,0
            2.93642,42.24234,0
            2.93631,42.24278,0
            2.9363,42.24284,0
            2.93632,42.24296,0
            2.93635,42.24302,0
            2.9364,42.24308,0
            2.9365,42.24315,0
            2.93672,42.24328,0
            2.93687,42.24334,0
            2.93721,42.24344,0
            2.93766,42.24351,0
            2.93832,42.24358,0
            2.93849,42.24364,0
            2.9386,42.24371,0
            2.93863,42.24374,0
            2.93868,42.24382,0
            2.93869,42.24389,0
            2.93868,42.244,0
            2.93863,42.24407,0
            2.93859,42.24415,0
            2.93839,42.24434,0
            2.93804,42.24462,0
            2.93735,42.24511,0
            2.93667,42.24543,0
            2.9366,42.24547,0
            2.93656,42.24551,0
            2.9365,42.24555,0
            2.93646,42.24559,0
            2.93643,42.24561,0
            2.9363,42.24575,0
            2.93556,42.24663,0
            2.93624,42.24721,0
            2.93684,42.24785,0
            2.93758,42.24856,0
            2.93822,42.24914,0
            2.93825,42.24919,0
            2.94041,42.25128,0
            2.94057,42.25142,0
            2.94094,42.25178,0
            2.94098,42.25181,0
            2.94193,42.25273,0
            2.94196,42.25277,0
            2.94203,42.25283,0
            2.94387,42.25459,0
            2.94411,42.25484,0
            2.9442,42.25492,0
            2.9443,42.25503,0
            2.94432,42.25504,0
            2.9444,42.25512,0
            2.945,42.25564,0
            2.9461,42.25669,0
            2.94621,42.25676,0
            2.94634,42.25687,0
            2.94682,42.25734,0
            2.94702,42.25756,0
            2.94705,42.2576,0
            2.94712,42.25767,0
            2.94716,42.2577,0
            2.94724,42.25775,0
            2.94725,42.25775,0
            2.94726,42.25776,0
            2.94729,42.25776,0
            2.94729,42.25777,0
            2.94731,42.25777,0
            2.94732,42.25778,0
            2.94733,42.25778,0
            2.94733,42.25779,0
            2.94734,42.25779,0
            2.94737,42.25782,0
            2.94737,42.25783,0
            2.94739,42.25785,0
            2.94739,42.25791,0
            2.94738,42.25792,0
            2.94738,42.25793,0
            2.94737,42.25794,0
            2.94737,42.25795,0
            2.94736,42.25796,0
            2.94735,42.25796,0
            2.94735,42.25797,0
            2.94734,42.25797,0
            2.94732,42.25799,0
            2.94731,42.25799,0
            2.9473,42.258,0
            2.94729,42.258,0
            2.94728,42.25801,0
            2.94723,42.25801,0
            2.94722,42.25802,0
            2.9472,42.25802,0
            2.94719,42.25805,0
            2.94718,42.25806,0
            2.94717,42.25808,0
            2.94716,42.25809,0
            2.94715,42.25811,0
            2.94709,42.25817,0
            2.94704,42.25819,0
            2.94599,42.2594,0
            2.9458,42.2596,0
            2.9456,42.25983,0
            2.94557,42.25987,0
            2.94554,42.2599,0
            2.94551,42.25995,0
            2.9455,42.25998,0
            2.94549,42.25998,0
            2.94541,42.26039,0
            2.94533,42.26054,0
            2.94522,42.26071,0
            2.94505,42.26102,0
            2.94504,42.26103,0
            2.94496,42.26116,0
            2.94496,42.26117,0
            2.94495,42.26118,0
            2.94489,42.26129,0
            2.94484,42.26141,0
            2.94476,42.26153,0
            2.94471,42.26159,0
            2.94465,42.26164,0
            2.94465,42.26165,0
            2.94463,42.26166,0
            2.94459,42.2617,0
            2.94455,42.26175,0
            2.94452,42.2618,0
            2.94445,42.26196,0
            2.94444,42.26197,0
            2.94444,42.26199,0
            2.94393,42.26319,0
            2.94392,42.26323,0
            2.94389,42.2633,0
            2.94388,42.26334,0
            2.94388,42.26339,0
            2.9439,42.26343,0
            2.94394,42.26347,0
            2.94398,42.2635,0
            2.94403,42.26353,0
            2.94405,42.26353,0
            2.94409,42.26354,0
            2.94421,42.26354,0
            2.94429,42.26355,0
            2.94452,42.26355,0
            2.94502,42.26359,0
            2.94517,42.26362,0
            2.94521,42.26362,0
            2.94525,42.26364,0
            2.9453,42.26365,0
            2.9455,42.26375,0
            2.9455,42.26374,0
            2.94552,42.26374,0
            2.94552,42.26373,0
            2.94562,42.26373,0
            2.94562,42.26374,0
            2.94564,42.26374,0
            2.94564,42.26375,0
            2.94565,42.26375,0
            2.94565,42.26376,0
            2.94566,42.26376,0
            2.94566,42.26377,0
            2.94567,42.26377,0
            2.94567,42.26378,0
            2.94568,42.26379,0
            2.94568,42.26383,0
            2.94567,42.26384,0
            2.94567,42.26385,0
            2.94566,42.26385,0
            2.94566,42.26386,0
            2.94565,42.26386,0
            2.94565,42.26387,0
            2.94564,42.26387,0
            2.94563,42.26388,0
            2.9456,42.26388,0
            2.9456,42.26389,0
            2.94553,42.26389,0
            2.94553,42.26388,0
            2.94551,42.26388,0
            2.9455,42.26387,0
            2.94549,42.26387,0
            2.94549,42.26386,0
            2.94548,42.26386,0
            2.94548,42.26385,0
            2.94547,42.26385,0
            2.94547,42.26384,0
            2.94524,42.26392,0
            2.94511,42.26398,0
            2.94441,42.26443,0
            2.94428,42.26459,0
            2.94422,42.26475,0
            2.94407,42.26508,0
            2.94405,42.26514,0
            2.94404,42.26516,0
            2.94401,42.26519,0
            2.94399,42.2652,0
            2.94394,42.2652,0
            2.94392,42.26521,0
            2.94386,42.26519,0
            2.94371,42.26517,0
            2.94369,42.26516,0
            2.94367,42.26514,0
            2.94367,42.26511,0
            2.94368,42.26507,0
            2.9439,42.2646,0
            2.94397,42.26456,0
            2.94402,42.26456,0
            2.94417,42.26452,0
            2.94441,42.26443,0
            2.94511,42.26398,0
            2.94524,42.26392,0
            2.94547,42.26384,0
            2.94546,42.26384,0
            2.94546,42.26378,0
            2.94547,42.26378,0
            2.94547,42.26376,0
            2.94548,42.26376,0
            2.94548,42.26375,0
            2.9455,42.26375,0
            2.9455,42.26374,0
            2.94552,42.26374,0
            2.94552,42.26373,0
            2.94562,42.26373,0
            2.94562,42.26374,0
            2.94564,42.26374,0
            2.94564,42.26375,0
            2.94565,42.26375,0
            2.94565,42.26376,0
            2.94566,42.26376,0
            2.94566,42.26377,0
            2.94567,42.26377,0
            2.94567,42.26378,0
            2.94568,42.26379,0
            2.94568,42.26383,0
            2.9458,42.26384,0
            2.9459,42.26386,0
            2.94689,42.26386,0
            2.94759,42.26388,0
            2.94773,42.2639,0
            2.94777,42.2639,0
            2.94785,42.26392,0
            2.94793,42.26395,0
            2.94798,42.26396,0
            2.94845,42.26411,0
            2.94851,42.26412,0
            2.94852,42.26412,0
            2.94852,42.26411,0
            2.94853,42.2641,0
            2.94854,42.2641,0
            2.94854,42.26409,0
            2.94855,42.26409,0
            2.94856,42.26408,0
            2.9486,42.26408,0
            2.9486,42.26407,0
            2.94862,42.26407,0
            2.94862,42.26408,0
            2.94865,42.26408,0
            2.94874,42.26391,0
            2.94875,42.2639,0
            2.94882,42.26377,0
            2.94888,42.26369,0
            2.94888,42.26368,0
            2.94895,42.26357,0
            2.94936,42.26238,0
            2.9494,42.26229,0
            2.94945,42.26222,0
            2.94951,42.26216,0
            2.94967,42.26204,0
            2.94981,42.26196,0
            2.94988,42.26193,0
            2.95027,42.26171,0
            2.95047,42.26161,0
            2.95048,42.2616,0
            2.95066,42.2615,0
            2.9507,42.26147,0
            2.95081,42.26136,0
            2.95081,42.26134,0
            2.9508,42.26134,0
            2.9508,42.2613,0
            2.95081,42.26129,0
            2.95081,42.26128,0
            2.95082,42.26128,0
            2.95082,42.26127,0
            2.95085,42.26124,0
            2.95086,42.26124,0
            2.95086,42.26123,0
            2.95088,42.26123,0
            2.95089,42.26122,0
            2.95091,42.26122,0
            2.95092,42.26121,0
            2.951,42.26121,0
            2.95101,42.26122,0
            2.95103,42.26122,0
            2.95103,42.26123,0
            2.95105,42.26123,0
            2.95105,42.26124,0
            2.95107,42.26124,0
            2.95107,42.26125,0
            2.95108,42.26125,0
            2.95108,42.26126,0
            2.95109,42.26126,0
            2.95109,42.26127,0
            2.9511,42.26128,0
            2.9511,42.26129,0
            2.95111,42.26129,0
            2.95111,42.26135,0
            2.9511,42.26136,0
            2.9511,42.26137,0
            2.95109,42.26138,0
            2.95109,42.26139,0
            2.95108,42.26139,0
            2.95108,42.2614,0
            2.95107,42.2614,0
            2.95111,42.26152,0
            2.95113,42.2616,0
            2.95116,42.26165,0
            2.95119,42.26169,0
            2.95124,42.26173,0
            2.95167,42.26217,0
            2.95339,42.26385,0
            2.9534,42.26385,0
            2.95368,42.26404,0
            2.95722,42.26549,0
            2.95728,42.26551,0
            2.95738,42.26553,0
            2.95751,42.26553,0
            2.95756,42.26552,0
            2.95782,42.2655,0
            2.95784,42.26549,0
            2.95786,42.26549,0
            2.95789,42.26548,0
            2.95792,42.26548,0
            2.95796,42.26549,0
            2.95799,42.26549,0
            2.95803,42.26551,0
            2.95806,42.26552,0
            2.95811,42.26557,0
            2.95813,42.26558,0
            2.95814,42.2656,0
            2.95815,42.26561,0
            2.95815,42.26563,0
            2.95816,42.26564,0
            2.95816,42.26566,0
            2.95817,42.26568,0
            2.95818,42.26586,0
            2.95818,42.26605,0
            2.95816,42.26631,0
            2.9581,42.26673,0
            2.95775,42.26793,0
            2.95771,42.26812,0
            2.9577,42.26815,0
            2.9577,42.2682,0
            2.95775,42.26871,0
            2.95777,42.2688,0
            2.95778,42.26889,0
            2.95778,42.26894,0
            2.95781,42.26912,0
            2.95781,42.26916,0
            2.95787,42.26962,0
            2.95789,42.26985,0
            2.95786,42.27004,0
            2.95779,42.27019,0
            2.95772,42.2703,0
            2.95764,42.27039,0
            2.95601,42.27205,0
            2.956,42.27205,0
            2.9556,42.27247,0
            2.95528,42.27277,0
            2.95498,42.27307,0
            2.95494,42.27312,0
            2.95457,42.27349,0
            2.95419,42.27391,0
            2.95412,42.27402,0
            2.95403,42.27414,0
            2.95393,42.27433,0
            2.95334,42.27566,0
            2.95326,42.27582,0
            2.9532,42.27598,0
            2.95314,42.27609,0
            2.95301,42.27641,0
            2.95219,42.27819,0
            2.95203,42.27858,0
            2.95184,42.27898,0
            2.9517,42.27931,0
            2.9515,42.27972,0
            2.95128,42.28012,0
            2.94978,42.28268,0
            2.9496,42.28301,0
            2.94796,42.28584,0
            2.94685,42.28758,0
            2.94684,42.28758,0
            2.94629,42.28843,0
            2.94628,42.28844,0
            2.94619,42.28859,0
            2.94597,42.2889,0
            2.9458,42.28912,0
            2.94578,42.28914,0
            2.94565,42.28931,0
            2.94538,42.28974,0
            2.94526,42.29002,0
            2.94524,42.29009,0
            2.94524,42.29043,0
            2.94525,42.29047,0
            2.94525,42.29053,0
            2.94528,42.29063,0
            2.94528,42.29065,0
            2.9453,42.29074,0
            2.94532,42.2908,0
            2.94533,42.29082,0
            2.94533,42.29083,0
            2.94538,42.29097,0
            2.9454,42.291,0
            2.94546,42.29114,0
            2.94548,42.29117,0
            2.94562,42.29147,0
            2.94563,42.29148,0
            2.94575,42.29174,0
            2.94584,42.29202,0
            2.94587,42.29216,0
            2.94589,42.29231,0
            2.94592,42.29245,0
            2.94594,42.29259,0
            2.94598,42.29272,0
            2.94598,42.29284,0
            2.94596,42.293,0
            2.94595,42.29304,0
            2.94594,42.29315,0
            2.94592,42.29326,0
            2.94592,42.29327,0
            2.94591,42.29329,0
            2.94591,42.2933,0
            2.94583,42.29346,0
            2.94582,42.29347,0
            2.94578,42.29353,0
            2.94561,42.29371,0
            2.94555,42.29375,0
            2.94546,42.29382,0
            2.94525,42.29393,0
            2.94505,42.294,0
            2.94471,42.29408,0
            2.94435,42.29413,0
            2.94426,42.29415,0
            2.94423,42.29415,0
            2.94403,42.29419,0
            2.944,42.2942,0
            2.94394,42.29421,0
            2.94375,42.29428,0
            2.94357,42.29438,0
            2.9434,42.29444,0
            2.94331,42.29451,0
            2.94304,42.29475,0
            2.94294,42.29485,0
            2.94286,42.29492,0
            2.94274,42.29507,0
            2.94265,42.29521,0
            2.9425,42.29548,0
            2.94246,42.29559,0
            2.9424,42.2957,0
            2.94233,42.29587,0
            2.9422,42.29624,0
            2.94214,42.29645,0
            2.94214,42.29646,0
            2.94203,42.29675,0
            2.94194,42.29707,0
            2.94173,42.29746,0
            2.94173,42.29757,0
            2.94162,42.29782,0
            2.94155,42.29796,0
            2.94139,42.29832,0
            2.94139,42.29833,0
            2.94125,42.29875,0
            2.94122,42.29882,0
            2.94115,42.29902,0
            2.94107,42.29921,0
            2.94105,42.29924,0
            2.94088,42.29956,0
            2.94071,42.29991,0
            2.94068,42.29996,0
            2.94054,42.30025,0
            2.94054,42.30031,0
            2.94056,42.30037,0
            2.94059,42.30042,0
            2.94063,42.30047,0
            2.94069,42.30053,0
            2.94079,42.30061,0
            2.94083,42.30063,0
            2.94089,42.30067,0
            2.94112,42.3007,0
            2.94137,42.3007,0
            2.94144,42.30069,0
            2.94151,42.30069,0
            2.94166,42.30066,0
            2.9417,42.30066,0
            2.94183,42.30063,0
            2.94209,42.30054,0
            2.94211,42.30052,0
            2.94222,42.30051,0
            2.9423,42.30047,0
            2.9424,42.30041,0
            2.94255,42.30034,0
            2.94285,42.30018,0
            2.9429,42.30016,0
            2.9429,42.30015,0
            2.94308,42.30006,0
            2.9432,42.29999,0
            2.9434,42.29985,0
            2.94366,42.29962,0
            2.94376,42.29952,0
            2.94395,42.29929,0
            2.94411,42.29901,0
            2.94418,42.29881,0
            2.94419,42.29875,0
            2.9442,42.29872,0
            2.9442,42.29868,0
            2.94421,42.29863,0
            2.94421,42.29852,0
            2.9442,42.29843,0
            2.94418,42.29832,0
            2.94416,42.29826,0
            2.94412,42.29818,0
            2.94402,42.29804,0
            2.94394,42.29797,0
            2.94382,42.2979,0
            2.9437,42.29785,0
            2.9436,42.29782,0
            2.9435,42.2978,0
            2.94334,42.29779,0
            2.94318,42.29781,0
            2.94309,42.29783,0
            2.943,42.29786,0
            2.94285,42.29794,0
            2.94276,42.29801,0
            2.94272,42.29805,0
            2.94268,42.29811,0
            2.94266,42.29815,0
            2.94263,42.29825,0
            2.94264,42.2983,0
            2.94266,42.29836,0
            2.94271,42.29847,0
            2.94281,42.29865,0
            2.9429,42.29879,0
            2.94291,42.29898,0
            2.94336,42.29974,0
            2.94377,42.30038,0
            2.94383,42.30049,0
            2.94386,42.30053,0
            2.94429,42.30127,0
            2.94448,42.30163,0
            2.94455,42.30174,0
            2.94473,42.30209,0
            2.94492,42.30256,0
            2.94503,42.30279,0
            2.94524,42.30331,0
            2.94556,42.30421,0
            2.94573,42.3048,0
            2.94586,42.30532,0
            2.94608,42.30653,0
            2.94614,42.30707,0
            2.94619,42.30815,0
            2.94618,42.30893,0
            2.94616,42.30933,0
            2.94611,42.30981,0
            2.94599,42.31067,0
            2.94591,42.31109,0
            2.94584,42.31137,0
            2.94582,42.31148,0
            2.94578,42.31162,0
            2.9457,42.31196,0
            2.94529,42.31332,0
            2.94482,42.31454,0
            2.94474,42.31471,0
            2.94474,42.31472,0
            2.94394,42.3166,0
            2.9439,42.31667,0
            2.94324,42.31799,0
            2.94299,42.31845,0
            2.94293,42.31854,0
            2.94283,42.31873,0
            2.94202,42.32012,0
            2.94156,42.32086,0
            2.94145,42.32102,0
            2.94144,42.32104,0
            2.94061,42.3223,0
            2.94011,42.323,0
            2.93986,42.32331,0
            2.93963,42.32364,0
            2.93955,42.32373,0
            2.93938,42.32396,0
            2.93921,42.32416,0
            2.93886,42.32461,0
            2.93813,42.3255,0
            2.93649,42.32732,0
            2.93538,42.32846,0
            2.93521,42.32862,0
            2.93498,42.32886,0
            2.93376,42.33001,0
            2.9326,42.33103,0
            2.93233,42.33125,0
            2.93232,42.33127,0
            2.93134,42.33208,0
            2.93114,42.33223,0
            2.93101,42.33234,0
            2.93086,42.33245,0
            2.92994,42.33318,0
            2.92967,42.33337,0
            2.92847,42.33428,0
            2.92541,42.33652,0
            2.92526,42.33664,0
            2.92504,42.3368,0
            2.9236,42.33797,0
            2.92286,42.33862,0
            2.92155,42.33989,0
            2.92055,42.34096,0
            2.91965,42.34202,0
            2.91941,42.34233,0
            2.91889,42.34296,0
            2.91868,42.34324,0
            2.91822,42.34378,0
            2.91808,42.34397,0
            2.91798,42.34408,0
            2.91777,42.34435,0
            2.91761,42.34452,0
            2.91745,42.34471,0
            2.91632,42.34595,0
            2.9154,42.34685,0
            2.91528,42.34695,0
            2.91511,42.34711,0
            2.91484,42.34733,0
            2.91438,42.34774,0
            2.91381,42.34818,0
            2.91366,42.34831,0
            2.91285,42.34891,0
            2.91212,42.34942,0
            2.91116,42.35004,0
            2.91025,42.35059,0
            2.90985,42.35081,0
            2.90922,42.35118,0
            2.90881,42.35139,0
            2.90763,42.35205,0
            2.90674,42.3526,0
            2.9062,42.35296,0
            2.90604,42.35308,0
            2.90603,42.35309,0
            2.90585,42.35321,0
            2.90558,42.35342,0
            2.90505,42.35386,0
            2.90464,42.35422,0
            2.90426,42.35461,0
            2.90415,42.35471,0
            2.90367,42.35527,0
            2.90334,42.35569,0
            2.90297,42.3562,0
            2.90198,42.35772,0
            2.90162,42.35824,0
            2.9011,42.3589,0
            2.90073,42.35932,0
            2.90009,42.35998,0
            2.89958,42.36044,0
            2.89932,42.36066,0
            2.89857,42.36125,0
            2.89836,42.3614,0
            2.89772,42.36182,0
            2.89743,42.36198,0
            2.89711,42.36218,0
            2.89613,42.36274,0
            2.89564,42.363,0
            2.89471,42.36356,0
            2.89455,42.36369,0
            2.89413,42.36399,0
            2.89406,42.36405,0
            2.89351,42.36447,0
            2.89283,42.36509,0
            2.89226,42.36569,0
            2.89183,42.36622,0
            2.89161,42.36653,0
            2.89136,42.36692,0
            2.89111,42.36738,0
            2.89086,42.36788,0
            2.89053,42.36875,0
            2.89013,42.37047,0
            2.89,42.37096,0
            2.88988,42.37135,0
            2.88984,42.37145,0
            2.88982,42.37153,0
            2.88962,42.37201,0
            2.88929,42.37266,0
            2.88894,42.37324,0
            2.88825,42.37418,0
            2.88814,42.37431,0
            2.88802,42.37447,0
            2.88799,42.37452,0
            2.88785,42.37469,0
            2.88739,42.37536,0
            2.88716,42.37575,0
            2.88714,42.3758,0
            2.88699,42.37609,0
            2.88682,42.37645,0
            2.88656,42.37712,0
            2.88656,42.37714,0
            2.88641,42.37764,0
            2.88632,42.37809,0
            2.88624,42.37861,0
            2.88614,42.37979,0
            2.88606,42.38051,0
            2.88602,42.38069,0
            2.88602,42.38072,0
            2.88589,42.3814,0
            2.88586,42.38152,0
            2.88585,42.38158,0
            2.88572,42.38203,0
            2.88551,42.38263,0
            2.88518,42.38335,0
            2.88453,42.3845,0
            2.88344,42.38618,0
            2.88337,42.38632,0
            2.88318,42.38665,0
            2.88316,42.3867,0
            2.88296,42.38711,0
            2.88281,42.38745,0
            2.88208,42.38965,0
            2.88183,42.39027,0
            2.88161,42.39072,0
            2.88159,42.39074,0
            2.88148,42.39096,0
            2.88147,42.39096,0
            2.88138,42.39113,0
            2.88113,42.39155,0
            2.88062,42.39226,0
            2.8805,42.39241,0
            2.8805,42.39242,0
            2.88038,42.39257,0
            2.88038,42.39258,0
            2.88015,42.39287,0
            2.88014,42.39289,0
            2.87942,42.39382,0
            2.8791,42.39428,0
            2.87909,42.3943,0
            2.87908,42.39431,0
            2.87866,42.39502,0
            2.87827,42.3958,0
            2.87819,42.39598,0
            2.87737,42.39819,0
            2.87721,42.39853,0
            2.87714,42.39871,0
            2.87713,42.39872,0
            2.87698,42.39905,0
            2.87697,42.39908,0
            2.87672,42.3996,0
            2.87667,42.39969,0
            2.87666,42.39972,0
            2.87636,42.40029,0
            2.87636,42.4003,0
            2.8763,42.40039,0
            2.87627,42.40046,0
            2.87612,42.40073,0
            2.8761,42.40075,0
            2.87584,42.40123,0
            2.87451,42.40342,0
            2.8745,42.40343,0
            2.87362,42.40487,0
            2.8735,42.40511,0
            2.87343,42.40523,0
            2.87321,42.40569,0
            2.87308,42.406,0
            2.87298,42.40627,0
            2.87297,42.40629,0
            2.87277,42.40697,0
            2.87259,42.40799,0
            2.87256,42.40823,0
            2.87256,42.40835,0
            2.87253,42.40854,0
            2.87252,42.4087,0
            2.87252,42.40916,0
            2.87251,42.40935,0
            2.87255,42.40988,0
            2.87256,42.41014,0
            2.87258,42.41032,0
            2.8726,42.41068,0
            2.87259,42.41149,0
            2.87251,42.41222,0
            2.87242,42.41285,0
            2.8722,42.41373,0
            2.87218,42.41379,0
            2.872,42.4145,0
            2.87196,42.41471,0
            2.87195,42.41473,0
            2.87193,42.41484,0
            2.87191,42.4149,0
            2.87189,42.41494,0
            2.87185,42.41508,0
            2.87184,42.41514,0
            2.87177,42.41536,0
            2.87174,42.41549,0
            2.87174,42.4155,0
            2.87166,42.41585,0
            2.87165,42.41588,0
            2.87165,42.41589,0
            2.87147,42.41664,0
            2.87118,42.41798,0
            2.87113,42.41817,0
            2.87104,42.41859,0
            2.87079,42.41957,0
            2.87052,42.42044,0
            2.87031,42.421,0
            2.87016,42.42133,0
            2.86992,42.4218,0
            2.8698,42.42201,0
            2.86958,42.42236,0
            2.86928,42.42278,0
            2.86917,42.4229,0
            2.86912,42.42297,0
            2.86863,42.42355,0
            2.86862,42.42357,0
            2.86778,42.42447,0
            2.86752,42.42473,0
            2.86718,42.4251,0
            2.8668,42.42549,0
            2.86676,42.42554,0
            2.86638,42.42594,0
            2.86634,42.42599,0
            2.86631,42.42602,0
            2.86625,42.4261,0
            2.86621,42.42614,0
            2.86602,42.42637,0
            2.86595,42.42644,0
            2.86545,42.4271,0
            2.86535,42.42725,0
            2.8653,42.42731,0
            2.86525,42.42739,0
            2.86517,42.4275,0
            2.86495,42.42787,0
            2.86467,42.42839,0
            2.86464,42.42847,0
            2.86462,42.42849,0
            2.86441,42.42897,0
            2.86436,42.42911,0
            2.86422,42.42963,0
            2.86405,42.43019,0
            2.86393,42.43054,0
            2.86378,42.43152,0
            2.86375,42.43199,0
            2.86373,42.43309,0
            2.86383,42.43414,0
            2.86401,42.43506,0
            2.86406,42.43525,0
            2.86411,42.43539,0
            2.86414,42.43551,0
            2.86418,42.43562,0
            2.86418,42.43563,0
            2.86426,42.43584,0
            2.86439,42.43612,0
            2.8646,42.4365,0
            2.86477,42.43675,0
            2.86489,42.43691,0
            2.86523,42.43728,0
            2.86539,42.43748,0
            2.86592,42.43808,0
            2.86611,42.43834,0
            2.86629,42.43861,0
            2.86654,42.43907,0
            2.86656,42.43912,0
            2.86667,42.43934,0
            2.86684,42.43975,0
            2.8669,42.43993,0
            2.867,42.44017,0
            2.86713,42.44045,0
            2.8673,42.44076,0
            2.86731,42.44077,0
            2.8674,42.44093,0
            2.86787,42.44164,0
            2.86811,42.44203,0
            2.86825,42.44228,0
            2.86836,42.44251,0
            2.86845,42.44276,0
            2.86847,42.44279,0
            2.8686,42.44327,0
            2.86865,42.44352,0
            2.86868,42.44374,0
            2.8687,42.44401,0
            2.86867,42.44449,0
            2.86864,42.44471,0
            2.86861,42.44485,0
            2.8686,42.44493,0
            2.86848,42.44539,0
            2.8683,42.44594,0
            2.86816,42.44645,0
            2.86809,42.44679,0
            2.86805,42.44715,0
            2.86805,42.44723,0
            2.86804,42.44732,0
            2.86804,42.44756,0
            2.86805,42.44769,0
            2.86805,42.44779,0
            2.86812,42.44823,0
            2.86828,42.44893,0
            2.86838,42.44956,0
            2.8684,42.44978,0
            2.8684,42.45002,0
            2.86838,42.45035,0
            2.86837,42.45037,0
            2.86831,42.45069,0
            2.86811,42.45137,0
            2.86797,42.45177,0
            2.86796,42.45179,0
            2.86792,42.45195,0
            2.86781,42.4523,0
            2.86778,42.45243,0
            2.86773,42.4526,0
            2.86752,42.4535,0
            2.86748,42.45372,0
            2.86745,42.45382,0
            2.86744,42.4539,0
            2.8673,42.45442,0
            2.86717,42.45478,0
            2.86706,42.455,0
            2.86694,42.4552,0
            2.86685,42.45537,0
            2.86676,42.45552,0
            2.8662,42.4563,0
            2.86617,42.45633,0
            2.86602,42.45656,0
            2.86578,42.45698,0
            2.86563,42.4573,0
            2.86557,42.45746,0
            2.86548,42.45776,0
            2.86544,42.45793,0
            2.86543,42.45801,0
            2.86541,42.45811,0
            2.86537,42.45839,0
            2.86536,42.45855,0
            2.86536,42.45888,0
            2.86538,42.45921,0
            2.8654,42.45935,0
            2.86542,42.45941,0
            2.86544,42.45951,0
            2.86558,42.45999,0
            2.8658,42.46058,0
            2.86582,42.46066,0
            2.8659,42.4609,0
            2.86592,42.46098,0
            2.86593,42.46106,0
            2.86596,42.46118,0
            2.86599,42.46135,0
            2.86604,42.46179,0
            2.86604,42.46215,0
            2.86603,42.46232,0
            2.86598,42.46274,0
            2.86588,42.46329,0
            2.86582,42.46353,0
            2.86579,42.46369,0
            2.86575,42.46382,0
            2.86572,42.46398,0
            2.86571,42.46401,0
            2.86565,42.46428,0
            2.86561,42.46442,0
            2.8656,42.4645,0
            2.86554,42.46474,0
            2.86553,42.46476,0
            2.86526,42.46592,0
            2.86523,42.46608,0
            2.86502,42.46696,0
            2.86498,42.46716,0
            2.86496,42.46722,0
            2.86486,42.46763,0
            2.86484,42.46775,0
            2.86466,42.46851,0
            2.86463,42.46861,0
            2.86461,42.46872,0
            2.86447,42.46925,0
            2.86431,42.46975,0
            2.86424,42.46994,0
            2.86421,42.47004,0
            2.86416,42.47014,0
            2.86411,42.47028,0
            2.86408,42.47033,0
            2.86405,42.4704,0
            2.86398,42.47053,0
            2.86396,42.47058,0
            2.86377,42.47091,0
            2.86353,42.47127,0
            2.86331,42.47156,0
            2.86325,42.47162,0
            2.86322,42.47166,0
            2.86318,42.4717,0
            2.86305,42.47186,0
            2.86283,42.47209,0
            2.86277,42.47214,0
            2.86274,42.47217,0
            2.86202,42.47278,0
            2.86165,42.47306,0
            2.86116,42.4734,0
            2.86035,42.47392,0
            2.86005,42.4741,0
            2.85971,42.47428,0
            2.85949,42.47441,0
            2.85872,42.47481,0
            2.85866,42.47485,0
            2.8581,42.47511,0
            2.858,42.47515,0
            2.85788,42.47521,0
            2.8575,42.47535,0
            2.85744,42.47538,0
            2.85707,42.4755,0
            2.85706,42.47551,0
            2.85655,42.47567,0
            2.85639,42.47571,0
            2.85637,42.47572,0
            2.85604,42.47581,0
            2.8558,42.47586,0
            2.85573,42.47589,0
            2.85444,42.47618,0
            2.85441,42.47618,0
            2.85424,42.47622,0
            2.85402,42.47626,0
            2.85397,42.47628,0
            2.85374,42.47633,0
            2.85365,42.47634,0
            2.8535,42.47638,0
            2.85346,42.47638,0
            2.85331,42.47641,0
            2.8526,42.47659,0
            2.85249,42.47663,0
            2.8524,42.47665,0
            2.85239,42.47666,0
            2.85229,42.47668,0
            2.85186,42.47683,0
            2.85182,42.47684,0
            2.85113,42.47711,0
            2.85043,42.47745,0
            2.85008,42.47764,0
            2.84988,42.47776,0
            2.84987,42.47777,0
            2.84969,42.47787,0
            2.84968,42.47788,0
            2.84962,42.47791,0
            2.84877,42.47846,0
            2.84876,42.47847,0
            2.84862,42.47857,0
            2.84855,42.47861,0
            2.848,42.47899,0
            2.84757,42.47932,0
            2.84745,42.4794,0
            2.84738,42.47946,0
            2.84727,42.47954,0
            2.84695,42.4798,0
            2.84688,42.47987,0
            2.84673,42.47999,0
            2.84663,42.48009,0
            2.84658,42.48013,0
            2.84626,42.48046,0
            2.84606,42.48069,0
            2.8459,42.48089,0
            2.84587,42.48092,0
            2.84546,42.48153,0
            2.84545,42.48156,0
            2.84544,42.48157,0
            2.8454,42.48163,0
            2.84526,42.48191,0
            2.84521,42.48205,0
            2.84511,42.48226,0
            2.84503,42.48251,0
            2.84498,42.48264,0
            2.84488,42.48298,0
            2.84484,42.48309,0
            2.84482,42.48317,0
            2.8445,42.48416,0
            2.84447,42.48423,0
            2.84443,42.48435,0
            2.84426,42.48473,0
            2.84385,42.48542,0
            2.84377,42.48553,0
            2.84361,42.48578,0
            2.84344,42.48599,0
            2.84339,42.48606,0
            2.84319,42.48629,0
            2.84318,42.48629,0
            2.84299,42.48649,0
            2.84266,42.48679,0
            2.84217,42.48719,0
            2.84117,42.48796,0
            2.84056,42.4884,0
            2.8405,42.48845,0
            2.84043,42.48849,0
            2.84001,42.48879,0
            2.83886,42.48956,0
            2.83873,42.48963,0
            2.83846,42.4898,0
            2.83845,42.48981,0
            2.83831,42.48989,0
            2.83787,42.49018,0
            2.83742,42.49044,0
            2.83733,42.4905,0
            2.8373,42.49051,0
            2.83675,42.49083,0
            2.83668,42.49086,0
            2.83613,42.49117,0
            2.83598,42.49124,0
            2.8355,42.49151,0
            2.83303,42.49282,0
            2.83256,42.4931,0
            2.83247,42.49316,0
            2.83241,42.49319,0
            2.8317,42.49365,0
            2.83111,42.49407,0
            2.83104,42.49413,0
            2.83071,42.49436,0
            2.83062,42.49443,0
            2.83022,42.49471,0
            2.83021,42.49472,0
            2.83012,42.49477,0
            2.82995,42.49489,0
            2.82965,42.49508,0
            2.82898,42.49546,0
            2.82888,42.4955,0
            2.82883,42.49553,0
            2.82874,42.49557,0
            2.82873,42.49558,0
            2.82834,42.49575,0
            2.82779,42.49595,0
            2.82776,42.49597,0
            2.82758,42.49602,0
            2.82703,42.4962,0
            2.82673,42.49628,0
            2.82524,42.49673,0
            2.82409,42.49714,0
            2.82383,42.49725,0
            2.82298,42.49766,0
            2.82261,42.49786,0
            2.82207,42.49818,0
            2.82202,42.49822,0
            2.82176,42.49838,0
            2.82143,42.49861,0
            2.82138,42.49865,0
            2.82136,42.49867,0
            2.82128,42.49872,0
            2.82082,42.49909,0
            2.82036,42.49951,0
            2.81987,42.50002,0
            2.8195,42.50049,0
            2.8192,42.50092,0
            2.81889,42.50142,0
            2.81866,42.50188,0
            2.81858,42.50207,0
            2.81853,42.50221,0
            2.81847,42.50235,0
            2.8184,42.50256,0
            2.8184,42.50257,0
            2.81835,42.5027,0
            2.81832,42.5028,0
            2.8183,42.5029,0
            2.81826,42.50303,0
            2.81821,42.50325,0
            2.81821,42.50327,0
            2.81817,42.50345,0
            2.8181,42.5039,0
            2.8181,42.50398,0
            2.81809,42.50407,0
            2.81808,42.50412,0
            2.81808,42.50416,0
            2.81807,42.50421,0
            2.81806,42.5043,0
            2.81806,42.50464,0
            2.81805,42.50483,0
            2.81806,42.50498,0
            2.81806,42.5053,0
            2.81819,42.50736,0
            2.8182,42.50744,0
            2.8182,42.50756,0
            2.81823,42.50783,0
            2.81829,42.50881,0
            2.81829,42.5089,0
            2.81832,42.50927,0
            2.81832,42.50938,0
            2.81841,42.51058,0
            2.81841,42.51064,0
            2.81843,42.5108,0
            2.81845,42.51106,0
            2.81845,42.51115,0
            2.81856,42.51258,0
            2.81857,42.51265,0
            2.81858,42.51291,0
            2.81864,42.51372,0
            2.81865,42.51378,0
            2.81875,42.51525,0
            2.81877,42.51536,0
            2.81877,42.5154,0
            2.8188,42.51574,0
            2.81882,42.51588,0
            2.81882,42.51593,0
            2.81884,42.51608,0
            2.81886,42.51645,0
            2.81902,42.51817,0
            2.81902,42.51829,0
            2.81907,42.51934,0
            2.81908,42.51942,0
            2.81908,42.51977,0
            2.81916,42.52087,0
            2.81917,42.52094,0
            2.81917,42.52105,0
            2.81918,42.52112,0
            2.81919,42.52127,0
            2.81926,42.5219,0
            2.81932,42.52226,0
            2.81932,42.52233,0
            2.81944,42.52304,0
            2.81973,42.52424,0
            2.81981,42.52452,0
            2.81996,42.52496,0
            2.82,42.52503,0
            2.82003,42.52513,0
            2.82006,42.52519,0
            2.8201,42.52531,0
            2.82026,42.52565,0
            2.82036,42.52584,0
            2.8204,42.5259,0
            2.82041,42.52593,0
            2.82049,42.52607,0
            2.82066,42.52631,0
            2.82083,42.52645,0
            2.82131,42.52694,0
            2.82133,42.52697,0
            2.82148,42.52713,0
            2.8216,42.52728,0
            2.82176,42.52751,0
            2.82206,42.52789,0
            2.82219,42.52809,0
            2.8223,42.52828,0
            2.82245,42.52859,0
            2.82261,42.52888,0
            2.82261,42.52889,0
            2.82273,42.52909,0
            2.82301,42.52946,0
            2.82304,42.52948,0
            2.82326,42.52974,0
            2.82345,42.52991,0
            2.82354,42.53,0
            2.8237,42.53013,0
            2.82382,42.53024,0
            2.82392,42.53032,0
            2.82394,42.53034,0
            2.82416,42.53051,0
            2.82426,42.5306,0
            2.82437,42.53068,0
            2.82448,42.53077,0
            2.82482,42.53102,0
            2.82517,42.53126,0
            2.82518,42.53126,0
            2.82531,42.53136,0
            2.82566,42.53158,0
            2.82567,42.53159,0
            2.82592,42.53175,0
            2.82606,42.53183,0
            2.82608,42.53185,0
            2.82614,42.53188,0
            2.82686,42.53231,0
            2.82753,42.53267,0
            2.82766,42.53273,0
            2.82791,42.53287,0
            2.82845,42.53314,0
            2.82859,42.5332,0
            2.82878,42.5333,0
            2.82912,42.53345,0
            2.82925,42.53352,0
            2.8316,42.53454,0
            2.83382,42.53545,0
            2.83394,42.53549,0
            2.83445,42.5357,0
            2.8349,42.53586,0
            2.83777,42.53707,0
            2.83786,42.53712,0
            2.83864,42.53747,0
            2.83867,42.53749,0
            2.8396,42.53794,0
            2.83966,42.53796,0
            2.84034,42.53831,0
            2.84039,42.53833,0
            2.84053,42.53841,0
            2.84078,42.53853,0
            2.84125,42.53878,0
            2.84207,42.53925,0
            2.8429,42.53976,0
            2.84349,42.54015,0
            2.84359,42.54023,0
            2.8436,42.54023,0
            2.84399,42.5405,0
            2.84476,42.54109,0
            2.84478,42.5411,0
            2.84538,42.54159,0
            2.84595,42.54211,0
            2.84666,42.54283,0
            2.84693,42.54313,0
            2.84708,42.54332,0
            2.84709,42.54332,0
            2.84748,42.54382,0
            2.84786,42.54434,0
            2.84814,42.54477,0
            2.84857,42.54553,0
            2.84857,42.54554,0
            2.84863,42.54564,0
            2.84885,42.5461,0
            2.84899,42.54643,0
            2.849,42.54644,0
            2.84928,42.54719,0
            2.84954,42.54811,0
            2.84974,42.54933,0
            2.84976,42.54951,0
            2.84976,42.54961,0
            2.84977,42.54965,0
            2.84978,42.54987,0
            2.84979,42.54995,0
            2.8498,42.55064,0
            2.84978,42.55099,0
            2.84978,42.5511,0
            2.84977,42.55115,0
            2.84977,42.55122,0
            2.84976,42.55134,0
            2.84974,42.55146,0
            2.84972,42.55169,0
            2.84967,42.55207,0
            2.84966,42.55208,0
            2.84963,42.5523,0
            2.84949,42.55293,0
            2.84935,42.55345,0
            2.84934,42.55345,0
            2.84927,42.55369,0
            2.84921,42.55384,0
            2.84919,42.55393,0
            2.84913,42.5541,0
            2.84866,42.55522,0
            2.84852,42.55551,0
            2.84802,42.55645,0
            2.84796,42.55654,0
            2.84756,42.55726,0
            2.84754,42.55728,0
            2.84745,42.55745,0
            2.84721,42.55786,0
            2.8467,42.55881,0
            2.84663,42.55896,0
            2.84625,42.55969,0
            2.84622,42.55976,0
            2.84621,42.55977,0
            2.84613,42.55994,0
            2.84606,42.56011,0
            2.84588,42.56048,0
            2.84561,42.56111,0
            2.84551,42.56138,0
            2.8454,42.56164,0
            2.84508,42.56254,0
            2.84473,42.56371,0
            2.84473,42.56372,0
            2.84462,42.56414,0
            2.84457,42.56438,0
            2.84454,42.56448,0
            2.84454,42.56451,0
            2.84444,42.56497,0
            2.84439,42.56527,0
            2.84436,42.56539,0
            2.8442,42.56653,0
            2.8442,42.56656,0
            2.84414,42.56701,0
            2.84405,42.56795,0
            2.84397,42.56925,0
            2.84395,42.57044,0
            2.84397,42.57175,0
            2.84401,42.57267,0
            2.84416,42.57436,0
            2.84434,42.57574,0
            2.84435,42.57579,0
            2.84435,42.57594,0
            2.84438,42.5761,0
            2.84439,42.5762,0
            2.84446,42.57655,0
            2.84446,42.57657,0
            2.8446,42.57732,0
            2.84472,42.57788,0
            2.84473,42.57791,0
            2.84483,42.57837,0
            2.84503,42.57918,0
            2.84507,42.5793,0
            2.84529,42.58016,0
            2.84551,42.58079,0
            2.84558,42.58104,0
            2.84573,42.58148,0
            2.84573,42.5815,0
            2.8459,42.58198,0
            2.84591,42.58202,0
            2.84597,42.58219,0
            2.84599,42.58222,0
            2.84602,42.58233,0
            2.84608,42.58247,0
            2.84609,42.58251,0
            2.84617,42.58273,0
            2.84618,42.58274,0
            2.84623,42.58288,0
            2.84627,42.58297,0
            2.84631,42.58309,0
            2.84634,42.58315,0
            2.84645,42.58344,0
            2.8465,42.58355,0
            2.84704,42.58491,0
            2.84718,42.58523,0
            2.84727,42.58548,0
            2.8481,42.5875,0
            2.84818,42.58772,0
            2.84826,42.5879,0
            2.84833,42.5881,0
            2.8484,42.58825,0
            2.84932,42.59055,0
            2.84936,42.59063,0
            2.84994,42.59208,0
            2.84998,42.5922,0
            2.85013,42.59255,0
            2.85013,42.59256,0
            2.85033,42.59308,0
            2.85052,42.59352,0
            2.85081,42.59432,0
            2.85084,42.59443,0
            2.85098,42.59484,0
            2.8513,42.5959,0
            2.85145,42.5965,0
            2.85147,42.59656,0
            2.85167,42.59735,0
            2.85192,42.59854,0
            2.85212,42.59961,0
            2.8523,42.60077,0
            2.85241,42.60172,0
            2.85245,42.60219,0
            2.85246,42.60225,0
            2.85251,42.60288,0
            2.85251,42.60296,0
            2.85253,42.60321,0
            2.85253,42.60334,0
            2.85255,42.60358,0
            2.85255,42.6037,0
            2.85256,42.60383,0
            2.85257,42.60436,0
            2.85258,42.60442,0
            2.85258,42.60477,0
            2.85259,42.605,0
            2.85258,42.60511,0
            2.85258,42.60595,0
            2.85259,42.60615,0
            2.8526,42.60707,0
            2.8527,42.60862,0
            2.85281,42.60983,0
            2.85293,42.61066,0
            2.85294,42.61067,0
            2.85306,42.61145,0
            2.85343,42.6134,0
            2.85408,42.61578,0
            2.85412,42.6159,0
            2.85413,42.61595,0
            2.85429,42.61641,0
            2.85431,42.61649,0
            2.85439,42.61673,0
            2.85442,42.61684,0
            2.85463,42.61738,0
            2.85481,42.61791,0
            2.85489,42.61811,0
            2.85493,42.61823,0
            2.85498,42.61834,0
            2.85499,42.61837,0
            2.855,42.61839,0
            2.85502,42.61846,0
            2.85517,42.6188,0
            2.85517,42.61882,0
            2.85536,42.61926,0
            2.8554,42.61937,0
            2.8555,42.61959,0
            2.85554,42.6197,0
            2.8557,42.62005,0
            2.8557,42.62006,0
            2.8559,42.6205,0
            2.85596,42.62061,0
            2.85596,42.62062,0
            2.85751,42.62392,0
            2.85758,42.62409,0
            2.85812,42.62527,0
            2.85832,42.62577,0
            2.85835,42.62586,0
            2.85844,42.62606,0
            2.85852,42.62629,0
            2.85871,42.62677,0
            2.85877,42.6269,0
            2.85885,42.62712,0
            2.85887,42.62721,0
            2.85894,42.62737,0
            2.85932,42.62852,0
            2.85935,42.62858,0
            2.85961,42.62941,0
            2.85962,42.62947,0
            2.85971,42.62976,0
            2.85988,42.63041,0
            2.8599,42.63052,0
            2.85999,42.63087,0
            2.85999,42.6309,0
            2.86001,42.631,0
            2.86005,42.63112,0
            2.86015,42.63154,0
            2.86017,42.63165,0
            2.86018,42.63168,0
            2.8602,42.63183,0
            2.86023,42.63194,0
            2.86023,42.63201,0
            2.86031,42.63235,0
            2.86033,42.6325,0
            2.86042,42.6329,0
            2.86057,42.63382,0
            2.86063,42.63429,0
            2.86066,42.63442,0
            2.86074,42.63503,0
            2.86074,42.63507,0
            2.86081,42.63558,0
            2.86082,42.63579,0
            2.86087,42.63626,0
            2.86088,42.63652,0
            2.86089,42.63657,0
            2.86089,42.63666,0
            2.86091,42.63685,0
            2.86098,42.63824,0
            2.86115,42.6435,0
            2.86115,42.64377,0
            2.86117,42.64394,0
            2.86117,42.64431,0
            2.86121,42.64494,0
            2.86143,42.65134,0
            2.86142,42.65143,0
            2.86142,42.65146,0
            2.86143,42.65149,0
            2.86145,42.65554,0
            2.86144,42.65566,0
            2.86143,42.65822,0
            2.8614,42.65926,0
            2.8614,42.66086,0
            2.86141,42.66103,0
            2.8615,42.66112,0
            2.8615,42.66118,0
            2.86152,42.66142,0
            2.86154,42.66153,0
            2.86157,42.66162,0
            2.86159,42.6617,0
            2.86164,42.66179,0
            2.86173,42.66193,0
            2.86177,42.66198,0
            2.86203,42.66222,0
            2.86215,42.66231,0
            2.86215,42.66232,0
            2.86302,42.663,0
            2.86303,42.66303,0
            2.86307,42.66308,0
            2.86314,42.66327,0
            2.86314,42.66342,0
            2.86313,42.66348,0
            2.86309,42.6636,0
            2.86306,42.66363,0
            2.86304,42.66367,0
            2.86296,42.66375,0
            2.86292,42.66378,0
            2.86288,42.6638,0
            2.86284,42.66383,0
            2.86273,42.66389,0
            2.86247,42.66397,0
            2.86226,42.66402,0
            2.86214,42.66404,0
            2.86194,42.66409,0
            2.86191,42.66409,0
            2.86152,42.66418,0
            2.8615,42.66418,0
            2.86034,42.66443,0
            2.86024,42.66446,0
            2.86014,42.66448,0
            2.86002,42.66452,0
            2.85994,42.66454,0
            2.85985,42.66457,0
            2.85961,42.66468,0
            2.85949,42.66476,0
            2.85937,42.66486,0
            2.85934,42.6649,0
            2.85933,42.66492,0
            2.85925,42.66502,0
            2.8592,42.66513,0
            2.85917,42.66524,0
            2.85916,42.66526,0
            2.85916,42.66528,0
            2.85914,42.6654,0
            2.85915,42.66557,0
            2.85915,42.66622,0
            2.85918,42.6671,0
            2.85927,42.66761,0
            2.85929,42.66787,0
            2.85929,42.66801,0
            2.8593,42.66815,0
            2.85933,42.6694,0
            2.85929,42.66959,0
            2.85925,42.66966,0
            2.85918,42.66987,0
            2.85908,42.67005,0
            2.85913,42.6701,0
            2.85915,42.67011,0
            2.85916,42.67013,0
            2.85917,42.67014,0
            2.85921,42.67022,0
            2.85921,42.67024,0
            2.85922,42.67027,0
            2.85922,42.67034,0
            2.85921,42.67036,0
            2.85921,42.67038,0
            2.85919,42.67042,0
            2.85918,42.67043,0
            2.85916,42.67047,0
            2.85914,42.67048,0
            2.85913,42.6705,0
            2.85914,42.67057,0
            2.8592,42.67073,0
            2.85921,42.67074,0
            2.85922,42.67077,0
            2.85925,42.67083,0
            2.8593,42.67097,0
            2.85933,42.67111,0
            2.85935,42.67126,0
            2.85937,42.67135,0
            2.85938,42.67144,0
            2.85938,42.67147,0
            2.85945,42.67169,0
            2.85957,42.67191,0
            2.85962,42.67199,0
            2.85973,42.67212,0
            2.85982,42.67221,0
            2.85984,42.67222,0
            2.85988,42.67226,0
            2.85991,42.67227,0
            2.85994,42.67229,0
            2.85996,42.67231,0
            2.85999,42.67232,0
            2.86012,42.67241,0
            2.86021,42.67246,0
            2.86023,42.6725,0
            2.86023,42.67252,0
            2.86047,42.67263,0
            2.8618,42.6733,0
            2.86194,42.67338,0
            2.86217,42.67349,0
            2.86251,42.67367,0
            2.86291,42.67386,0
            2.86352,42.67419,0
            2.86357,42.67416,0
            2.86367,42.67413,0
            2.86371,42.67413,0
            2.86373,42.67412,0
            2.86392,42.67412,0
            2.86409,42.67417,0
            2.86419,42.67422,0
            2.86422,42.67425,0
            2.86426,42.67431,0
            2.86429,42.67442,0
            2.8643,42.6745,0
            2.86423,42.67461,0
            2.86414,42.67471,0
            2.8641,42.67473,0
            2.86407,42.67475,0
            2.86399,42.67479,0
            2.8637,42.67522,0
            2.86349,42.67543,0
            2.86343,42.67551,0
            2.86339,42.67555,0
            2.86327,42.6757,0
            2.86324,42.67573,0
            2.8631,42.67603,0
            2.8631,42.67604,0
            2.86307,42.67609,0
            2.86307,42.67612,0
            2.86293,42.67692,0
            2.86292,42.67701,0
            2.86292,42.67711,0
            2.8629,42.67728,0
            2.86289,42.67746,0
            2.86293,42.67824,0
            2.86291,42.67894,0
            2.86292,42.67908,0
            2.86293,42.67963,0
            2.86299,42.68023,0
            2.86305,42.68057,0
            2.86313,42.68081,0
            2.86315,42.68104,0
            2.86334,42.68147,0
            2.86338,42.68174,0
            2.86338,42.68176,0
            2.8635,42.68235,0
            2.8635,42.68274,0
            2.86345,42.68301,0
            2.86348,42.68302,0
            2.8635,42.68304,0
            2.86355,42.68307,0
            2.86357,42.68309,0
            2.86358,42.68311,0
            2.86361,42.68314,0
            2.86362,42.68316,0
            2.86363,42.68317,0
            2.86364,42.68319,0
            2.86365,42.6832,0
            2.86367,42.68324,0
            2.86367,42.68325,0
            2.86368,42.68327,0
            2.86368,42.68328,0
            2.86369,42.68329,0
            2.86369,42.68337,0
            2.8637,42.68338,0
            2.8637,42.6834,0
            2.86369,42.68341,0
            2.86369,42.68343,0
            2.86368,42.68345,0
            2.86368,42.68347,0
            2.86367,42.68349,0
            2.86365,42.68351,0
            2.86362,42.68356,0
            2.86359,42.68358,0
            2.86353,42.68364,0
            2.86352,42.68364,0
            2.86351,42.68365,0
            2.86349,42.68366,0
            2.86348,42.68366,0
            2.86347,42.68367,0
            2.86337,42.68372,0
            2.86335,42.68372,0
            2.86333,42.68373,0
            2.86331,42.68373,0
            2.86312,42.68425,0
            2.86311,42.6843,0
            2.86279,42.68517,0
            2.86278,42.68521,0
            2.86276,42.68525,0
            2.86262,42.68565,0
            2.86257,42.68582,0
            2.86256,42.68584,0
            2.86252,42.68599,0
            2.86252,42.686,0
            2.86251,42.68604,0
            2.86249,42.68622,0
            2.86249,42.68652,0
            2.86248,42.68654,0
            2.86248,42.68664,0
            2.86246,42.68688,0
            2.86245,42.6869,0
            2.86244,42.68712,0
            2.86243,42.68721,0
            2.86243,42.68725,0
            2.86242,42.6873,0
            2.86241,42.68743,0
            2.86235,42.68994,0
            2.86239,42.69072,0
            2.8624,42.6908,0
            2.8625,42.69227,0
            2.86258,42.69296,0
            2.86258,42.69301,0
            2.86259,42.69305,0
            2.8626,42.69318,0
            2.86261,42.69323,0
            2.86265,42.69361,0
            2.86276,42.69426,0
            2.86289,42.69488,0
            2.86297,42.69513,0
            2.86313,42.69552,0
            2.86313,42.69553,0
            2.86314,42.69555,0
            2.86314,42.69556,0
            2.86354,42.69649,0
            2.86357,42.69658,0
            2.86363,42.69666,0
            2.86364,42.69668,0
            2.86376,42.69682,0
            2.86378,42.69683,0
            2.86385,42.69689,0
            2.86406,42.69701,0
            2.86416,42.69705,0
            2.86417,42.69705,0
            2.86418,42.69706,0
            2.86427,42.69708,0
            2.86464,42.69713,0
            2.86466,42.69714,0
            2.865,42.69717,0
            2.86512,42.69719,0
            2.86515,42.69719,0
            2.86529,42.69721,0
            2.86536,42.69723,0
            2.86542,42.69728,0
            2.86551,42.69741,0
            2.86554,42.69744,0
            2.86566,42.69753,0
            2.8658,42.69753,0
            2.86599,42.69759,0
            2.86604,42.69762,0
            2.86606,42.69764,0
            2.86609,42.69765,0
            2.86613,42.69769,0
            2.86614,42.69772,0
            2.86616,42.69774,0
            2.86618,42.69778,0
            2.86619,42.69781,0
            2.86638,42.69791,0
            2.86662,42.69796,0
            2.8671,42.69803,0
            2.86713,42.69804,0
            2.86857,42.69826,0
            2.86869,42.69827,0
            2.86872,42.69828,0
            2.86877,42.69831,0
            2.8728,42.69881,0
            2.87298,42.69884,0
            2.87312,42.69885,0
            2.87427,42.699,0
            2.87436,42.69896,0
            2.87473,42.69899,0
            2.87519,42.69905,0
            2.87523,42.69906,0
            2.87547,42.69909,0
            2.87676,42.6993,0
            2.8769,42.69933,0
            2.87715,42.69937,0
            2.87725,42.69937,0
            2.87728,42.69936,0
            2.87731,42.69936,0
            2.87733,42.69935,0
            2.87739,42.69933,0
            2.87746,42.69929,0
            2.87751,42.69925,0
            2.87759,42.69917,0
            2.8776,42.69915,0
            2.87761,42.69912,0
            2.87762,42.69911,0
            2.87766,42.69897,0
            2.87771,42.69885,0
            2.87802,42.69889,0
            2.87825,42.69893,0
            2.8815,42.69932,0
            2.88151,42.69883,0
            2.88164,42.69868,0
            2.88187,42.69839,0
            2.88194,42.69819,0
            2.8823,42.69694,0
            2.88176,42.69681,0
            2.88017,42.69637,0
            2.88014,42.69632,0
            2.88013,42.69628,0
            2.88011,42.69626,0
            2.88008,42.69618,0
          </coordinates>
        </LineString>
      </Placemark>
      <Placemark>
        <name>Barcelona-Sants</name>
        <styleUrl>#icon-1899-DB4436-nodesc</styleUrl>
        <Point>
          <coordinates>
            2.1405592,41.3782795,0
          </coordinates>
        </Point>
      </Placemark>
      <Placemark>
        <name>Girona train station</name>
        <styleUrl>#icon-1899-DB4436-nodesc</styleUrl>
        <Point>
          <coordinates>
            2.817079,41.9792116,0
          </coordinates>
        </Point>
      </Placemark>
      <Placemark>
        <name>Figueres - Vilafant</name>
        <styleUrl>#icon-1899-DB4436-nodesc</styleUrl>
        <Point>
          <coordinates>
            2.9437644,42.2648941,0
          </coordinates>
        </Point>
      </Placemark>
      <Placemark>
        <name>Perpignan</name>
        <styleUrl>#icon-1899-DB4436-nodesc</styleUrl>
        <Point>
          <coordinates>
            2.8800837,42.6961827,0
          </coordinates>
        </Point>
      </Placemark>
    </Folder>
    <Folder>
      <name>Thursday, May 7 PM (TER 86985 Portbou)</name>
      <Placemark>
        <name>Thursday, May 7 PM (TER 86985 Portbou)</name>
        <styleUrl>#line-1267FF-5000-nodesc</styleUrl>
        <LineString>
          <tessellate>1</tessellate>
          <coordinates>
            2.90064,42.68751,0
            2.90061,42.68745,0
            2.90096,42.68738,0
            2.90098,42.68737,0
            2.90136,42.68728,0
            2.90241,42.68707,0
            2.90244,42.68707,0
            2.90407,42.68669,0
            2.90553,42.68641,0
            2.90596,42.68631,0
            2.90634,42.68625,0
            2.90653,42.68623,0
            2.90674,42.68624,0
            2.90677,42.68621,0
            2.90679,42.6862,0
            2.9068,42.68619,0
            2.9069,42.68614,0
            2.90692,42.68614,0
            2.90695,42.68613,0
            2.90698,42.68613,0
            2.907,42.68612,0
            2.90711,42.68612,0
            2.90712,42.68613,0
            2.90716,42.68613,0
            2.90717,42.68614,0
            2.90718,42.68614,0
            2.90726,42.68612,0
            2.90733,42.68609,0
            2.90786,42.68578,0
            2.9081,42.68558,0
            2.90816,42.68551,0
            2.90823,42.68541,0
            2.90827,42.68533,0
            2.90849,42.68506,0
            2.90852,42.68499,0
            2.90896,42.68419,0
            2.9091,42.68391,0
            2.91058,42.68124,0
            2.91061,42.68106,0
            2.91058,42.68103,0
            2.91058,42.68102,0
            2.91057,42.68101,0
            2.91057,42.68098,0
            2.91056,42.68097,0
            2.91056,42.68092,0
            2.91057,42.6809,0
            2.91057,42.68089,0
            2.91058,42.68087,0
            2.91062,42.68083,0
            2.91063,42.68081,0
            2.91074,42.68077,0
            2.91079,42.68076,0
            2.91096,42.68056,0
            2.9117,42.67921,0
            2.9119,42.67891,0
            2.9121,42.67865,0
            2.91267,42.67809,0
            2.91273,42.678,0
            2.91271,42.67796,0
            2.9127,42.67795,0
            2.9127,42.67793,0
            2.91269,42.67792,0
            2.91269,42.67784,0
            2.91272,42.67775,0
            2.91274,42.67772,0
            2.91277,42.6777,0
            2.91279,42.67768,0
            2.91282,42.67766,0
            2.91283,42.67765,0
            2.91284,42.67765,0
            2.91286,42.67763,0
            2.91288,42.67763,0
            2.91289,42.67762,0
            2.91297,42.6775,0
            2.91301,42.6774,0
            2.91314,42.67688,0
            2.91332,42.67632,0
            2.91349,42.67598,0
            2.91356,42.67588,0
            2.91385,42.6753,0
            2.91387,42.67525,0
            2.91399,42.67506,0
            2.91585,42.67169,0
            2.91601,42.67137,0
            2.916,42.67134,0
            2.91601,42.6713,0
            2.91602,42.6713,0
            2.91617,42.67088,0
            2.91617,42.67087,0
            2.91622,42.67067,0
            2.91623,42.67065,0
            2.91623,42.67062,0
            2.91624,42.6706,0
            2.91624,42.67053,0
            2.91623,42.67049,0
            2.91623,42.67047,0
            2.91622,42.67046,0
            2.91621,42.67042,0
            2.91616,42.67035,0
            2.91614,42.67033,0
            2.91611,42.67031,0
            2.91607,42.67027,0
            2.91605,42.67022,0
            2.91605,42.67021,0
            2.91604,42.6702,0
            2.91604,42.67014,0
            2.91605,42.67012,0
            2.91605,42.67009,0
            2.91607,42.67007,0
            2.9161,42.67002,0
            2.91611,42.67001,0
            2.91613,42.67,0
            2.91614,42.66999,0
            2.91616,42.66998,0
            2.91617,42.66997,0
            2.91621,42.66995,0
            2.91622,42.66995,0
            2.91625,42.66993,0
            2.91629,42.66992,0
            2.91632,42.66992,0
            2.91635,42.66991,0
            2.91649,42.66991,0
            2.9167,42.66978,0
            2.91673,42.66975,0
            2.91683,42.66967,0
            2.91706,42.66942,0
            2.91713,42.66932,0
            2.91718,42.66929,0
            2.91787,42.66802,0
            2.9184,42.66714,0
            2.9185,42.66694,0
            2.91856,42.66684,0
            2.91856,42.66679,0
            2.91885,42.66611,0
            2.91887,42.66605,0
            2.9189,42.66591,0
            2.91889,42.6659,0
            2.91886,42.66588,0
            2.91886,42.66587,0
            2.91883,42.66585,0
            2.91881,42.66582,0
            2.91878,42.66573,0
            2.91878,42.66566,0
            2.91881,42.66557,0
            2.91883,42.66554,0
            2.91886,42.66551,0
            2.91889,42.66549,0
            2.91892,42.66546,0
            2.91893,42.66535,0
            2.91891,42.66528,0
            2.91887,42.66522,0
            2.9188,42.66517,0
            2.91816,42.665,0
            2.91805,42.66495,0
            2.91797,42.66489,0
            2.91792,42.66483,0
            2.91788,42.66476,0
            2.91785,42.66468,0
            2.91784,42.66455,0
            2.91788,42.66438,0
            2.91796,42.66429,0
            2.91804,42.66423,0
            2.91816,42.66418,0
            2.91912,42.66396,0
            2.91921,42.66393,0
            2.9194,42.66383,0
            2.91944,42.66375,0
            2.91947,42.66372,0
            2.91949,42.66371,0
            2.9195,42.66369,0
            2.91951,42.66369,0
            2.91957,42.66366,0
            2.9196,42.66366,0
            2.91962,42.66365,0
            2.91964,42.66365,0
            2.91966,42.66364,0
            2.91971,42.66364,0
            2.91973,42.66365,0
            2.91977,42.66365,0
            2.9198,42.66366,0
            2.91981,42.66366,0
            2.91982,42.66367,0
            2.91984,42.66367,0
            2.91985,42.66368,0
            2.91986,42.66368,0
            2.91988,42.6637,0
            2.91996,42.66368,0
            2.92002,42.66368,0
            2.92015,42.66363,0
            2.92024,42.66357,0
            2.92054,42.66334,0
            2.92077,42.66311,0
            2.9208,42.66306,0
            2.92084,42.66302,0
            2.92098,42.66282,0
            2.92099,42.66282,0
            2.92106,42.66278,0
            2.92124,42.66247,0
            2.92173,42.66185,0
            2.9218,42.66174,0
            2.92202,42.66145,0
            2.92227,42.66108,0
            2.92363,42.65926,0
            2.92365,42.65924,0
            2.92379,42.65905,0
            2.92384,42.659,0
            2.92398,42.6588,0
            2.92407,42.65869,0
            2.92432,42.65834,0
            2.92433,42.65834,0
            2.92481,42.65769,0
            2.92483,42.65765,0
            2.92484,42.65765,0
            2.92485,42.65764,0
            2.92534,42.6569,0
            2.92564,42.65636,0
            2.92579,42.65604,0
            2.92583,42.65597,0
            2.92604,42.65548,0
            2.92604,42.65546,0
            2.92608,42.65537,0
            2.92629,42.65479,0
            2.92631,42.6547,0
            2.92642,42.65436,0
            2.92702,42.65227,0
            2.92704,42.65222,0
            2.92716,42.65182,0
            2.92716,42.65178,0
            2.92719,42.6517,0
            2.92768,42.64995,0
            2.9277,42.64991,0
            2.92771,42.64984,0
            2.92774,42.64978,0
            2.92801,42.64884,0
            2.92805,42.64873,0
            2.92807,42.64865,0
            2.92817,42.64838,0
            2.92842,42.64791,0
            2.92848,42.64782,0
            2.92854,42.64775,0
            2.92861,42.64764,0
            2.92869,42.64755,0
            2.92878,42.64743,0
            2.92894,42.64725,0
            2.92903,42.64713,0
            2.93003,42.64598,0
            2.93013,42.64588,0
            2.93023,42.64575,0
            2.93038,42.64559,0
            2.93038,42.64558,0
            2.93058,42.64537,0
            2.931,42.64488,0
            2.93118,42.64469,0
            2.93135,42.64448,0
            2.93298,42.64262,0
            2.93306,42.64251,0
            2.93332,42.64221,0
            2.9334,42.64213,0
            2.93376,42.64171,0
            2.93384,42.64163,0
            2.93685,42.63819,0
            2.93691,42.63813,0
            2.93693,42.6381,0
            2.93695,42.63808,0
            2.93696,42.63806,0
            2.93698,42.63804,0
            2.937,42.63803,0
            2.93705,42.63796,0
            2.93707,42.63795,0
            2.93708,42.63793,0
            2.9371,42.63791,0
            2.93712,42.63788,0
            2.93736,42.63762,0
            2.93752,42.63742,0
            2.93762,42.63732,0
            2.93994,42.63466,0
            2.94,42.63458,0
            2.94034,42.6342,0
            2.94047,42.63404,0
            2.94078,42.6337,0
            2.94085,42.63361,0
            2.94103,42.63341,0
            2.94215,42.63199,0
            2.94222,42.63189,0
            2.94225,42.63186,0
            2.94229,42.6318,0
            2.94237,42.6317,0
            2.94238,42.6317,0
            2.94295,42.63098,0
            2.9431,42.63081,0
            2.94316,42.63073,0
            2.94349,42.63038,0
            2.94351,42.63035,0
            2.94484,42.62886,0
            2.94494,42.62876,0
            2.94555,42.62807,0
            2.94565,42.62797,0
            2.94614,42.6274,0
            2.94624,42.6273,0
            2.94685,42.6266,0
            2.94685,42.62659,0
            2.94692,42.62652,0
            2.94698,42.62644,0
            2.95027,42.62271,0
            2.95048,42.62249,0
            2.9519,42.62088,0
            2.95204,42.62074,0
            2.95343,42.61918,0
            2.95345,42.61915,0
            2.95351,42.61909,0
            2.95373,42.61883,0
            2.9538,42.61876,0
            2.95391,42.61863,0
            2.95447,42.61805,0
            2.95472,42.61783,0
            2.95473,42.61775,0
            2.95492,42.61758,0
            2.95495,42.61756,0
            2.95501,42.6175,0
            2.95549,42.61711,0
            2.95554,42.61708,0
            2.95561,42.61702,0
            2.95624,42.6166,0
            2.95626,42.61659,0
            2.95642,42.61647,0
            2.95643,42.61647,0
            2.95658,42.61636,0
            2.95661,42.61633,0
            2.95677,42.61622,0
            2.95679,42.6162,0
            2.95688,42.61614,0
            2.95695,42.61608,0
            2.95698,42.61606,0
            2.95704,42.61598,0
            2.95705,42.61592,0
            2.95704,42.61591,0
            2.95702,42.61587,0
            2.95702,42.61586,0
            2.95701,42.61584,0
            2.95701,42.61578,0
            2.95702,42.61577,0
            2.95703,42.61575,0
            2.95703,42.61573,0
            2.95704,42.61572,0
            2.95705,42.6157,0
            2.95707,42.61569,0
            2.95708,42.61567,0
            2.95716,42.61563,0
            2.95718,42.61563,0
            2.9572,42.61562,0
            2.95722,42.61562,0
            2.9573,42.61557,0
            2.95733,42.61553,0
            2.95738,42.61548,0
            2.95746,42.61535,0
            2.95749,42.61532,0
            2.95752,42.61528,0
            2.95763,42.61506,0
            2.9577,42.61494,0
            2.95773,42.61487,0
            2.95784,42.61472,0
            2.95808,42.61428,0
            2.95796,42.61417,0
            2.95794,42.61413,0
            2.95793,42.61409,0
            2.95799,42.61401,0
            2.9581,42.61394,0
            2.95813,42.61393,0
            2.95814,42.61393,0
            2.95823,42.61388,0
            2.95824,42.61387,0
            2.95827,42.61382,0
            2.95828,42.61381,0
            2.95831,42.61376,0
            2.95832,42.61371,0
            2.9583,42.61367,0
            2.95827,42.61363,0
            2.95817,42.61356,0
            2.95813,42.61354,0
            2.95792,42.61337,0
            2.9578,42.61325,0
            2.95773,42.61316,0
            2.95769,42.61309,0
            2.95751,42.61283,0
            2.95745,42.61278,0
            2.95733,42.61257,0
            2.95692,42.61197,0
            2.95648,42.61127,0
            2.95646,42.61125,0
            2.9563,42.61102,0
            2.9563,42.61101,0
            2.95624,42.61092,0
            2.95623,42.61089,0
            2.95616,42.61077,0
            2.95608,42.61059,0
            2.95605,42.6105,0
            2.95605,42.61048,0
            2.95603,42.61037,0
            2.95604,42.61008,0
            2.95627,42.60924,0
            2.9563,42.6091,0
            2.95631,42.60908,0
            2.95648,42.60834,0
            2.95648,42.60832,0
            2.95658,42.608,0
            2.95657,42.60782,0
            2.95657,42.60749,0
            2.95655,42.60734,0
            2.95656,42.6073,0
            2.95658,42.60709,0
            2.95677,42.60615,0
            2.95695,42.60542,0
            2.95696,42.60534,0
            2.95729,42.60462,0
            2.95758,42.60404,0
            2.95766,42.6039,0
            2.95828,42.60215,0
            2.9583,42.60211,0
            2.95833,42.602,0
            2.95832,42.60186,0
            2.95856,42.60176,0
            2.96172,42.60025,0
            2.96173,42.60024,0
            2.96253,42.59989,0
            2.96322,42.59962,0
            2.96351,42.59952,0
            2.96354,42.59952,0
            2.96418,42.5993,0
            2.96491,42.59909,0
            2.96587,42.5989,0
            2.96586,42.59883,0
            2.96585,42.59881,0
            2.96583,42.59879,0
            2.96582,42.59879,0
            2.96575,42.59876,0
            2.96463,42.59846,0
            2.9645,42.5984,0
            2.96438,42.59833,0
            2.96427,42.59824,0
            2.96417,42.59812,0
            2.96412,42.59799,0
            2.96404,42.59764,0
            2.96386,42.59707,0
            2.96404,42.59764,0
            2.96412,42.59799,0
            2.96417,42.59812,0
            2.96427,42.59824,0
            2.96438,42.59833,0
            2.9645,42.5984,0
            2.96463,42.59846,0
            2.96575,42.59876,0
            2.96582,42.59879,0
            2.96583,42.59879,0
            2.96585,42.59881,0
            2.96586,42.59883,0
            2.96587,42.5989,0
            2.96628,42.59886,0
            2.96633,42.59885,0
            2.96651,42.59877,0
            2.96651,42.59875,0
            2.96652,42.59875,0
            2.96652,42.59873,0
            2.96653,42.59873,0
            2.96653,42.59872,0
            2.96655,42.59872,0
            2.96655,42.59871,0
            2.96657,42.59871,0
            2.96657,42.5987,0
            2.96665,42.5987,0
            2.96665,42.59871,0
            2.96667,42.59871,0
            2.96667,42.59872,0
            2.96668,42.59872,0
            2.9667,42.59874,0
            2.9667,42.59875,0
            2.96671,42.59875,0
            2.96671,42.59876,0
            2.9668,42.59879,0
            2.96684,42.59879,0
            2.96688,42.5988,0
            2.967,42.59881,0
            2.9671,42.59881,0
            2.96755,42.59876,0
            2.96774,42.59872,0
            2.96825,42.59854,0
            2.96902,42.59822,0
            2.96936,42.59812,0
            2.96952,42.59811,0
            2.96952,42.59809,0
            2.96953,42.59809,0
            2.96953,42.59808,0
            2.96954,42.59808,0
            2.96954,42.59807,0
            2.96955,42.59807,0
            2.96956,42.59806,0
            2.96958,42.59806,0
            2.96958,42.59805,0
            2.96961,42.59805,0
            2.96962,42.59806,0
            2.96965,42.59806,0
            2.96965,42.59807,0
            2.96967,42.59807,0
            2.96967,42.59808,0
            2.96968,42.59808,0
            2.96968,42.59809,0
            2.96989,42.59803,0
            2.97146,42.59782,0
            2.97184,42.59781,0
            2.97193,42.59782,0
            2.972,42.59757,0
            2.972,42.59756,0
            2.97201,42.59754,0
            2.97205,42.59739,0
            2.97206,42.59738,0
            2.97208,42.59712,0
            2.97202,42.59684,0
            2.97334,42.59681,0
            2.97337,42.59682,0
            2.9734,42.59682,0
            2.97342,42.59684,0
            2.97344,42.59685,0
            2.97345,42.59689,0
            2.97347,42.59691,0
            2.97347,42.59693,0
            2.97348,42.59699,0
            2.97352,42.59712,0
            2.97354,42.59716,0
            2.97357,42.59718,0
            2.97441,42.59754,0
            2.97455,42.59733,0
            2.97475,42.59707,0
            2.97475,42.59706,0
            2.9765,42.59492,0
            2.97654,42.59488,0
            2.97706,42.59423,0
            2.9771,42.59417,0
            2.97807,42.59298,0
            2.97813,42.59288,0
            2.9782,42.5928,0
            2.97827,42.59274,0
            2.97832,42.59271,0
            2.97837,42.59269,0
            2.97844,42.59268,0
            2.97857,42.59246,0
            2.97887,42.59206,0
            2.9792,42.5917,0
            2.97929,42.59162,0
            2.97971,42.59116,0
            2.98015,42.59071,0
            2.98073,42.59004,0
            2.98089,42.58988,0
            2.98096,42.58983,0
            2.98099,42.5898,0
            2.98108,42.58974,0
            2.98126,42.58964,0
            2.98129,42.58963,0
            2.98133,42.58961,0
            2.98138,42.5896,0
            2.98142,42.58958,0
            2.98183,42.58944,0
            2.98204,42.58934,0
            2.98207,42.58932,0
            2.98218,42.58921,0
            2.98228,42.58908,0
            2.98238,42.58892,0
            2.98253,42.5886,0
            2.98254,42.5886,0
            2.98254,42.58859,0
            2.98264,42.58856,0
            2.98268,42.58847,0
            2.98291,42.58804,0
            2.98325,42.58752,0
            2.98366,42.58702,0
            2.98372,42.58693,0
            2.98376,42.5869,0
            2.98421,42.5864,0
            2.98437,42.58624,0
            2.98438,42.58622,0
            2.98463,42.58596,0
            2.98466,42.58592,0
            2.98538,42.58516,0
            2.98546,42.58509,0
            2.98582,42.5847,0
            2.9859,42.58463,0
            2.98741,42.58303,0
            2.98744,42.58299,0
            2.98805,42.58235,0
            2.98809,42.5823,0
            2.99188,42.57827,0
            2.99194,42.57822,0
            2.99508,42.57493,0
            2.99579,42.57415,0
            2.99677,42.57295,0
            2.99708,42.57254,0
            2.99749,42.57204,0
            3.00021,42.56915,0
            3.0003,42.56907,0
            3.00039,42.56897,0
            3.00258,42.56686,0
            3.00389,42.56547,0
            3.00394,42.56543,0
            3.00456,42.56475,0
            3.00464,42.56464,0
            3.00473,42.56454,0
            3.00496,42.56423,0
            3.00499,42.56418,0
            3.00511,42.56402,0
            3.00544,42.56346,0
            3.00564,42.56305,0
            3.00572,42.56283,0
            3.00576,42.56274,0
            3.00588,42.56239,0
            3.00597,42.56206,0
            3.006,42.56189,0
            3.00605,42.56168,0
            3.00611,42.56122,0
            3.00611,42.5611,0
            3.00612,42.56098,0
            3.00613,42.55999,0
            3.00612,42.55996,0
            3.00612,42.55933,0
            3.00611,42.55913,0
            3.00612,42.55903,0
            3.00611,42.55897,0
            3.00611,42.55813,0
            3.0061,42.55805,0
            3.00604,42.55227,0
            3.00603,42.55215,0
            3.00602,42.5506,0
            3.00596,42.55053,0
            3.00595,42.55053,0
            3.00595,42.55024,0
            3.00594,42.55021,0
            3.00594,42.55018,0
            3.00589,42.55007,0
            3.00587,42.55004,0
            3.0058,42.54997,0
            3.00574,42.54993,0
            3.00571,42.54992,0
            3.00569,42.5499,0
            3.00566,42.54988,0
            3.00555,42.54984,0
            3.0055,42.54983,0
            3.00529,42.54983,0
            3.00518,42.54985,0
            3.00514,42.54987,0
            3.0051,42.54988,0
            3.00506,42.54991,0
            3.00503,42.54992,0
            3.00489,42.55002,0
            3.00488,42.55005,0
            3.00485,42.55008,0
            3.00484,42.55012,0
            3.00482,42.55016,0
            3.00481,42.55021,0
            3.00481,42.55028,0
            3.00484,42.5504,0
            3.00486,42.55042,0
            3.00486,42.55044,0
            3.00492,42.5505,0
            3.00493,42.55052,0
            3.00515,42.55068,0
            3.00523,42.55071,0
            3.00526,42.55073,0
            3.00531,42.55075,0
            3.00542,42.55078,0
            3.00547,42.5508,0
            3.0057,42.55084,0
            3.00575,42.55087,0
            3.0066,42.55092,0
            3.00684,42.55092,0
            3.00698,42.55093,0
            3.0072,42.55093,0
            3.00737,42.55091,0
            3.00737,42.5509,0
            3.00738,42.5509,0
            3.00739,42.55089,0
            3.00741,42.55089,0
            3.00742,42.55088,0
            3.00744,42.55088,0
            3.00745,42.55087,0
            3.00754,42.55087,0
            3.00755,42.55088,0
            3.00758,42.55088,0
            3.00759,42.55089,0
            3.0076,42.55089,0
            3.00761,42.5509,0
            3.00762,42.5509,0
            3.00764,42.55092,0
            3.00765,42.55092,0
            3.00765,42.55093,0
            3.00766,42.55093,0
            3.00766,42.55094,0
            3.00767,42.55094,0
            3.00767,42.55095,0
            3.00773,42.55099,0
            3.00783,42.55102,0
            3.0086,42.55116,0
            3.00877,42.5512,0
            3.00902,42.55124,0
            3.00924,42.55129,0
            3.00926,42.55129,0
            3.00958,42.55134,0
            3.00971,42.55134,0
            3.00977,42.55135,0
            3.00992,42.55133,0
            3.00994,42.55131,0
            3.00996,42.5513,0
            3.00998,42.5513,0
            3.00999,42.55129,0
            3.01001,42.55128,0
            3.01005,42.55128,0
            3.01007,42.55127,0
            3.01012,42.55127,0
            3.01014,42.55128,0
            3.01018,42.55128,0
            3.01019,42.55129,0
            3.01029,42.55127,0
            3.01052,42.55116,0
            3.0107,42.55105,0
            3.01077,42.55103,0
            3.01196,42.5503,0
            3.01198,42.55027,0
            3.01205,42.55023,0
            3.01219,42.55017,0
            3.01226,42.55015,0
            3.01247,42.55011,0
            3.01316,42.55009,0
            3.01358,42.55006,0
            3.01408,42.55005,0
            3.01468,42.54999,0
            3.01472,42.55001,0
            3.01803,42.54984,0
            3.01809,42.54983,0
            3.01813,42.54983,0
            3.01816,42.54984,0
            3.01829,42.54984,0
            3.0183,42.54983,0
            3.01834,42.54982,0
            3.01841,42.54982,0
            3.01844,42.54983,0
            3.0185,42.54982,0
            3.01859,42.54979,0
            3.0186,42.54978,0
            3.01865,42.54975,0
            3.01883,42.54956,0
            3.02018,42.54798,0
            3.02023,42.54791,0
            3.02027,42.54787,0
            3.02028,42.54785,0
            3.02029,42.54784,0
            3.02031,42.54781,0
            3.02035,42.54777,0
            3.02047,42.54762,0
            3.02062,42.54747,0
            3.02076,42.54748,0
            3.02096,42.54748,0
            3.02111,42.5475,0
            3.02116,42.54752,0
            3.02108,42.54763,0
            3.02106,42.54767,0
            3.02117,42.54777,0
            3.02125,42.54783,0
            3.02129,42.54788,0
            3.02133,42.54792,0
            3.02174,42.54815,0
            3.02202,42.54834,0
            3.02228,42.54849,0
            3.02296,42.54876,0
            3.02297,42.54876,0
            3.02322,42.54881,0
            3.0234,42.54882,0
            3.02429,42.54869,0
            3.02427,42.54884,0
            3.02427,42.54895,0
            3.02428,42.54898,0
            3.02428,42.54905,0
            3.0243,42.54914,0
            3.0243,42.54916,0
            3.02438,42.54943,0
            3.0245,42.54973,0
            3.02484,42.55044,0
            3.02487,42.55046,0
            3.0249,42.55049,0
            3.02496,42.55062,0
            3.02499,42.55064,0
            3.02502,42.5507,0
            3.02502,42.55073,0
            3.02498,42.55079,0
            3.02494,42.55081,0
            3.02489,42.55082,0
            3.02482,42.55082,0
            3.02476,42.55079,0
            3.02473,42.55076,0
            3.02472,42.55073,0
            3.02472,42.5507,0
            3.02464,42.55066,0
            3.02462,42.55064,0
            3.02458,42.55062,0
            3.02454,42.55058,0
            3.02406,42.5502,0
            3.02367,42.54997,0
            3.02265,42.54947,0
            3.02241,42.54938,0
            3.02209,42.54928,0
            3.02193,42.5492,0
            3.02138,42.54876,0
            3.02131,42.54872,0
            3.02108,42.54862,0
            3.02086,42.5485,0
            3.02083,42.54849,0
            3.02054,42.54835,0
            3.02024,42.54816,0
            3.02019,42.54814,0
            3.02009,42.54808,0
            3.02018,42.54798,0
            3.02023,42.54791,0
            3.02027,42.54787,0
            3.02028,42.54785,0
            3.02029,42.54784,0
            3.02031,42.54781,0
            3.02035,42.54777,0
            3.02047,42.54762,0
            3.02062,42.54747,0
            3.02066,42.54742,0
            3.02128,42.5468,0
            3.0214,42.54666,0
            3.0222,42.54588,0
            3.02233,42.54581,0
            3.02406,42.54462,0
            3.02409,42.54459,0
            3.02421,42.54453,0
            3.0245,42.54431,0
            3.02492,42.54404,0
            3.02509,42.54398,0
            3.02526,42.54396,0
            3.02537,42.54396,0
            3.02537,42.54393,0
            3.02538,42.54391,0
            3.02541,42.54388,0
            3.02546,42.54387,0
            3.02553,42.54387,0
            3.0256,42.54382,0
            3.02572,42.54377,0
            3.02584,42.54374,0
            3.02607,42.54365,0
            3.03057,42.54218,0
            3.03206,42.54166,0
            3.03269,42.54141,0
            3.03305,42.54129,0
            3.03382,42.54097,0
            3.03415,42.54086,0
            3.03556,42.54033,0
            3.03562,42.54029,0
            3.03591,42.54017,0
            3.03604,42.54009,0
            3.03616,42.54,0
            3.03616,42.53996,0
            3.0362,42.53984,0
            3.03623,42.5398,0
            3.0363,42.53975,0
            3.0365,42.5397,0
            3.03661,42.53971,0
            3.03671,42.53975,0
            3.03672,42.53976,0
            3.03685,42.53976,0
            3.03696,42.53974,0
            3.03708,42.5397,0
            3.0373,42.53965,0
            3.03746,42.53959,0
            3.03761,42.53956,0
            3.03919,42.53894,0
            3.03925,42.53891,0
            3.04257,42.53766,0
            3.04261,42.53765,0
            3.04343,42.53734,0
            3.04347,42.53732,0
            3.04435,42.53701,0
            3.04573,42.53648,0
            3.04577,42.53646,0
            3.04799,42.53561,0
            3.04807,42.53559,0
            3.04811,42.53557,0
            3.04833,42.5355,0
            3.04881,42.53541,0
            3.04882,42.5354,0
            3.04936,42.5353,0
            3.0494,42.53528,0
            3.04951,42.53524,0
            3.04967,42.53516,0
            3.04973,42.53511,0
            3.04994,42.53498,0
            3.04995,42.53497,0
            3.05192,42.5337,0
            3.05194,42.53368,0
            3.05198,42.53366,0
            3.052,42.53361,0
            3.05271,42.53313,0
            3.05281,42.53308,0
            3.05321,42.53283,0
            3.05354,42.53267,0
            3.05379,42.53259,0
            3.0538,42.53259,0
            3.05446,42.53237,0
            3.05453,42.53234,0
            3.0546,42.5323,0
            3.05466,42.53224,0
            3.05471,42.53217,0
            3.05473,42.53209,0
            3.05474,42.53201,0
            3.05473,42.53191,0
            3.05471,42.53189,0
            3.05469,42.53188,0
            3.05463,42.53182,0
            3.05461,42.53178,0
            3.05459,42.53172,0
            3.05459,42.53167,0
            3.05461,42.53161,0
            3.05463,42.53158,0
            3.05465,42.53156,0
            3.05467,42.53153,0
            3.05473,42.53149,0
            3.05474,42.53148,0
            3.05476,42.53147,0
            3.05488,42.53144,0
            3.055,42.53144,0
            3.05511,42.53147,0
            3.05515,42.53149,0
            3.05521,42.53153,0
            3.05524,42.53157,0
            3.05526,42.53159,0
            3.05526,42.5316,0
            3.05527,42.53161,0
            3.05527,42.53164,0
            3.05542,42.53172,0
            3.05553,42.53175,0
            3.05589,42.53181,0
            3.05592,42.53181,0
            3.0564,42.53191,0
            3.05657,42.53196,0
            3.05675,42.53203,0
            3.05775,42.53262,0
            3.05778,42.53263,0
            3.05836,42.53298,0
            3.05905,42.53333,0
            3.05933,42.53345,0
            3.05992,42.53366,0
            3.06246,42.53435,0
            3.06282,42.53442,0
            3.06303,42.53444,0
            3.06328,42.53445,0
            3.06335,42.53443,0
            3.06374,42.53439,0
            3.06488,42.53418,0
            3.06529,42.53407,0
            3.06535,42.53406,0
            3.06583,42.53391,0
            3.06595,42.53389,0
            3.06696,42.53344,0
            3.06704,42.53339,0
            3.06711,42.53329,0
            3.06714,42.53318,0
            3.06723,42.53273,0
            3.06724,42.53271,0
            3.06725,42.53259,0
            3.06725,42.53247,0
            3.06724,42.53243,0
            3.06724,42.53239,0
            3.06722,42.53235,0
            3.06721,42.53231,0
            3.06712,42.53213,0
            3.0671,42.53205,0
            3.0671,42.53198,0
            3.06711,42.53194,0
            3.06713,42.53191,0
            3.06714,42.53187,0
            3.06717,42.53184,0
            3.0672,42.5318,0
            3.06724,42.53177,0
            3.06728,42.53175,0
            3.06732,42.53172,0
            3.06737,42.53171,0
            3.06741,42.53169,0
            3.06747,42.53168,0
            3.06763,42.53168,0
            3.06773,42.5317,0
            3.06787,42.53176,0
            3.06817,42.53192,0
            3.06832,42.53198,0
            3.06836,42.53199,0
            3.06841,42.53201,0
            3.06857,42.53204,0
            3.06878,42.53204,0
            3.06889,42.53202,0
            3.06894,42.532,0
            3.06899,42.53199,0
            3.06908,42.53195,0
            3.06911,42.53193,0
            3.06913,42.53193,0
            3.06917,42.5319,0
            3.06921,42.53188,0
            3.06925,42.53185,0
            3.06928,42.53182,0
            3.06932,42.53179,0
            3.06935,42.53176,0
            3.06938,42.53172,0
            3.06941,42.53169,0
            3.06945,42.53161,0
            3.06947,42.53153,0
            3.06947,42.53144,0
            3.0694,42.5312,0
            3.06921,42.53085,0
            3.0692,42.53081,0
            3.06918,42.53078,0
            3.06914,42.53063,0
            3.06913,42.53046,0
            3.06917,42.53031,0
            3.06923,42.5302,0
            3.06929,42.53014,0
            3.06932,42.5301,0
            3.06935,42.53007,0
            3.0695,42.52996,0
            3.06959,42.52991,0
            3.06969,42.52987,0
            3.07013,42.52975,0
            3.07018,42.52973,0
            3.07023,42.52972,0
            3.07028,42.5297,0
            3.07045,42.52961,0
            3.07049,42.52957,0
            3.07052,42.52955,0
            3.07062,42.52945,0
            3.07085,42.52913,0
            3.07092,42.52906,0
            3.07095,42.52904,0
            3.0711,42.52898,0
            3.07115,42.52897,0
            3.07126,42.52897,0
            3.0713,42.52896,0
            3.07147,42.52896,0
            3.07162,42.52899,0
            3.07176,42.52905,0
            3.0718,42.52908,0
            3.07186,42.52914,0
            3.07191,42.52921,0
            3.07193,42.52925,0
            3.07194,42.52929,0
            3.07194,42.5294,0
            3.07193,42.52944,0
            3.07169,42.52992,0
            3.07165,42.53007,0
            3.07165,42.53011,0
            3.07164,42.53015,0
            3.07167,42.53026,0
            3.0717,42.5303,0
            3.07174,42.53034,0
            3.07178,42.53036,0
            3.07186,42.53042,0
            3.07199,42.53048,0
            3.07228,42.53059,0
            3.07254,42.53064,0
            3.07264,42.53064,0
            3.07286,42.5306,0
            3.07291,42.53058,0
            3.07302,42.53052,0
            3.07388,42.52992,0
            3.07406,42.52984,0
            3.07416,42.52982,0
            3.07432,42.5298,0
            3.07437,42.5298,0
            3.0749,42.52975,0
            3.07497,42.52973,0
            3.07625,42.52962,0
            3.07654,42.52958,0
            3.07659,42.52956,0
            3.07661,42.52954,0
            3.07667,42.52953,0
            3.07667,42.52948,0
            3.07668,42.52947,0
            3.07668,42.52945,0
            3.07669,42.52945,0
            3.07672,42.52942,0
            3.07673,42.52942,0
            3.07675,42.52941,0
            3.07676,42.52941,0
            3.07678,42.5294,0
            3.07686,42.5294,0
            3.07688,42.52941,0
            3.07689,42.52941,0
            3.07691,42.52942,0
            3.07693,42.52944,0
            3.07694,42.52944,0
            3.07696,42.52946,0
            3.07696,42.52948,0
            3.07697,42.52949,0
            3.07697,42.52953,0
            3.07696,42.52955,0
            3.07696,42.52956,0
            3.07702,42.52971,0
            3.07711,42.52981,0
            3.07722,42.52989,0
            3.07726,42.52991,0
            3.07728,42.52993,0
            3.0773,42.52993,0
            3.07735,42.52996,0
            3.07747,42.53,0
            3.07753,42.53001,0
            3.07758,42.53003,0
            3.07774,42.53004,0
            3.07782,42.53003,0
            3.07787,42.53003,0
            3.07825,42.52994,0
            3.07843,42.52987,0
            3.07893,42.52955,0
            3.07949,42.52912,0
            3.07998,42.52866,0
            3.08024,42.52837,0
            3.08048,42.52807,0
            3.08058,42.52793,0
            3.08059,42.5279,0
            3.08066,42.5278,0
            3.08068,42.52776,0
            3.0807,42.52774,0
            3.08073,42.52769,0
            3.08076,42.52767,0
            3.0808,42.52763,0
            3.08083,42.52761,0
            3.08095,42.52755,0
            3.08101,42.52753,0
            3.08106,42.52753,0
            3.08112,42.52752,0
            3.08118,42.52752,0
            3.08119,42.52753,0
            3.08216,42.52777,0
            3.08224,42.52777,0
            3.08231,42.52775,0
            3.08238,42.52771,0
            3.0824,42.52767,0
            3.08245,42.5276,0
            3.08243,42.52758,0
            3.08242,42.52758,0
            3.08242,42.52755,0
            3.08243,42.52754,0
            3.08244,42.52754,0
            3.08244,42.52753,0
            3.08242,42.52748,0
            3.08242,42.52741,0
            3.08247,42.52707,0
            3.08264,42.52658,0
            3.0826,42.5266,0
            3.08256,42.5266,0
            3.08234,42.52656,0
            3.08028,42.52699,0
            3.0788,42.52716,0
            3.07847,42.5271,0
            3.078,42.52743,0
            3.07774,42.5275,0
            3.07765,42.5275,0
            3.07764,42.52749,0
            3.07764,42.52746,0
            3.07785,42.52734,0
            3.07828,42.52704,0
          </coordinates>
        </LineString>
      </Placemark>
      <Placemark>
        <name>Perpignan</name>
        <styleUrl>#icon-1899-DB4436-nodesc</styleUrl>
        <Point>
          <coordinates>
            2.9006395,42.6875087,0
          </coordinates>
        </Point>
      </Placemark>
      <Placemark>
        <name>Elne</name>
        <styleUrl>#icon-1899-DB4436-nodesc</styleUrl>
        <Point>
          <coordinates>
            2.9638649,42.5970662,0
          </coordinates>
        </Point>
      </Placemark>
      <Placemark>
        <name>Argelès-sur-Mer</name>
        <styleUrl>#icon-1899-DB4436-nodesc</styleUrl>
        <Point>
          <coordinates>
            3.0242927,42.5486872,0
          </coordinates>
        </Point>
      </Placemark>
      <Placemark>
        <name>Collioure</name>
        <styleUrl>#icon-1899-DB4436-nodesc</styleUrl>
        <Point>
          <coordinates>
            3.0782828,42.5270419,0
          </coordinates>
        </Point>
      </Placemark>
    </Folder>
    <Folder>
      <name>Friday, May 8 (TER Occitanie 876408)</name>
      <Placemark>
        <name>Friday, May 8 (TER Occitanie 876408)</name>
        <styleUrl>#line-1267FF-5000-nodesc</styleUrl>
        <LineString>
          <tessellate>1</tessellate>
          <coordinates>
            3.07828,42.52704,0
            3.07833,42.52704,0
            3.07847,42.5271,0
            3.07872,42.52715,0
            3.0788,42.52716,0
            3.07996,42.52702,0
            3.07999,42.52721,0
            3.07999,42.52731,0
            3.07998,42.52734,0
            3.07992,42.52742,0
            3.07987,42.52745,0
            3.07984,42.52749,0
            3.07977,42.52752,0
            3.07955,42.52764,0
            3.07951,42.52767,0
            3.07943,42.52775,0
            3.07929,42.52792,0
            3.07921,42.52803,0
            3.07912,42.52813,0
            3.07894,42.52835,0
            3.07889,42.52843,0
            3.07886,42.52847,0
            3.07852,42.5288,0
            3.07808,42.5292,0
            3.07798,42.52927,0
            3.07787,42.5293,0
            3.07783,42.5293,0
            3.07774,42.52931,0
            3.07765,42.52931,0
            3.07761,42.5293,0
            3.07757,42.52928,0
            3.07753,42.52927,0
            3.07745,42.52922,0
            3.07724,42.52907,0
            3.07718,42.52902,0
            3.07717,42.52902,0
            3.07715,42.52898,0
            3.07711,42.52892,0
            3.0771,42.5289,0
            3.0771,42.52882,0
            3.07712,42.52878,0
            3.07737,42.52843,0
            3.07739,42.52836,0
            3.0774,42.52834,0
            3.0774,42.52833,0
            3.07741,42.5283,0
            3.0774,42.52819,0
            3.07728,42.5282,0
            3.07728,42.52825,0
            3.07729,42.52829,0
            3.07727,42.52836,0
            3.07726,42.52838,0
            3.0772,42.52847,0
            3.07716,42.5285,0
            3.0771,42.52856,0
            3.07709,42.52858,0
            3.07698,42.52867,0
            3.07691,42.52877,0
            3.07689,42.52882,0
            3.07688,42.52886,0
            3.07688,42.52894,0
            3.07689,42.52898,0
            3.0769,42.52898,0
            3.07691,42.52901,0
            3.07694,42.52906,0
            3.07697,42.5291,0
            3.07703,42.5292,0
            3.07706,42.52932,0
            3.07704,42.52939,0
            3.07702,42.52943,0
            3.07696,42.52947,0
            3.07696,42.52948,0
            3.07697,42.52949,0
            3.07697,42.52953,0
            3.07696,42.52955,0
            3.07696,42.52956,0
            3.07694,42.52958,0
            3.07693,42.5296,0
            3.07691,42.5296,0
            3.07689,42.52961,0
            3.07688,42.52962,0
            3.07686,42.52963,0
            3.07678,42.52963,0
            3.07672,42.5296,0
            3.07662,42.52963,0
            3.07589,42.52969,0
            3.07574,42.52971,0
            3.07501,42.52976,0
            3.0749,42.52975,0
            3.07437,42.5298,0
            3.07432,42.5298,0
            3.07416,42.52982,0
            3.07406,42.52984,0
            3.07388,42.52992,0
            3.07302,42.53052,0
            3.07291,42.53058,0
            3.07286,42.5306,0
            3.07264,42.53064,0
            3.07254,42.53064,0
            3.07228,42.53059,0
            3.07199,42.53048,0
            3.07186,42.53042,0
            3.07178,42.53036,0
            3.07174,42.53034,0
            3.0717,42.5303,0
            3.07167,42.53026,0
            3.07164,42.53015,0
            3.07165,42.53011,0
            3.07165,42.53007,0
            3.07169,42.52992,0
            3.07193,42.52944,0
            3.07194,42.5294,0
            3.07194,42.52929,0
            3.07193,42.52925,0
            3.07191,42.52921,0
            3.07186,42.52914,0
            3.0718,42.52908,0
            3.07176,42.52905,0
            3.07172,42.52903,0
            3.07162,42.52899,0
            3.07147,42.52896,0
            3.0713,42.52896,0
            3.07126,42.52897,0
            3.07115,42.52897,0
            3.0711,42.52898,0
            3.07095,42.52904,0
            3.07092,42.52906,0
            3.07085,42.52913,0
            3.07062,42.52945,0
            3.07052,42.52955,0
            3.07049,42.52957,0
            3.07045,42.52961,0
            3.07028,42.5297,0
            3.07023,42.52972,0
            3.07018,42.52973,0
            3.07013,42.52975,0
            3.06982,42.52983,0
            3.06969,42.52987,0
            3.06959,42.52991,0
            3.0695,42.52996,0
            3.06939,42.53004,0
            3.06938,42.53005,0
            3.06935,42.53007,0
            3.06932,42.5301,0
            3.06929,42.53014,0
            3.06923,42.5302,0
            3.06921,42.53024,0
            3.06919,42.53027,0
            3.06917,42.53031,0
            3.06913,42.53046,0
            3.06913,42.53051,0
            3.06914,42.53063,0
            3.06918,42.53078,0
            3.0692,42.53081,0
            3.06921,42.53085,0
            3.0694,42.5312,0
            3.06943,42.53129,0
            3.06947,42.53144,0
            3.06947,42.53153,0
            3.06946,42.53158,0
            3.06945,42.53161,0
            3.06941,42.53169,0
            3.06938,42.53172,0
            3.06935,42.53176,0
            3.06932,42.53179,0
            3.06928,42.53182,0
            3.06925,42.53185,0
            3.06921,42.53188,0
            3.06917,42.5319,0
            3.06913,42.53193,0
            3.06911,42.53193,0
            3.06908,42.53195,0
            3.06899,42.53199,0
            3.06894,42.532,0
            3.06889,42.53202,0
            3.06878,42.53204,0
            3.06857,42.53204,0
            3.06841,42.53201,0
            3.06836,42.53199,0
            3.06832,42.53198,0
            3.06817,42.53192,0
            3.06787,42.53176,0
            3.06773,42.5317,0
            3.06763,42.53168,0
            3.06747,42.53168,0
            3.06741,42.53169,0
            3.06737,42.53171,0
            3.06732,42.53172,0
            3.06728,42.53175,0
            3.06724,42.53177,0
            3.0672,42.5318,0
            3.06717,42.53184,0
            3.06714,42.53187,0
            3.06713,42.53191,0
            3.06711,42.53194,0
            3.0671,42.53198,0
            3.0671,42.53205,0
            3.06712,42.53213,0
            3.06721,42.53231,0
            3.06722,42.53235,0
            3.06724,42.53239,0
            3.06724,42.53243,0
            3.06725,42.53247,0
            3.06725,42.53259,0
            3.06724,42.53271,0
            3.06723,42.53273,0
            3.06714,42.53318,0
            3.06711,42.53329,0
            3.06704,42.53339,0
            3.06696,42.53344,0
            3.06619,42.53379,0
            3.06616,42.5338,0
            3.0661,42.53383,0
            3.06595,42.53389,0
            3.06584,42.53395,0
            3.06563,42.53402,0
            3.06562,42.53402,0
            3.06501,42.5342,0
            3.06494,42.53421,0
            3.06484,42.53424,0
            3.06389,42.53442,0
            3.06358,42.53446,0
            3.06338,42.53447,0
            3.06328,42.53445,0
            3.06313,42.53444,0
            3.06303,42.53444,0
            3.06282,42.53442,0
            3.06246,42.53435,0
            3.06221,42.53428,0
            3.06212,42.53426,0
            3.05992,42.53366,0
            3.05933,42.53345,0
            3.05905,42.53333,0
            3.05868,42.53315,0
            3.05836,42.53298,0
            3.05778,42.53263,0
            3.05775,42.53262,0
            3.05675,42.53203,0
            3.05657,42.53196,0
            3.0564,42.53191,0
            3.05596,42.53187,0
            3.05536,42.53185,0
            3.0552,42.53187,0
            3.05516,42.53189,0
            3.05514,42.53191,0
            3.05508,42.53194,0
            3.05505,42.53195,0
            3.05503,42.53196,0
            3.05487,42.53196,0
            3.05476,42.53193,0
            3.05473,42.53191,0
            3.05471,42.53189,0
            3.05469,42.53188,0
            3.05463,42.53182,0
            3.05461,42.53178,0
            3.0546,42.53175,0
            3.05449,42.53167,0
            3.05446,42.53164,0
            3.05442,42.53162,0
            3.05441,42.53162,0
            3.05439,42.53161,0
            3.0542,42.53156,0
            3.05419,42.53155,0
            3.05417,42.53155,0
            3.05416,42.53154,0
            3.05385,42.53146,0
            3.05384,42.53146,0
            3.0537,42.53142,0
            3.05361,42.5314,0
            3.05342,42.53138,0
            3.05336,42.53138,0
            3.0533,42.53137,0
            3.05309,42.53137,0
            3.053,42.53138,0
            3.05262,42.5314,0
            3.05251,42.53137,0
            3.05243,42.53137,0
            3.05176,42.53145,0
            3.05146,42.53151,0
            3.05131,42.53153,0
            3.05115,42.53157,0
            3.05104,42.53159,0
            3.05085,42.53165,0
            3.05071,42.53168,0
            3.05061,42.53171,0
            3.05007,42.5319,0
            3.0494,42.53216,0
            3.04917,42.53226,0
            3.04865,42.53246,0
            3.04825,42.53263,0
            3.04819,42.53266,0
            3.04805,42.53271,0
            3.04769,42.53286,0
            3.04763,42.53288,0
            3.0471,42.5331,0
            3.04709,42.5331,0
            3.04688,42.53319,0
            3.04684,42.5332,0
            3.04681,42.53322,0
            3.04657,42.53331,0
            3.04504,42.53394,0
            3.04336,42.53459,0
            3.04263,42.53481,0
            3.04249,42.53484,0
            3.04224,42.53491,0
            3.04125,42.5351,0
            3.04063,42.53518,0
            3.04056,42.53518,0
            3.04048,42.53519,0
            3.04044,42.53519,0
            3.04001,42.53523,0
            3.03984,42.53523,0
            3.03974,42.53524,0
            3.03965,42.53524,0
            3.03951,42.53525,0
            3.03773,42.53527,0
            3.03758,42.53528,0
            3.03752,42.53528,0
            3.03744,42.53529,0
            3.03729,42.53529,0
            3.03645,42.53537,0
            3.03559,42.53549,0
            3.03498,42.53561,0
            3.03449,42.53572,0
            3.03448,42.53573,0
            3.034,42.53585,0
            3.03156,42.53662,0
            3.03151,42.53663,0
            3.02809,42.53773,0
            3.02803,42.53774,0
            3.02689,42.53811,0
            3.02678,42.53814,0
            3.02676,42.53815,0
            3.02409,42.53901,0
            3.02398,42.53904,0
            3.02267,42.53946,0
            3.02254,42.53951,0
            3.0221,42.53965,0
            3.02202,42.53967,0
            3.02195,42.5397,0
            3.02079,42.54007,0
            3.02071,42.54009,0
            3.02064,42.54012,0
            3.01801,42.54096,0
            3.01796,42.54097,0
            3.01757,42.5411,0
            3.01746,42.54113,0
            3.01734,42.54118,0
            3.01725,42.5412,0
            3.01709,42.54126,0
            3.01629,42.54152,0
            3.01624,42.54154,0
            3.01512,42.54188,0
            3.01337,42.54246,0
            3.01323,42.5425,0
            3.01267,42.54271,0
            3.01183,42.54306,0
            3.0117,42.54313,0
            3.01155,42.5432,0
            3.01079,42.5436,0
            3.01026,42.54393,0
            3.00962,42.54438,0
            3.0094,42.54455,0
            3.00877,42.54509,0
            3.00847,42.54539,0
            3.00839,42.54548,0
            3.00829,42.54558,0
            3.00825,42.54563,0
            3.00803,42.54587,0
            3.0077,42.54628,0
            3.0073,42.54685,0
            3.00728,42.5469,0
            3.00726,42.54692,0
            3.00719,42.54703,0
            3.00713,42.54715,0
            3.00707,42.54725,0
            3.00701,42.54737,0
            3.00695,42.54747,0
            3.0069,42.54758,0
            3.00684,42.54769,0
            3.00668,42.54808,0
            3.00666,42.54814,0
            3.00659,42.5483,0
            3.00645,42.54872,0
            3.00633,42.54919,0
            3.00632,42.54926,0
            3.00627,42.54948,0
            3.0062,42.55006,0
            3.00619,42.55022,0
            3.00618,42.55027,0
            3.00617,42.55039,0
            3.00617,42.55067,0
            3.00616,42.55076,0
            3.00617,42.55231,0
            3.00618,42.55248,0
            3.00618,42.55338,0
            3.00619,42.5535,0
            3.0062,42.55568,0
            3.00621,42.55597,0
            3.00622,42.558,0
            3.00623,42.5583,0
            3.00624,42.56011,0
            3.00625,42.56035,0
            3.00624,42.56102,0
            3.00622,42.56128,0
            3.00621,42.56131,0
            3.00621,42.56136,0
            3.00618,42.56156,0
            3.00617,42.56168,0
            3.00615,42.5618,0
            3.00612,42.56191,0
            3.0061,42.56202,0
            3.00606,42.56217,0
            3.00606,42.56219,0
            3.00597,42.5625,0
            3.00591,42.56265,0
            3.00587,42.56278,0
            3.00567,42.56326,0
            3.00551,42.56357,0
            3.00528,42.56396,0
            3.005,42.56437,0
            3.00492,42.56447,0
            3.00488,42.56453,0
            3.00459,42.56487,0
            3.00397,42.56555,0
            3.00323,42.56632,0
            3.00314,42.56643,0
            3.00254,42.56704,0
            3.0024,42.56717,0
            3.00228,42.5673,0
            3.00127,42.56828,0
            3.00117,42.56836,0
            3.00098,42.56855,0
            3.0008,42.56871,0
            2.99977,42.56977,0
            2.99969,42.56987,0
            2.99813,42.5715,0
            2.99798,42.57167,0
            2.99776,42.5719,0
            2.99742,42.57229,0
            2.99663,42.5733,0
            2.99647,42.57352,0
            2.9963,42.57372,0
            2.99621,42.57384,0
            2.99617,42.57388,0
            2.99617,42.57389,0
            2.99613,42.57393,0
            2.99597,42.57413,0
            2.99545,42.57472,0
            2.99394,42.5763,0
            2.99379,42.57647,0
            2.99365,42.57661,0
            2.9936,42.57667,0
            2.99356,42.57671,0
            2.9935,42.57676,0
            2.99313,42.57715,0
            2.99308,42.57721,0
            2.99287,42.57742,0
            2.99286,42.57744,0
            2.99025,42.58017,0
            2.99019,42.58024,0
            2.98946,42.58101,0
            2.98922,42.58128,0
            2.9888,42.58172,0
            2.98865,42.58189,0
            2.98766,42.58293,0
            2.98762,42.58298,0
            2.98711,42.58352,0
            2.98706,42.58358,0
            2.98679,42.58385,0
            2.98612,42.58458,0
            2.98605,42.58464,0
            2.98562,42.58511,0
            2.98429,42.5865,0
            2.98424,42.58656,0
            2.98391,42.5869,0
            2.98386,42.58696,0
            2.9838,42.58702,0
            2.98366,42.58719,0
            2.98351,42.58735,0
            2.98349,42.58739,0
            2.98325,42.58771,0
            2.98302,42.58807,0
            2.98281,42.58847,0
            2.98265,42.58882,0
            2.98252,42.58916,0
            2.98245,42.58941,0
            2.98241,42.58952,0
            2.98215,42.59064,0
            2.98214,42.59067,0
            2.98207,42.59098,0
            2.98206,42.59101,0
            2.98202,42.59121,0
            2.98199,42.59131,0
            2.98158,42.59308,0
            2.98155,42.59317,0
            2.98154,42.59324,0
            2.9814,42.59382,0
            2.98129,42.59437,0
            2.98127,42.5945,0
            2.98124,42.59478,0
            2.98124,42.59484,0
            2.98123,42.59499,0
            2.98123,42.59542,0
            2.98124,42.59553,0
            2.98124,42.59565,0
            2.98125,42.59576,0
            2.98126,42.59576,0
            2.98127,42.59588,0
            2.98128,42.59593,0
            2.98128,42.59599,0
            2.98132,42.59622,0
            2.98137,42.59645,0
            2.98146,42.59679,0
            2.98153,42.597,0
            2.98154,42.597,0
            2.98162,42.59723,0
            2.98167,42.59734,0
            2.98167,42.59735,0
            2.98176,42.59756,0
            2.98182,42.59767,0
            2.98187,42.59778,0
            2.98199,42.59799,0
            2.982,42.59802,0
            2.98217,42.5983,0
            2.98221,42.59835,0
            2.98246,42.59872,0
            2.98254,42.59882,0
            2.98276,42.59913,0
            2.98277,42.59914,0
            2.98303,42.59953,0
            2.98305,42.59955,0
            2.9831,42.59965,0
            2.98323,42.59987,0
            2.98328,42.59997,0
            2.98335,42.60009,0
            2.98354,42.60052,0
            2.98365,42.60084,0
            2.98379,42.6014,0
            2.98385,42.60186,0
            2.98387,42.60221,0
            2.98387,42.60243,0
            2.98385,42.60278,0
            2.98384,42.60287,0
            2.98384,42.60301,0
            2.98382,42.60327,0
            2.9838,42.60436,0
            2.98382,42.60469,0
            2.98384,42.60485,0
            2.98384,42.60487,0
            2.98389,42.60531,0
            2.98399,42.60588,0
            2.98402,42.606,0
            2.98404,42.60611,0
            2.98424,42.60685,0
            2.98426,42.6069,0
            2.98436,42.60724,0
            2.9844,42.60735,0
            2.98443,42.60747,0
            2.98447,42.60757,0
            2.98451,42.60773,0
            2.9846,42.60803,0
            2.98463,42.60811,0
            2.98463,42.60812,0
            2.98478,42.60859,0
            2.98484,42.60881,0
            2.98488,42.60892,0
            2.98491,42.60904,0
            2.98495,42.60915,0
            2.98508,42.6096,0
            2.98509,42.60961,0
            2.98518,42.60999,0
            2.9852,42.61005,0
            2.98527,42.61062,0
            2.98527,42.61074,0
            2.98528,42.61085,0
            2.98527,42.61097,0
            2.98527,42.61109,0
            2.98525,42.61132,0
            2.98521,42.61154,0
            2.98521,42.61156,0
            2.98519,42.61166,0
            2.98507,42.61211,0
            2.98503,42.6122,0
            2.98503,42.61222,0
            2.98499,42.61233,0
            2.98489,42.61254,0
            2.98484,42.61266,0
            2.98478,42.61277,0
            2.98477,42.61278,0
            2.98466,42.61298,0
            2.98462,42.61304,0
            2.9846,42.61308,0
            2.98452,42.61319,0
            2.98445,42.6133,0
            2.98423,42.61358,0
            2.98398,42.61386,0
            2.98388,42.61396,0
            2.9834,42.6144,0
            2.98327,42.6145,0
            2.98322,42.61453,0
            2.98318,42.61456,0
            2.98317,42.61458,0
            2.98297,42.61472,0
            2.98272,42.61488,0
            2.9823,42.61512,0
            2.98202,42.61526,0
            2.98166,42.61542,0
            2.98163,42.61543,0
            2.9816,42.61545,0
            2.98102,42.61566,0
            2.98058,42.61579,0
            2.98044,42.61582,0
            2.98037,42.61584,0
            2.98001,42.61592,0
            2.97999,42.61592,0
            2.9798,42.61596,0
            2.97844,42.61616,0
            2.97839,42.61616,0
            2.97587,42.6165,0
            2.97563,42.61654,0
            2.97514,42.6166,0
            2.97505,42.61662,0
            2.97482,42.61664,0
            2.97376,42.61678,0
            2.97368,42.61678,0
            2.97354,42.6168,0
            2.97349,42.6168,0
            2.9734,42.61681,0
            2.97332,42.61681,0
            2.97322,42.61682,0
            2.97264,42.61684,0
            2.96694,42.61683,0
            2.96673,42.61682,0
            2.96608,42.61682,0
            2.96536,42.61677,0
            2.96481,42.61671,0
            2.96244,42.6163,0
            2.96231,42.61627,0
            2.96221,42.61626,0
            2.96207,42.61623,0
            2.9616,42.61616,0
            2.9615,42.61614,0
            2.96133,42.61613,0
            2.96082,42.61608,0
            2.96069,42.61608,0
            2.96055,42.61607,0
            2.96008,42.61607,0
            2.95988,42.61608,0
            2.95976,42.61608,0
            2.95945,42.6161,0
            2.95869,42.6162,0
            2.95853,42.61623,0
            2.95838,42.61625,0
            2.95823,42.61629,0
            2.95806,42.61632,0
            2.95779,42.61639,0
            2.95749,42.61648,0
            2.9572,42.61658,0
            2.95712,42.6166,0
            2.95671,42.61676,0
            2.95643,42.61688,0
            2.95629,42.61695,0
            2.95624,42.61697,0
            2.95618,42.61701,0
            2.95573,42.61725,0
            2.95531,42.61752,0
            2.95499,42.61775,0
            2.95467,42.61802,0
            2.95437,42.6183,0
            2.95409,42.6186,0
            2.9537,42.61905,0
            2.95352,42.61924,0
            2.95349,42.61928,0
            2.95342,42.61935,0
            2.95335,42.61944,0
            2.95329,42.6195,0
            2.95326,42.61954,0
            2.95309,42.61973,0
            2.95304,42.61977,0
            2.95299,42.61984,0
            2.9529,42.61993,0
            2.95289,42.61995,0
            2.95264,42.62022,0
            2.95256,42.62032,0
            2.95194,42.62101,0
            2.95182,42.62116,0
            2.95181,42.62116,0
            2.95056,42.62256,0
            2.95047,42.62267,0
            2.95028,42.62287,0
            2.95012,42.62306,0
            2.95002,42.62316,0
            2.94985,42.62336,0
            2.94979,42.62342,0
            2.94897,42.62434,0
            2.94888,42.62445,0
            2.94862,42.62473,0
            2.94838,42.62502,0
            2.9481,42.62533,0
            2.94806,42.62538,0
            2.94806,42.62539,0
            2.94716,42.62641,0
            2.94712,42.62645,0
            2.947,42.62659,0
            2.947,42.6266,0
            2.94662,42.62703,0
            2.94656,42.62709,0
            2.94642,42.62726,0
            2.94504,42.62882,0
            2.945,42.62885,0
            2.94497,42.62888,0
            2.94488,42.62899,0
            2.94484,42.62903,0
            2.94474,42.62915,0
            2.94473,42.62915,0
            2.94472,42.62916,0
            2.9447,42.62919,0
            2.94465,42.62924,0
            2.94441,42.62952,0
            2.94379,42.6302,0
            2.94377,42.63023,0
            2.94369,42.63031,0
            2.94348,42.63055,0
            2.94329,42.63075,0
            2.94305,42.63104,0
            2.94303,42.63106,0
            2.943,42.6311,0
            2.94299,42.63112,0
            2.94296,42.63114,0
            2.94259,42.63161,0
            2.94258,42.63163,0
            2.94248,42.63174,0
            2.94246,42.63177,0
            2.94245,42.63178,0
            2.94221,42.6321,0
            2.94219,42.63211,0
            2.94209,42.63225,0
            2.94174,42.6327,0
            2.94166,42.63279,0
            2.94147,42.63304,0
            2.94145,42.63305,0
            2.9414,42.63313,0
            2.94123,42.63333,0
            2.94122,42.63335,0
            2.94115,42.63343,0
            2.94112,42.63347,0
            2.94029,42.63443,0
            2.9402,42.63452,0
            2.93987,42.63491,0
            2.93978,42.635,0
            2.93973,42.63507,0
            2.93969,42.63511,0
            2.93967,42.63514,0
            2.93935,42.63551,0
            2.9392,42.63567,0
            2.93918,42.6357,0
            2.93878,42.63615,0
            2.93876,42.63618,0
            2.93743,42.63769,0
            2.93737,42.63777,0
            2.93724,42.63792,0
            2.93714,42.63802,0
            2.93713,42.63804,0
            2.93663,42.63861,0
            2.93658,42.63866,0
            2.93631,42.63898,0
            2.93624,42.63905,0
            2.93596,42.63938,0
            2.93578,42.63957,0
            2.9357,42.63967,0
            2.93543,42.63997,0
            2.93535,42.64007,0
            2.93517,42.64026,0
            2.93509,42.64036,0
            2.93499,42.64047,0
            2.93491,42.64057,0
            2.93482,42.64066,0
            2.93474,42.64076,0
            2.93396,42.64165,0
            2.93393,42.64169,0
            2.93387,42.64175,0
            2.93351,42.64216,0
            2.93346,42.64223,0
            2.93326,42.64245,0
            2.93322,42.6425,0
            2.93318,42.64254,0
            2.933,42.64275,0
            2.93299,42.64277,0
            2.93266,42.64315,0
            2.9326,42.64323,0
            2.93241,42.64344,0
            2.93233,42.64354,0
            2.93197,42.64394,0
            2.93171,42.64425,0
            2.9316,42.64437,0
            2.93159,42.64439,0
            2.93015,42.64604,0
            2.92999,42.64624,0
            2.92983,42.64641,0
            2.92972,42.64655,0
            2.92931,42.64701,0
            2.92919,42.64713,0
            2.9291,42.64723,0
            2.92902,42.64733,0
            2.92892,42.64744,0
            2.92868,42.64774,0
            2.92852,42.64797,0
            2.92841,42.64815,0
            2.9283,42.64838,0
            2.92822,42.64858,0
            2.92798,42.64937,0
            2.92798,42.6494,0
            2.92792,42.64959,0
            2.92789,42.64971,0
            2.92785,42.64983,0
            2.92775,42.65021,0
            2.92774,42.65023,0
            2.92748,42.65114,0
            2.92715,42.65221,0
            2.92697,42.65289,0
            2.92681,42.65342,0
            2.92675,42.65366,0
            2.92671,42.65377,0
            2.92671,42.65379,0
            2.9265,42.65451,0
            2.92629,42.65517,0
            2.92628,42.65519,0
            2.92622,42.65536,0
            2.92589,42.65613,0
            2.92585,42.65619,0
            2.9258,42.65631,0
            2.92565,42.65659,0
            2.92561,42.65665,0
            2.9255,42.65685,0
            2.92546,42.6569,0
            2.92537,42.65706,0
            2.92534,42.6571,0
            2.92505,42.65757,0
            2.92493,42.65774,0
            2.9249,42.6578,0
            2.92427,42.65862,0
            2.92421,42.65872,0
            2.92367,42.6594,0
            2.92359,42.65952,0
            2.92347,42.65966,0
            2.92311,42.66013,0
            2.92297,42.66033,0
            2.92273,42.66063,0
            2.92236,42.66114,0
            2.92213,42.66143,0
            2.92206,42.66153,0
            2.92195,42.66167,0
            2.92191,42.66173,0
            2.92187,42.66178,0
            2.92183,42.66184,0
            2.92175,42.66194,0
            2.92174,42.66196,0
            2.92171,42.66199,0
            2.92167,42.66205,0
            2.92162,42.66211,0
            2.92157,42.66219,0
            2.92134,42.66251,0
            2.92127,42.66262,0
            2.92122,42.66268,0
            2.92117,42.66273,0
            2.92082,42.66333,0
            2.92075,42.66343,0
            2.92068,42.66355,0
            2.92062,42.66364,0
            2.92061,42.66365,0
            2.92055,42.66374,0
            2.92047,42.66384,0
            2.92033,42.66398,0
            2.92022,42.66408,0
            2.9201,42.66417,0
            2.91984,42.66433,0
            2.91951,42.66449,0
            2.91924,42.66458,0
            2.91897,42.66465,0
            2.9187,42.66469,0
            2.91841,42.66472,0
            2.91803,42.66471,0
            2.91777,42.66468,0
            2.91748,42.66462,0
            2.91719,42.66454,0
            2.91707,42.66449,0
            2.91677,42.66434,0
            2.91655,42.66421,0
            2.91613,42.66387,0
            2.91604,42.66381,0
            2.91574,42.66358,0
            2.91573,42.66358,0
            2.91555,42.66346,0
            2.91549,42.66343,0
            2.91537,42.66336,0
            2.91522,42.66329,0
            2.91488,42.66315,0
            2.91484,42.66313,0
            2.91454,42.66301,0
            2.91407,42.66288,0
            2.91365,42.66279,0
            2.91318,42.66274,0
            2.91302,42.66273,0
            2.91297,42.66272,0
            2.91261,42.66272,0
            2.91201,42.66274,0
            2.91186,42.66276,0
            2.91171,42.66277,0
            2.9114,42.66282,0
            2.9111,42.66288,0
            2.91039,42.66309,0
            2.91031,42.66312,0
            2.91026,42.66313,0
            2.91008,42.6632,0
            2.91004,42.66321,0
            2.90931,42.66347,0
            2.9092,42.6635,0
            2.90911,42.66354,0
            2.90844,42.66377,0
            2.90839,42.66378,0
            2.9082,42.66385,0
            2.90791,42.66399,0
            2.90778,42.66407,0
            2.90778,42.6641,0
            2.90777,42.66412,0
            2.90777,42.66415,0
            2.90776,42.66417,0
            2.90774,42.66419,0
            2.90773,42.66421,0
            2.90771,42.66423,0
            2.90768,42.66425,0
            2.90766,42.66427,0
            2.90763,42.66428,0
            2.9076,42.6643,0
            2.90757,42.66431,0
            2.90754,42.66431,0
            2.90751,42.66432,0
            2.9074,42.66432,0
            2.90721,42.66426,0
            2.90718,42.66426,0
            2.90716,42.66425,0
            2.9071,42.66425,0
            2.90694,42.66429,0
            2.90656,42.66441,0
            2.90646,42.66442,0
            2.90583,42.66464,0
            2.90576,42.66466,0
            2.90575,42.66467,0
            2.89999,42.66669,0
            2.89946,42.6669,0
            2.89919,42.66702,0
            2.89897,42.66714,0
            2.89896,42.66714,0
            2.89878,42.66725,0
            2.89877,42.66725,0
            2.89842,42.66748,0
            2.89808,42.66775,0
            2.89806,42.66778,0
            2.89793,42.66789,0
            2.89789,42.66797,0
            2.89777,42.66811,0
            2.89769,42.66823,0
            2.89765,42.66831,0
            2.89764,42.66832,0
            2.89762,42.66837,0
            2.89761,42.66841,0
            2.89761,42.66846,0
            2.89763,42.66854,0
            2.89764,42.66855,0
            2.89764,42.66856,0
            2.89765,42.66858,0
            2.89766,42.66859,0
            2.89766,42.6686,0
            2.89767,42.66861,0
            2.89767,42.66864,0
            2.89768,42.66866,0
            2.89768,42.66869,0
            2.89767,42.66872,0
            2.89767,42.66875,0
            2.89765,42.66878,0
            2.89764,42.6688,0
            2.89762,42.66883,0
            2.8976,42.66885,0
            2.89754,42.66889,0
            2.89752,42.6689,0
            2.89738,42.66894,0
            2.89735,42.66894,0
            2.89728,42.66896,0
            2.89723,42.66899,0
            2.89718,42.66901,0
            2.89713,42.66904,0
            2.89709,42.66907,0
            2.89681,42.66936,0
            2.89671,42.66943,0
            2.89668,42.66947,0
            2.89651,42.66964,0
            2.89633,42.6698,0
            2.89595,42.67007,0
            2.89542,42.67037,0
            2.89355,42.6713,0
            2.89304,42.67154,0
            2.89287,42.67163,0
            2.8928,42.67166,0
            2.89123,42.67244,0
            2.89122,42.67244,0
            2.8911,42.6725,0
            2.89109,42.67251,0
            2.89097,42.67257,0
            2.89096,42.6726,0
            2.89095,42.67262,0
            2.89034,42.67291,0
            2.89025,42.67296,0
            2.89016,42.67298,0
            2.88998,42.67307,0
            2.88986,42.67312,0
            2.8894,42.67335,0
            2.88937,42.67336,0
            2.88924,42.67342,0
            2.88921,42.67343,0
            2.88914,42.67347,0
            2.88859,42.67372,0
            2.88754,42.67414,0
            2.88753,42.67415,0
            2.88744,42.67418,0
            2.8868,42.67443,0
            2.8866,42.6745,0
            2.88643,42.67457,0
            2.88637,42.67459,0
            2.88616,42.67468,0
            2.88593,42.67476,0
            2.88562,42.67489,0
            2.88557,42.6749,0
            2.88537,42.67498,0
            2.88533,42.67499,0
            2.88528,42.67502,0
            2.88461,42.67532,0
            2.88456,42.67535,0
            2.88451,42.67537,0
            2.8841,42.67559,0
            2.88395,42.67569,0
            2.88384,42.67575,0
            2.88344,42.67604,0
            2.88297,42.67646,0
            2.88245,42.67697,0
            2.88148,42.67787,0
            2.88131,42.678,0
            2.88123,42.67808,0
            2.88121,42.67812,0
            2.88121,42.67819,0
            2.88122,42.67822,0
            2.88122,42.67827,0
            2.88119,42.67836,0
            2.88117,42.67839,0
            2.88114,42.67841,0
            2.88115,42.67846,0
            2.88115,42.67855,0
            2.88119,42.67863,0
            2.88121,42.67866,0
            2.88122,42.67869,0
            2.88122,42.67871,0
            2.88134,42.67897,0
            2.88135,42.679,0
            2.88136,42.67899,0
            2.88136,42.67898,0
            2.88137,42.67898,0
            2.88137,42.67897,0
            2.88138,42.67897,0
            2.88138,42.67896,0
            2.8814,42.67896,0
            2.8814,42.67895,0
            2.88142,42.67895,0
            2.88142,42.67894,0
            2.88145,42.67894,0
            2.88146,42.67893,0
            2.88153,42.67893,0
            2.88154,42.67894,0
            2.88157,42.67894,0
            2.88157,42.67895,0
            2.88159,42.67895,0
            2.88159,42.67896,0
            2.8816,42.67896,0
            2.88161,42.67897,0
            2.88162,42.67897,0
            2.88162,42.67898,0
            2.88164,42.679,0
            2.88164,42.67902,0
            2.88165,42.67902,0
            2.88165,42.67907,0
            2.88164,42.67907,0
            2.88164,42.67909,0
            2.88163,42.6791,0
            2.88163,42.67911,0
            2.88162,42.67911,0
            2.8816,42.67913,0
            2.88159,42.67913,0
            2.88159,42.67914,0
            2.88157,42.67914,0
            2.88156,42.67915,0
            2.88154,42.67915,0
            2.88153,42.67916,0
            2.88147,42.67916,0
            2.8815,42.67926,0
            2.88154,42.6795,0
            2.88176,42.68147,0
            2.88178,42.68175,0
            2.88185,42.68236,0
            2.88195,42.68351,0
            2.88203,42.68417,0
            2.88204,42.68436,0
            2.88214,42.68516,0
            2.88216,42.68538,0
            2.88213,42.6856,0
            2.88192,42.68649,0
            2.88187,42.68675,0
            2.88187,42.68677,0
            2.88186,42.68682,0
            2.88188,42.68693,0
            2.88184,42.68693,0
            2.88178,42.68695,0
            2.88165,42.68704,0
            2.8816,42.68709,0
            2.88152,42.68715,0
            2.88147,42.6872,0
            2.88142,42.68728,0
            2.8814,42.68735,0
            2.88124,42.68872,0
            2.88124,42.68882,0
            2.88121,42.68944,0
            2.88121,42.68962,0
            2.8812,42.68973,0
            2.88119,42.68978,0
            2.88091,42.69042,0
            2.88081,42.69067,0
            2.88133,42.69094,0
            2.88144,42.69099,0
            2.88152,42.69102,0
            2.88165,42.69108,0
            2.88235,42.69137,0
            2.88256,42.69148,0
            2.88276,42.6916,0
            2.8849,42.69233,0
            2.88505,42.69239,0
            2.88587,42.69285,0
            2.88582,42.69289,0
            2.88568,42.69304,0
            2.88522,42.69376,0
            2.88482,42.69444,0
            2.88414,42.69547,0
            2.88364,42.69632,0
            2.88337,42.69669,0
            2.88303,42.69712,0
            2.88267,42.69704,0
            2.88207,42.69688,0
            2.88176,42.69681,0
            2.88017,42.69637,0
            2.88014,42.69632,0
            2.88013,42.69628,0
            2.88011,42.69626,0
            2.88008,42.69618,0
            2.88006,42.69614,0
            2.88005,42.69613,0
            2.88005,42.69611,0
            2.88017,42.69575,0
            2.88018,42.69566,0
            2.88019,42.69563,0
            2.88019,42.69558,0
            2.8802,42.69555,0
            2.88037,42.69515,0
            2.88037,42.69514,0
            2.88038,42.69514,0
            2.88039,42.69513,0
            2.8804,42.69513,0
            2.88041,42.69512,0
            2.88044,42.69512,0
            2.88046,42.69513,0
            2.88055,42.69515,0
            2.88041,42.69557,0
            2.88028,42.69583,0
            2.88027,42.69584,0
            2.8802,42.69601,0
            2.88017,42.69607,0
            2.88016,42.69613,0
            2.88016,42.69616,0
            2.88015,42.69621,0
            2.88019,42.6963,0
            2.88019,42.69632,0
            2.88018,42.69635,0
            2.88009,42.69651,0
            2.88005,42.69663,0
            2.87994,42.69679,0
            2.87987,42.69684,0
            2.87978,42.69686,0
            2.87977,42.69687,0
            2.87975,42.69687,0
            2.8797,42.6969,0
            2.87962,42.69704,0
            2.87945,42.6974,0
            2.87932,42.69764,0
            2.8788,42.69876,0
            2.87872,42.69899,0
            2.87825,42.69893,0
            2.87802,42.69889,0
            2.87771,42.69885,0
            2.87684,42.69878,0
            2.87531,42.69857,0
            2.87526,42.69857,0
            2.87474,42.6985,0
            2.87469,42.6985,0
            2.87282,42.69827,0
            2.87278,42.69828,0
            2.87276,42.69828,0
            2.87269,42.69827,0
            2.87257,42.69827,0
            2.8725,42.69828,0
            2.87248,42.6983,0
            2.87247,42.6983,0
            2.87246,42.69831,0
            2.87245,42.69831,0
            2.87244,42.69832,0
            2.87241,42.69832,0
            2.8724,42.69833,0
            2.87232,42.69833,0
            2.87231,42.69832,0
            2.87228,42.69832,0
            2.87228,42.69831,0
            2.87226,42.69831,0
            2.87224,42.69829,0
            2.87223,42.69829,0
            2.87221,42.69827,0
            2.87221,42.69826,0
            2.8722,42.69826,0
            2.8722,42.69825,0
            2.87219,42.69824,0
            2.87219,42.69823,0
            2.87211,42.6982,0
            2.87195,42.69816,0
            2.87186,42.69815,0
            2.87182,42.69814,0
            2.87173,42.69813,0
            2.87172,42.69812,0
            2.87167,42.6981,0
            2.87076,42.69792,0
            2.87069,42.6979,0
            2.8693,42.69761,0
            2.86926,42.69761,0
            2.86893,42.69755,0
            2.8688,42.69752,0
            2.86868,42.6975,0
            2.86844,42.69744,0
            2.86683,42.6971,0
            2.86662,42.69708,0
            2.86641,42.6971,0
            2.8663,42.69712,0
            2.86627,42.69715,0
            2.86627,42.69716,0
            2.86624,42.69719,0
            2.86622,42.6972,0
            2.86621,42.6972,0
            2.8662,42.69721,0
            2.86618,42.69721,0
            2.86617,42.69722,0
            2.86615,42.69722,0
            2.86611,42.69732,0
            2.8661,42.6974,0
            2.86609,42.69741,0
            2.86606,42.69764,0
            2.86609,42.69765,0
            2.86613,42.69769,0
            2.86614,42.69772,0
            2.86616,42.69774,0
            2.86618,42.69778,0
            2.86621,42.69788,0
            2.86621,42.6979,0
            2.8662,42.69795,0
            2.8662,42.69796,0
            2.86616,42.69804,0
            2.86613,42.69808,0
            2.86613,42.69809,0
            2.8661,42.69812,0
            2.86605,42.69815,0
            2.86604,42.69817,0
            2.86598,42.6982,0
            2.86597,42.6982,0
            2.86595,42.69821,0
            2.86592,42.69822,0
            2.8659,42.69823,0
            2.86586,42.69832,0
            2.86586,42.69834,0
            2.86585,42.69836,0
            2.86585,42.69841,0
            2.86587,42.69847,0
            2.86593,42.69874,0
            2.86606,42.69923,0
            2.86607,42.69924,0
            2.86619,42.69971,0
            2.86625,42.6999,0
            2.86628,42.69996,0
            2.86629,42.69999,0
            2.86635,42.70009,0
            2.86637,42.7001,0
            2.86639,42.7001,0
            2.86641,42.70011,0
            2.86643,42.70011,0
            2.86644,42.70012,0
            2.86646,42.70013,0
            2.86648,42.70013,0
            2.8665,42.70015,0
            2.8665,42.70016,0
            2.86651,42.70016,0
            2.86654,42.70019,0
            2.86654,42.7002,0
            2.86655,42.70021,0
            2.86655,42.70022,0
            2.86656,42.70024,0
            2.86656,42.70025,0
            2.86657,42.70027,0
            2.86657,42.70032,0
            2.86656,42.70033,0
            2.86655,42.70035,0
            2.86655,42.70036,0
            2.86651,42.7004,0
            2.86649,42.70041,0
            2.86648,42.70042,0
            2.86644,42.70044,0
            2.86643,42.70045,0
            2.86642,42.70045,0
            2.86641,42.70046,0
            2.86637,42.70047,0
            2.86625,42.70047,0
            2.86623,42.70046,0
            2.86621,42.70046,0
            2.86617,42.70044,0
            2.86616,42.70043,0
            2.86614,42.70042,0
            2.86613,42.70041,0
            2.86611,42.7004,0
            2.86609,42.70038,0
            2.86608,42.70036,0
            2.86607,42.70035,0
            2.86607,42.70034,0
            2.86606,42.70032,0
            2.86606,42.7003,0
            2.86595,42.70028,0
            2.86578,42.70028,0
            2.86571,42.70029,0
            2.86567,42.70029,0
            2.86563,42.70031,0
            2.86555,42.70033,0
            2.86546,42.70038,0
            2.86543,42.70041,0
            2.86539,42.70044,0
            2.86538,42.70046,0
            2.86534,42.7005,0
            2.86532,42.70053,0
            2.86529,42.7006,0
            2.86528,42.70064,0
            2.86528,42.70074,0
            2.8653,42.70107,0
            2.86532,42.70206,0
            2.86533,42.70218,0
            2.86533,42.70226,0
            2.86536,42.70244,0
            2.86538,42.7025,0
            2.86545,42.70278,0
            2.86548,42.70285,0
            2.86548,42.70288,0
            2.86554,42.70304,0
            2.86557,42.70314,0
            2.86564,42.7033,0
            2.86566,42.70337,0
            2.86567,42.70339,0
            2.86567,42.70342,0
            2.86583,42.70379,0
            2.86595,42.70402,0
            2.86596,42.70405,0
            2.86641,42.70495,0
            2.86674,42.70557,0
            2.86676,42.7056,0
            2.86722,42.70643,0
            2.86734,42.70663,0
            2.8674,42.70675,0
            2.86764,42.70714,0
            2.86779,42.70736,0
            2.86784,42.70742,0
            2.86785,42.70744,0
            2.86787,42.70747,0
            2.86812,42.70779,0
            2.86815,42.70782,0
            2.86826,42.70796,0
            2.86855,42.70828,0
            2.86911,42.70883,0
            2.86943,42.70919,0
            2.86995,42.70984,0
            2.87108,42.71132,0
            2.87154,42.71195,0
            2.87176,42.71229,0
            2.87202,42.71274,0
            2.87211,42.71291,0
            2.87239,42.71355,0
            2.87242,42.71364,0
            2.87247,42.71376,0
            2.8725,42.71387,0
            2.87254,42.71398,0
            2.87254,42.71399,0
            2.87265,42.71438,0
            2.87278,42.71498,0
            2.87279,42.71508,0
            2.87286,42.71537,0
            2.87288,42.71543,0
            2.87312,42.71632,0
            2.87388,42.71873,0
            2.87408,42.71929,0
            2.87438,42.72004,0
            2.87468,42.72068,0
            2.87501,42.72133,0
            2.87525,42.72175,0
            2.87596,42.72292,0
            2.8767,42.72406,0
            2.87717,42.72472,0
            2.87971,42.7279,0
            2.8804,42.72881,0
            2.88128,42.73008,0
            2.88189,42.73101,0
            2.88227,42.73162,0
            2.88424,42.73492,0
            2.88509,42.73627,0
            2.8856,42.73703,0
            2.88567,42.73715,0
            2.88575,42.73725,0
            2.88578,42.7373,0
            2.88623,42.73794,0
            2.88628,42.738,0
            2.88635,42.73811,0
            2.8865,42.73831,0
            2.88651,42.73832,0
            2.88657,42.73841,0
            2.88685,42.73877,0
            2.88688,42.73882,0
            2.88739,42.73949,0
            2.88746,42.73957,0
            2.88749,42.73962,0
            2.88751,42.73964,0
            2.88751,42.73965,0
            2.88761,42.73978,0
            2.88763,42.7398,0
            2.88769,42.73989,0
            2.88916,42.74183,0
            2.8892,42.74189,0
            2.88943,42.74217,0
            2.88954,42.74232,0
            2.89,42.74282,0
            2.89006,42.74287,0
            2.89016,42.74297,0
            2.89046,42.74321,0
            2.8909,42.74351,0
            2.89188,42.74411,0
            2.8922,42.74434,0
            2.89253,42.74461,0
            2.89267,42.74474,0
            2.89273,42.74481,0
            2.89279,42.74486,0
            2.89307,42.74518,0
            2.8933,42.74549,0
            2.89343,42.7457,0
            2.89368,42.74618,0
            2.89368,42.74619,0
            2.89379,42.7465,0
            2.8938,42.74655,0
            2.89385,42.74669,0
            2.89464,42.74945,0
            2.89473,42.74971,0
            2.89475,42.7498,0
            2.89511,42.75104,0
            2.89515,42.7512,0
            2.89522,42.75142,0
            2.89582,42.75356,0
            2.89583,42.75363,0
            2.89602,42.75425,0
            2.89694,42.75774,0
            2.897,42.75792,0
            2.898,42.76133,0
            2.89804,42.76144,0
            2.89811,42.76167,0
            2.8982,42.76201,0
            2.89848,42.76293,0
            2.89849,42.76298,0
            2.89889,42.76434,0
            2.89892,42.7644,0
            2.89893,42.76446,0
            2.89902,42.76475,0
            2.89902,42.76478,0
            2.89906,42.76488,0
            2.89964,42.76683,0
            2.89964,42.76686,0
            2.89968,42.76697,0
            2.89979,42.76736,0
            2.89981,42.7674,0
            2.89981,42.76743,0
            2.89992,42.76778,0
            2.89995,42.7679,0
            2.9,42.76805,0
            2.90004,42.7682,0
            2.90007,42.76828,0
            2.90025,42.76887,0
            2.90033,42.76923,0
            2.90079,42.77071,0
            2.90083,42.77086,0
            2.90089,42.77104,0
            2.90094,42.77122,0
            2.90097,42.7713,0
            2.90119,42.77206,0
            2.90124,42.7722,0
            2.9015,42.77307,0
            2.90153,42.77313,0
            2.90154,42.77318,0
            2.90166,42.77354,0
            2.90178,42.77395,0
            2.90233,42.77563,0
            2.90239,42.77579,0
            2.90247,42.77607,0
            2.90274,42.77691,0
            2.90286,42.77733,0
            2.90312,42.77805,0
            2.90319,42.7784,0
            2.90329,42.77875,0
            2.9035,42.77941,0
            2.90356,42.77947,0
            2.90357,42.77949,0
            2.90372,42.77969,0
            2.90375,42.77972,0
            2.90377,42.77973,0
            2.90384,42.77979,0
            2.90396,42.77984,0
            2.90406,42.77987,0
            2.90415,42.77988,0
            2.90425,42.77988,0
            2.90436,42.77986,0
            2.90443,42.77984,0
            2.90448,42.77981,0
            2.90453,42.77979,0
            2.90457,42.77975,0
            2.9046,42.77973,0
            2.90463,42.7797,0
            2.9047,42.7796,0
            2.90471,42.77957,0
            2.90471,42.77955,0
            2.90472,42.77953,0
            2.90472,42.77945,0
            2.90471,42.7794,0
            2.90467,42.77934,0
            2.90463,42.77926,0
            2.9046,42.77923,0
            2.90456,42.77921,0
            2.90453,42.77918,0
            2.9045,42.77916,0
            2.90441,42.77912,0
            2.90435,42.7791,0
            2.9043,42.7791,0
            2.90424,42.77909,0
            2.90418,42.77909,0
            2.90398,42.77911,0
            2.90367,42.77917,0
            2.90366,42.77917,0
            2.90361,42.77914,0
            2.90095,42.77981,0
            2.90012,42.78007,0
            2.89996,42.78013,0
            2.89992,42.78014,0
            2.89992,42.78015,0
            2.89989,42.78016,0
            2.89987,42.78017,0
            2.89985,42.7802,0
            2.89982,42.78022,0
            2.89978,42.78027,0
            2.89979,42.78029,0
            2.89979,42.78039,0
            2.89978,42.78041,0
            2.89978,42.78043,0
            2.89977,42.78045,0
            2.89976,42.78046,0
            2.89975,42.78048,0
            2.89975,42.78049,0
            2.89974,42.7805,0
            2.89972,42.78051,0
            2.89971,42.78053,0
            2.8997,42.78054,0
            2.89968,42.78055,0
            2.89964,42.78059,0
            2.8996,42.78061,0
            2.89956,42.78062,0
            2.89952,42.78064,0
            2.89949,42.78065,0
            2.89945,42.78065,0
            2.89943,42.78066,0
            2.89932,42.78066,0
            2.8993,42.78065,0
            2.89916,42.78073,0
            2.89881,42.78102,0
            2.89853,42.78123,0
            2.89841,42.78131,0
            2.8979,42.78158,0
            2.89737,42.78183,0
            2.89727,42.78189,0
            2.89701,42.782,0
            2.89656,42.78214,0
            2.8965,42.78218,0
            2.89635,42.78224,0
            2.89632,42.78226,0
            2.89626,42.78228,0
            2.89613,42.78237,0
            2.89609,42.78241,0
            2.89602,42.78246,0
            2.89597,42.78251,0
            2.89595,42.78252,0
            2.89591,42.78256,0
            2.89586,42.78262,0
            2.89585,42.78262,0
            2.8958,42.78268,0
            2.89564,42.78291,0
            2.89562,42.78295,0
            2.89556,42.7831,0
            2.89552,42.78325,0
            2.8955,42.78346,0
            2.8955,42.7839,0
            2.89551,42.78418,0
            2.89552,42.7843,0
            2.89553,42.7847,0
            2.89544,42.78478,0
            2.89554,42.78611,0
            2.89554,42.78628,0
            2.89555,42.78643,0
            2.89555,42.78655,0
            2.89556,42.78662,0
            2.89558,42.78695,0
            2.89558,42.78732,0
            2.89559,42.78753,0
            2.89559,42.78788,0
            2.89558,42.78813,0
            2.89558,42.78849,0
            2.89556,42.78883,0
            2.89556,42.78895,0
            2.89555,42.78912,0
            2.89555,42.78929,0
            2.89543,42.79117,0
            2.89541,42.79136,0
            2.89541,42.79146,0
            2.8954,42.79154,0
            2.89538,42.79214,0
            2.89538,42.79288,0
            2.8954,42.79327,0
            2.89541,42.79337,0
            2.89541,42.79346,0
            2.89545,42.79385,0
            2.89545,42.79393,0
            2.89547,42.79404,0
            2.89549,42.79424,0
            2.89551,42.79434,0
            2.89552,42.79444,0
            2.89558,42.79476,0
            2.89559,42.79485,0
            2.89569,42.79533,0
            2.89585,42.79597,0
            2.89591,42.79616,0
            2.89594,42.79628,0
            2.89624,42.79719,0
            2.89628,42.79728,0
            2.89631,42.79737,0
            2.89637,42.79751,0
            2.89641,42.79763,0
            2.89672,42.79834,0
            2.89682,42.79853,0
            2.89688,42.79868,0
            2.89719,42.79926,0
            2.89724,42.79934,0
            2.89736,42.79956,0
            2.89779,42.80029,0
            2.89834,42.80114,0
            2.89838,42.80121,0
            2.89926,42.80253,0
            2.89932,42.80263,0
            2.90278,42.8078,0
            2.90286,42.80793,0
            2.90304,42.80819,0
            2.9039,42.80951,0
            2.90471,42.81086,0
            2.90519,42.81174,0
            2.9052,42.81175,0
            2.90537,42.81207,0
            2.90608,42.8135,0
            2.90643,42.81426,0
            2.90664,42.81476,0
            2.90672,42.81493,0
            2.90681,42.81516,0
            2.90686,42.81527,0
            2.90746,42.81683,0
            2.90776,42.81771,0
            2.90777,42.81772,0
            2.90788,42.81806,0
            2.90791,42.81818,0
            2.90803,42.81855,0
            2.90837,42.81978,0
            2.90838,42.8198,0
            2.90917,42.82291,0
            2.90919,42.82303,0
            2.91006,42.82648,0
            2.91014,42.82684,0
            2.91015,42.82687,0
            2.91017,42.82697,0
            2.91017,42.82701,0
            2.91023,42.8273,0
            2.91027,42.82756,0
            2.91031,42.82794,0
            2.91031,42.82798,0
            2.91034,42.82827,0
            2.91037,42.82873,0
            2.91037,42.8289,0
            2.91038,42.82897,0
            2.91038,42.82932,0
            2.91037,42.82946,0
            2.91037,42.82966,0
            2.91033,42.83006,0
            2.91032,42.8301,0
            2.91028,42.83054,0
            2.91023,42.83091,0
            2.91022,42.83106,0
            2.91007,42.83249,0
            2.91006,42.83267,0
            2.91005,42.83269,0
            2.91001,42.83333,0
            2.91,42.83364,0
            2.90999,42.83374,0
            2.90997,42.83418,0
            2.90997,42.835,0
            2.91,42.83572,0
            2.91001,42.83579,0
            2.91004,42.83616,0
            2.91006,42.83626,0
            2.91012,42.83673,0
            2.91027,42.83752,0
            2.91042,42.83808,0
            2.91049,42.83831,0
            2.91063,42.8387,0
            2.91082,42.83916,0
            2.911,42.83955,0
            2.91108,42.83968,0
            2.91126,42.84002,0
            2.91154,42.84046,0
            2.91182,42.84085,0
            2.91184,42.84087,0
            2.91216,42.84126,0
            2.91232,42.84144,0
            2.91265,42.84178,0
            2.91299,42.84211,0
            2.91339,42.84245,0
            2.91376,42.84274,0
            2.91424,42.84308,0
            2.91447,42.84323,0
            2.91492,42.8435,0
            2.91548,42.8438,0
            2.91612,42.84411,0
            2.91637,42.84421,0
            2.91652,42.84428,0
            2.9169,42.84442,0
            2.91712,42.84451,0
            2.91716,42.84452,0
            2.91734,42.84459,0
            2.91808,42.84481,0
            2.91814,42.84482,0
            2.9183,42.84487,0
            2.91914,42.84507,0
            2.91951,42.84514,0
            2.92152,42.84544,0
            2.92182,42.84547,0
            2.92366,42.84574,0
            2.9245,42.84591,0
            2.92565,42.84622,0
            2.92568,42.84624,0
            2.92619,42.8464,0
            2.92675,42.84661,0
            2.92738,42.84688,0
            2.92758,42.84698,0
            2.92776,42.84706,0
            2.92779,42.84708,0
            2.92825,42.84732,0
            2.92858,42.84751,0
            2.92859,42.84751,0
            2.92914,42.84785,0
            2.9292,42.84788,0
            2.93372,42.85096,0
            2.93429,42.85131,0
            2.93483,42.85162,0
            2.93539,42.85191,0
            2.93597,42.85218,0
            2.93693,42.85257,0
            2.93794,42.85291,0
            2.93857,42.85309,0
            2.93859,42.8531,0
            2.93906,42.85322,0
            2.93918,42.85326,0
            2.9396,42.85336,0
            2.9397,42.85339,0
            2.9425,42.85408,0
            2.94368,42.8544,0
            2.94374,42.85441,0
            2.94476,42.85473,0
            2.94569,42.85507,0
            2.94655,42.85542,0
            2.95029,42.85707,0
            2.95089,42.85731,0
            2.95143,42.85751,0
            2.95144,42.85751,0
            2.95225,42.85776,0
            2.95275,42.8579,0
            2.95276,42.8579,0
            2.95378,42.85814,0
            2.95393,42.85816,0
            2.9545,42.85827,0
            2.95539,42.85839,0
            2.95602,42.85845,0
            2.95653,42.85848,0
            2.95658,42.85849,0
            2.95714,42.85851,0
            2.95742,42.85851,0
            2.95763,42.85852,0
            2.95902,42.85854,0
            2.96044,42.85861,0
            2.96099,42.85866,0
            2.96202,42.8588,0
            2.96241,42.85887,0
            2.9634,42.85908,0
            2.96393,42.85922,0
            2.9649,42.85951,0
            2.9655,42.85972,0
            2.96587,42.85987,0
            2.96589,42.85987,0
            2.9671,42.8604,0
            2.96772,42.8607,0
            2.96791,42.8608,0
            2.96819,42.86093,0
            2.9686,42.86114,0
            2.96865,42.86116,0
            2.9695,42.86159,0
            2.96964,42.86167,0
            2.97231,42.86298,0
            2.97376,42.86363,0
            2.9739,42.8637,0
            2.97568,42.86444,0
            2.9793,42.86588,0
            2.9798,42.8661,0
            2.98082,42.86658,0
            2.98117,42.86677,0
            2.98122,42.86679,0
            2.98206,42.86728,0
            2.98241,42.86751,0
            2.98314,42.86804,0
            2.98389,42.86866,0
            2.98405,42.86882,0
            2.98424,42.86899,0
            2.98484,42.86961,0
            2.98489,42.86967,0
            2.98506,42.86985,0
            2.98536,42.8702,0
            2.98549,42.87037,0
            2.98561,42.87051,0
            2.98598,42.87099,0
            2.98602,42.87103,0
            2.9869,42.87221,0
            2.98714,42.87255,0
            2.98829,42.87427,0
            2.98862,42.87481,0
            2.9888,42.87513,0
            2.98897,42.8754,0
            2.98912,42.87567,0
            2.98921,42.87581,0
            2.98989,42.87706,0
            2.98993,42.87715,0
            2.99056,42.8784,0
            2.99059,42.87848,0
            2.99091,42.87916,0
            2.99105,42.87952,0
            2.99113,42.87968,0
            2.9912,42.87985,0
            2.99124,42.87991,0
            2.99143,42.88036,0
            2.99145,42.88045,0
            2.99185,42.88147,0
            2.99187,42.88154,0
            2.99191,42.88163,0
            2.99229,42.88275,0
            2.99235,42.88296,0
            2.99249,42.88338,0
            2.9925,42.8834,0
            2.99257,42.88364,0
            2.99278,42.88446,0
            2.99291,42.88511,0
            2.99295,42.88539,0
            2.99302,42.8862,0
            2.99302,42.88667,0
            2.993,42.8871,0
            2.99299,42.88714,0
            2.99295,42.88754,0
            2.99288,42.88798,0
            2.99276,42.88851,0
            2.99275,42.88861,0
            2.99247,42.88977,0
            2.99241,42.88998,0
            2.99222,42.89077,0
            2.99213,42.8912,0
            2.99201,42.89195,0
            2.99197,42.89236,0
            2.99195,42.89273,0
            2.99195,42.89294,0
            2.99194,42.89314,0
            2.99194,42.89331,0
            2.99195,42.89348,0
            2.99195,42.89362,0
            2.99206,42.89467,0
            2.99214,42.89518,0
            2.99221,42.89554,0
            2.99221,42.89557,0
            2.99224,42.89568,0
            2.99235,42.89622,0
            2.99235,42.89627,0
            2.99254,42.89716,0
            2.99273,42.8982,0
            2.99286,42.89914,0
            2.99289,42.89931,0
            2.99297,42.90011,0
            2.99298,42.90035,0
            2.99299,42.90044,0
            2.99299,42.90056,0
            2.99301,42.901,0
            2.99301,42.90167,0
            2.99296,42.90276,0
            2.99284,42.9038,0
            2.99275,42.90432,0
            2.99274,42.90433,0
            2.9927,42.90457,0
            2.99266,42.90476,0
            2.99266,42.90477,0
            2.99262,42.90497,0
            2.99248,42.90555,0
            2.99248,42.90556,0
            2.99232,42.90613,0
            2.99232,42.90614,0
            2.99227,42.90631,0
            2.99227,42.90632,0
            2.99211,42.9068,0
            2.99207,42.9069,0
            2.99205,42.90699,0
            2.99199,42.90712,0
            2.99185,42.90751,0
            2.99184,42.90755,0
            2.99147,42.90843,0
            2.99139,42.90859,0
            2.99139,42.9086,0
            2.99101,42.90938,0
            2.991,42.90939,0
            2.99082,42.90973,0
            2.99081,42.90976,0
            2.99043,42.91043,0
            2.98976,42.91147,0
            2.98968,42.91157,0
            2.98935,42.91205,0
            2.98934,42.91206,0
            2.98851,42.91313,0
            2.98809,42.91362,0
            2.98742,42.91434,0
            2.98678,42.91499,0
            2.9867,42.91506,0
            2.98631,42.91545,0
            2.98506,42.91659,0
            2.98382,42.91765,0
            2.98362,42.91781,0
            2.98359,42.91784,0
            2.98321,42.91816,0
            2.98316,42.91819,0
            2.98283,42.91846,0
            2.9816,42.9194,0
            2.98085,42.91995,0
            2.98084,42.91995,0
            2.97938,42.92098,0
            2.97757,42.92216,0
            2.97687,42.92258,0
            2.97683,42.92261,0
            2.97638,42.92289,0
            2.97602,42.92309,0
            2.97485,42.9238,0
            2.97442,42.92408,0
            2.97435,42.92412,0
            2.97412,42.92427,0
            2.9733,42.92487,0
            2.97299,42.92512,0
            2.9723,42.92575,0
            2.97191,42.92614,0
            2.97148,42.92663,0
            2.97126,42.92691,0
            2.97123,42.92694,0
            2.97081,42.92753,0
            2.97048,42.92807,0
            2.9702,42.92861,0
            2.96993,42.92923,0
            2.96977,42.92967,0
            2.96969,42.92994,0
            2.9695,42.9307,0
            2.96945,42.93097,0
            2.96941,42.93131,0
            2.96936,42.93199,0
            2.96937,42.93282,0
            2.96939,42.93304,0
            2.96939,42.93312,0
            2.96941,42.9333,0
            2.96942,42.93347,0
            2.9697,42.93599,0
            2.9697,42.93603,0
            2.96973,42.93624,0
            2.96974,42.9364,0
            2.96989,42.93772,0
            2.9699,42.93775,0
            2.96993,42.938,0
            2.96993,42.9381,0
            2.97003,42.939,0
            2.97005,42.9391,0
            2.97009,42.93951,0
            2.97017,42.9401,0
            2.9702,42.94043,0
            2.97023,42.94064,0
            2.97027,42.94107,0
            2.9703,42.94126,0
            2.97051,42.94325,0
            2.97057,42.94368,0
            2.9707,42.94484,0
            2.97082,42.94619,0
            2.97084,42.94663,0
            2.97085,42.94668,0
            2.9709,42.9475,0
            2.97093,42.94903,0
            2.97092,42.95015,0
            2.9709,42.95045,0
            2.9709,42.95067,0
            2.97078,42.95256,0
            2.97076,42.95272,0
            2.97076,42.9528,0
            2.97073,42.95306,0
            2.97071,42.95332,0
            2.97066,42.95366,0
            2.97056,42.95453,0
            2.97045,42.95519,0
            2.97042,42.95543,0
            2.97036,42.95579,0
            2.97035,42.95588,0
            2.97008,42.95734,0
            2.97003,42.95757,0
            2.97001,42.95769,0
            2.96999,42.95777,0
            2.96999,42.9578,0
            2.96996,42.95793,0
            2.96996,42.95795,0
            2.96976,42.95895,0
            2.96963,42.95972,0
            2.96955,42.96009,0
            2.96953,42.96022,0
            2.9694,42.96084,0
            2.96926,42.9616,0
            2.96925,42.96163,0
            2.96905,42.9627,0
            2.96885,42.96405,0
            2.96879,42.9647,0
            2.96876,42.96571,0
            2.96879,42.96632,0
            2.96885,42.96688,0
            2.96901,42.96781,0
            2.96906,42.96802,0
            2.96919,42.96847,0
            2.96919,42.96849,0
            2.96941,42.96915,0
            2.96949,42.96934,0
            2.96952,42.96943,0
            2.96956,42.96951,0
            2.96963,42.96968,0
            2.96964,42.96969,0
            2.96976,42.96997,0
            2.96995,42.97036,0
            2.97048,42.97129,0
            2.97124,42.97241,0
            2.97158,42.97286,0
            2.97208,42.97356,0
            2.97217,42.97367,0
            2.9723,42.97385,0
            2.97237,42.97396,0
            2.97252,42.97415,0
            2.97311,42.975,0
            2.97316,42.97506,0
            2.97358,42.97575,0
            2.97378,42.9761,0
            2.97417,42.97688,0
            2.97426,42.97712,0
            2.97432,42.97725,0
            2.97442,42.97753,0
            2.97461,42.97816,0
            2.9747,42.97856,0
            2.97481,42.97922,0
            2.97485,42.97965,0
            2.97486,42.97994,0
            2.97486,42.98035,0
            2.97485,42.98052,0
            2.97485,42.98062,0
            2.97483,42.98085,0
            2.97483,42.98091,0
            2.9748,42.98118,0
            2.9747,42.98174,0
            2.97463,42.98207,0
            2.97449,42.98256,0
            2.97436,42.98296,0
            2.97435,42.98301,0
            2.97433,42.98307,0
            2.97396,42.98395,0
            2.97352,42.98477,0
            2.97342,42.98493,0
            2.97318,42.98535,0
            2.97317,42.98536,0
            2.97185,42.98753,0
            2.97182,42.98756,0
            2.9713,42.98844,0
            2.97113,42.98871,0
            2.97084,42.98921,0
            2.97081,42.98927,0
            2.97079,42.9893,0
            2.9702,42.9904,0
            2.96971,42.99138,0
            2.9697,42.99141,0
            2.96922,42.99245,0
            2.96863,42.99385,0
            2.96857,42.99403,0
            2.96819,42.99495,0
            2.96817,42.99501,0
            2.96725,42.99728,0
            2.96711,42.9976,0
            2.96706,42.99769,0
            2.96689,42.99807,0
            2.96639,42.99899,0
            2.96617,42.99935,0
            2.96571,43,0
            2.96524,43.00059,0
            2.96522,43.00064,0
            2.96476,43.00115,0
            2.96468,43.00123,0
            2.96452,43.00141,0
            2.96378,43.00212,0
            2.96377,43.00212,0
            2.96352,43.00235,0
            2.96277,43.00296,0
            2.95868,43.00592,0
            2.95866,43.00593,0
            2.9578,43.00655,0
            2.95779,43.00656,0
            2.95763,43.00668,0
            2.95759,43.00672,0
            2.9574,43.00686,0
            2.95729,43.00696,0
            2.95711,43.00708,0
            2.95664,43.00745,0
            2.95605,43.00797,0
            2.95603,43.008,0
            2.95551,43.00849,0
            2.95504,43.00899,0
            2.95503,43.00901,0
            2.95486,43.00919,0
            2.95486,43.0092,0
            2.95479,43.00927,0
            2.95414,43.0101,0
            2.954,43.0103,0
            2.95399,43.01033,0
            2.95374,43.01069,0
            2.95343,43.0112,0
            2.95343,43.01121,0
            2.95326,43.01152,0
            2.95308,43.01188,0
            2.95306,43.01191,0
            2.95292,43.01221,0
            2.95281,43.01247,0
            2.95279,43.01254,0
            2.95249,43.01335,0
            2.95233,43.0139,0
            2.95229,43.01408,0
            2.95228,43.01411,0
            2.95221,43.01444,0
            2.95221,43.01447,0
            2.95214,43.01482,0
            2.95205,43.01552,0
            2.95199,43.01619,0
            2.95198,43.0164,0
            2.95198,43.01658,0
            2.95197,43.0167,0
            2.95196,43.01744,0
            2.952,43.01865,0
            2.95201,43.01874,0
            2.95206,43.01972,0
            2.95211,43.02033,0
            2.95212,43.02062,0
            2.95214,43.02086,0
            2.95214,43.02098,0
            2.95215,43.02117,0
            2.95217,43.02134,0
            2.9526,43.02812,0
            2.95262,43.02832,0
            2.95276,43.03062,0
            2.95282,43.03136,0
            2.95282,43.03142,0
            2.95284,43.0317,0
            2.95288,43.0329,0
            2.95286,43.03419,0
            2.95279,43.03512,0
            2.95265,43.03599,0
            2.95259,43.03627,0
            2.95238,43.03706,0
            2.95226,43.03739,0
            2.95225,43.03745,0
            2.95207,43.03788,0
            2.95179,43.03847,0
            2.95167,43.0387,0
            2.95143,43.03911,0
            2.95097,43.03978,0
            2.95094,43.03983,0
            2.95047,43.04041,0
            2.94999,43.04094,0
            2.94947,43.04144,0
            2.94894,43.0419,0
            2.94883,43.04198,0
            2.94856,43.0422,0
            2.94791,43.0427,0
            2.94715,43.04326,0
            2.94697,43.04338,0
            2.94578,43.04427,0
            2.94516,43.04476,0
            2.94502,43.04486,0
            2.94435,43.04544,0
            2.94359,43.04616,0
            2.94352,43.04624,0
            2.94318,43.04658,0
            2.94244,43.04742,0
            2.94234,43.04756,0
            2.94221,43.0477,0
            2.94154,43.04861,0
            2.94145,43.04875,0
            2.94136,43.04887,0
            2.94107,43.04932,0
            2.9409,43.04962,0
            2.94077,43.04983,0
            2.94033,43.05067,0
            2.94017,43.05101,0
            2.94012,43.0511,0
            2.93986,43.05173,0
            2.93965,43.05228,0
            2.93957,43.05254,0
            2.93953,43.05265,0
            2.9393,43.05339,0
            2.93907,43.05423,0
            2.93905,43.05434,0
            2.93885,43.05506,0
            2.93884,43.05512,0
            2.93838,43.05698,0
            2.93835,43.05707,0
            2.93724,43.06155,0
            2.93714,43.06201,0
            2.93701,43.06272,0
            2.93694,43.06327,0
            2.93692,43.06356,0
            2.93691,43.06417,0
            2.93694,43.06471,0
            2.93695,43.06473,0
            2.93696,43.06489,0
            2.93701,43.06526,0
            2.93713,43.06587,0
            2.93718,43.06608,0
            2.93766,43.06782,0
            2.93767,43.06784,0
            2.93776,43.0682,0
            2.93779,43.06829,0
            2.93788,43.06873,0
            2.9379,43.06894,0
            2.93797,43.06941,0
            2.93797,43.06943,0
            2.93801,43.06979,0
            2.93802,43.06997,0
            2.93803,43.07001,0
            2.93804,43.07029,0
            2.93803,43.07044,0
            2.93802,43.07096,0
            2.93801,43.071,0
            2.938,43.07116,0
            2.93798,43.07131,0
            2.93798,43.07133,0
            2.93792,43.07178,0
            2.9379,43.07187,0
            2.93789,43.07196,0
            2.93783,43.07223,0
            2.93783,43.07227,0
            2.93781,43.07231,0
            2.93767,43.07294,0
            2.93762,43.07311,0
            2.93761,43.07316,0
            2.9373,43.07422,0
            2.93729,43.07424,0
            2.93726,43.07435,0
            2.93716,43.07465,0
            2.93695,43.07536,0
            2.93695,43.07537,0
            2.93687,43.07562,0
            2.93686,43.07564,0
            2.93676,43.07594,0
            2.93663,43.07638,0
            2.93662,43.07643,0
            2.93644,43.07705,0
            2.93627,43.07772,0
            2.93616,43.07825,0
            2.93609,43.07879,0
            2.93608,43.07879,0
            2.93607,43.07905,0
            2.93605,43.07929,0
            2.93605,43.07991,0
            2.9361,43.08053,0
            2.93613,43.08076,0
            2.93614,43.0808,0
            2.93617,43.08098,0
            2.93617,43.08099,0
            2.93626,43.08142,0
            2.93641,43.08197,0
            2.93642,43.08198,0
            2.93655,43.08239,0
            2.93655,43.0824,0
            2.93673,43.08287,0
            2.93692,43.08332,0
            2.93784,43.08531,0
            2.93796,43.08559,0
            2.938,43.08566,0
            2.93838,43.08662,0
            2.9386,43.08726,0
            2.93893,43.08846,0
            2.93913,43.08956,0
            2.93929,43.09075,0
            2.93934,43.09123,0
            2.93935,43.09139,0
            2.93939,43.09166,0
            2.9394,43.09177,0
            2.93944,43.09192,0
            2.93945,43.09203,0
            2.93949,43.09226,0
            2.9395,43.09238,0
            2.93969,43.09346,0
            2.93976,43.09376,0
            2.93978,43.09387,0
            2.93985,43.09417,0
            2.93995,43.09452,0
            2.93999,43.09463,0
            2.94003,43.09478,0
            2.94031,43.09559,0
            2.9405,43.09604,0
            2.94051,43.09608,0
            2.94064,43.09638,0
            2.94085,43.09681,0
            2.94092,43.09697,0
            2.94122,43.09756,0
            2.94152,43.09809,0
            2.94165,43.09835,0
            2.94166,43.09836,0
            2.94209,43.09911,0
            2.94221,43.0993,0
            2.94222,43.09931,0
            2.94232,43.09948,0
            2.94254,43.09981,0
            2.9426,43.09991,0
            2.94297,43.10043,0
            2.94304,43.10054,0
            2.94312,43.10063,0
            2.9432,43.10074,0
            2.94337,43.10095,0
            2.94344,43.10105,0
            2.94385,43.10154,0
            2.94438,43.10214,0
            2.94465,43.10242,0
            2.94466,43.10244,0
            2.94534,43.1031,0
            2.94549,43.10326,0
            2.94619,43.10394,0
            2.9465,43.10428,0
            2.94686,43.10463,0
            2.94732,43.10511,0
            2.94777,43.10561,0
            2.94819,43.10611,0
            2.94866,43.10671,0
            2.94895,43.1071,0
            2.94895,43.10711,0
            2.94972,43.10823,0
            2.95005,43.10874,0
            2.95012,43.10883,0
            2.95017,43.10892,0
            2.95026,43.10904,0
            2.95077,43.10982,0
            2.95133,43.11063,0
            2.95267,43.11246,0
            2.95331,43.11326,0
            2.95333,43.11329,0
            2.95428,43.11441,0
            2.95464,43.11481,0
            2.95477,43.11497,0
            2.95524,43.11549,0
            2.95526,43.11552,0
            2.95531,43.11557,0
            2.95539,43.11567,0
            2.95545,43.11573,0
            2.95664,43.11711,0
            2.9567,43.11719,0
            2.95672,43.11721,0
            2.95736,43.11803,0
            2.95745,43.11816,0
            2.95754,43.11827,0
            2.9576,43.11836,0
            2.95761,43.11837,0
            2.95771,43.11852,0
            2.95772,43.11853,0
            2.95779,43.11863,0
            2.95782,43.11868,0
            2.95788,43.11876,0
            2.95801,43.11896,0
            2.95825,43.11938,0
            2.95834,43.11952,0
            2.95838,43.1196,0
            2.95843,43.11968,0
            2.95851,43.11985,0
            2.95865,43.1201,0
            2.95867,43.12016,0
            2.95878,43.12037,0
            2.95906,43.12101,0
            2.9591,43.12113,0
            2.95915,43.12125,0
            2.95924,43.12152,0
            2.95929,43.12165,0
            2.95929,43.12166,0
            2.95941,43.122,0
            2.95942,43.12204,0
            2.95956,43.12245,0
            2.95961,43.12262,0
            2.95961,43.12263,0
            2.95972,43.12295,0
            2.95972,43.12298,0
            2.95978,43.12315,0
            2.95983,43.12332,0
            2.95984,43.12333,0
            2.95987,43.12345,0
            2.9599,43.12353,0
            2.95993,43.12359,0
            2.9602,43.12433,0
            2.96033,43.12464,0
            2.96077,43.12553,0
            2.96081,43.12559,0
            2.96095,43.12583,0
            2.96123,43.12624,0
            2.96131,43.12634,0
            2.96139,43.12646,0
            2.96173,43.12689,0
            2.96199,43.1272,0
            2.96211,43.12733,0
            2.96215,43.12738,0
            2.96263,43.12789,0
            2.96286,43.12811,0
            2.96292,43.12816,0
            2.96329,43.12851,0
            2.96429,43.12937,0
            2.96478,43.12976,0
            2.96585,43.13057,0
            2.96591,43.13061,0
            2.96726,43.13163,0
            2.96764,43.1319,0
            2.96896,43.1329,0
            2.96912,43.13301,0
            2.97016,43.13379,0
            2.97031,43.13389,0
            2.97069,43.13417,0
            2.97103,43.13444,0
            2.9712,43.13456,0
            2.97154,43.13482,0
            2.97155,43.13482,0
            2.97157,43.13484,0
            2.97192,43.1351,0
            2.97211,43.13523,0
            2.97224,43.13534,0
            2.97226,43.13535,0
            2.97241,43.13546,0
            2.97242,43.13547,0
            2.9726,43.13561,0
            2.97276,43.13572,0
            2.97325,43.1361,0
            2.9734,43.1362,0
            2.97391,43.13661,0
            2.97398,43.13666,0
            2.97409,43.13675,0
            2.97421,43.13683,0
            2.97532,43.13775,0
            2.97538,43.13781,0
            2.97568,43.13806,0
            2.97592,43.13829,0
            2.97632,43.13865,0
            2.9764,43.13874,0
            2.9767,43.13903,0
            2.97716,43.1395,0
            2.97787,43.14027,0
            2.97823,43.14072,0
            2.97837,43.14088,0
            2.97899,43.14169,0
            2.97903,43.14176,0
            2.9792,43.14199,0
            2.97941,43.14231,0
            2.97945,43.14236,0
            2.98002,43.14327,0
            2.98026,43.14369,0
            2.98036,43.14389,0
            2.98043,43.14401,0
            2.98093,43.14499,0
            2.98108,43.14532,0
            2.98114,43.14542,0
            2.98134,43.14587,0
            2.98135,43.14588,0
            2.98142,43.14605,0
            2.98158,43.14617,0
            2.98159,43.14618,0
            2.98257,43.14812,0
            2.98285,43.14872,0
            2.98291,43.14874,0
            2.98291,43.14875,0
            2.98311,43.14909,0
            2.98315,43.14914,0
            2.98319,43.14923,0
            2.98329,43.14941,0
            2.98339,43.14954,0
            2.98342,43.14957,0
            2.98346,43.1496,0
            2.98354,43.14969,0
            2.98366,43.14979,0
            2.98377,43.14987,0
            2.98399,43.14998,0
            2.98518,43.1504,0
            2.9852,43.1504,0
            2.98576,43.15058,0
            2.98578,43.1506,0
            2.98616,43.15073,0
            2.98653,43.1509,0
            2.98676,43.15103,0
            2.98702,43.15121,0
            2.98722,43.15136,0
            2.98726,43.15141,0
            2.98746,43.15162,0
            2.98764,43.15186,0
            2.9878,43.15214,0
            2.98792,43.1525,0
            2.98796,43.15275,0
            2.98797,43.15315,0
            2.98793,43.1534,0
            2.9879,43.15352,0
            2.98786,43.15363,0
            2.98786,43.15364,0
            2.98736,43.15476,0
            2.98726,43.15525,0
            2.98726,43.15542,0
            2.98727,43.15552,0
            2.98731,43.15578,0
            2.98741,43.15605,0
            2.9875,43.15622,0
            2.9876,43.15639,0
            2.98795,43.15688,0
            2.98795,43.15689,0
            2.98798,43.15695,0
            2.98863,43.1578,0
            2.98952,43.15884,0
            2.98995,43.1593,0
            2.99037,43.15972,0
            2.9904,43.15974,0
            2.99072,43.16006,0
            2.99083,43.16018,0
            2.99146,43.16078,0
            2.99147,43.16078,0
            2.99205,43.16129,0
            2.993,43.16206,0
            2.99306,43.1621,0
            2.99311,43.16214,0
            2.99324,43.16223,0
            2.99341,43.16236,0
            2.99377,43.1626,0
            2.99379,43.16261,0
            2.99446,43.16307,0
            2.99447,43.16308,0
            2.99509,43.1635,0
            2.99515,43.16353,0
            2.99519,43.16356,0
            2.9952,43.16356,0
            2.99525,43.16359,0
            2.99542,43.16366,0
            2.99555,43.16369,0
            2.99565,43.16369,0
            2.9957,43.1637,0
            2.99577,43.16369,0
            2.99591,43.16366,0
            2.99594,43.16365,0
            2.996,43.16362,0
            2.99609,43.16356,0
            2.99617,43.16348,0
            2.99621,43.1634,0
            2.99621,43.16335,0
            2.99622,43.16333,0
            2.99621,43.16328,0
            2.99621,43.16325,0
            2.99619,43.1632,0
            2.99619,43.16318,0
            2.99618,43.16318,0
            2.99617,43.16314,0
            2.99613,43.16308,0
            2.99605,43.163,0
            2.996,43.16296,0
            2.99598,43.16295,0
            2.99594,43.16292,0
            2.9959,43.1629,0
            2.99589,43.1629,0
            2.99588,43.16289,0
            2.9958,43.16285,0
            2.99579,43.16284,0
            2.99569,43.16281,0
            2.99568,43.1628,0
            2.99565,43.1628,0
            2.99565,43.16279,0
            2.99556,43.16277,0
            2.99536,43.16274,0
            2.99513,43.16274,0
            2.99497,43.16276,0
            2.9949,43.16278,0
            2.99483,43.16279,0
            2.99461,43.16286,0
            2.99451,43.1629,0
            2.9945,43.1629,0
            2.99401,43.16309,0
            2.99395,43.16312,0
            2.99362,43.16324,0
            2.99218,43.16381,0
            2.99209,43.16384,0
            2.99198,43.16389,0
            2.99193,43.16393,0
            2.99131,43.16416,0
            2.9908,43.16438,0
            2.99005,43.16468,0
            2.98999,43.1647,0
            2.98989,43.16476,0
            2.98981,43.16479,0
            2.98963,43.16492,0
            2.98961,43.165,0
            2.98957,43.16508,0
            2.98948,43.16517,0
            2.98929,43.16532,0
            2.98911,43.16541,0
            2.98906,43.16543,0
            2.98901,43.16544,0
            2.98896,43.16546,0
            2.98879,43.16549,0
            2.98873,43.16549,0
            2.98862,43.16555,0
            2.98853,43.16556,0
            2.98846,43.16558,0
            2.98843,43.16558,0
            2.98841,43.16559,0
            2.98838,43.1656,0
            2.98837,43.1656,0
            2.98837,43.16561,0
            2.98831,43.16563,0
            2.98821,43.16571,0
            2.98813,43.16582,0
            2.9881,43.16594,0
            2.98812,43.16614,0
            2.98811,43.1662,0
            2.98811,43.16626,0
            2.98804,43.16639,0
            2.988,43.16644,0
            2.98795,43.16649,0
            2.98787,43.16656,0
            2.98786,43.16656,0
            2.98786,43.16657,0
            2.98778,43.16664,0
            2.9877,43.16672,0
            2.98766,43.16675,0
            2.98764,43.1668,0
            2.98761,43.16685,0
            2.98758,43.16692,0
            2.98757,43.16698,0
            2.98757,43.16704,0
            2.98759,43.16712,0
            2.98763,43.16719,0
            2.98765,43.16725,0
            2.98767,43.1674,0
            2.98772,43.16746,0
            2.98776,43.16752,0
            2.98779,43.16754,0
            2.98783,43.16759,0
            2.98787,43.16762,0
            2.9879,43.16765,0
            2.98795,43.16767,0
            2.988,43.16768,0
            2.98824,43.16768,0
            2.9883,43.1677,0
            2.98832,43.16771,0
            2.98835,43.16772,0
            2.98836,43.16772,0
            2.98838,43.16773,0
            2.98839,43.16773,0
            2.98844,43.16778,0
            2.98845,43.16778,0
            2.98845,43.16779,0
            2.98846,43.1678,0
            2.98846,43.16781,0
            2.98847,43.16783,0
            2.98847,43.16785,0
            2.98848,43.16786,0
            2.98848,43.1679,0
            2.98846,43.16792,0
            2.98846,43.16793,0
            2.98844,43.16795,0
            2.98844,43.16796,0
            2.98843,43.16797,0
            2.98842,43.16797,0
            2.98842,43.16798,0
            2.98841,43.16799,0
            2.9884,43.16799,0
            2.9884,43.168,0
            2.98839,43.16801,0
            2.98838,43.16801,0
            2.98837,43.16802,0
            2.98837,43.16818,0
            2.98838,43.16823,0
            2.98839,43.16826,0
            2.98845,43.16838,0
            2.98887,43.16898,0
            2.98897,43.1691,0
            2.98905,43.16923,0
            2.98909,43.16936,0
            2.98911,43.16937,0
            2.98915,43.16937,0
            2.98917,43.16938,0
            2.98919,43.16938,0
            2.9892,43.16939,0
            2.98924,43.16941,0
            2.98926,43.16943,0
            2.98928,43.16944,0
            2.9893,43.16946,0
            2.9893,43.16947,0
            2.98931,43.16948,0
            2.98931,43.16949,0
            2.98932,43.1695,0
            2.98932,43.16953,0
            2.98933,43.16955,0
            2.98932,43.16956,0
            2.98932,43.16959,0
            2.98937,43.16974,0
            2.98953,43.16996,0
            2.98954,43.16997,0
            2.98958,43.17004,0
            2.98968,43.17019,0
            2.98981,43.17043,0
            2.98987,43.17056,0
            2.99,43.17081,0
            2.99,43.17082,0
            2.99018,43.17124,0
            2.99018,43.17125,0
            2.99016,43.17129,0
            2.99032,43.17159,0
            2.99068,43.17209,0
            2.99079,43.17221,0
            2.99143,43.17305,0
            2.99152,43.17311,0
            2.99156,43.17317,0
            2.9917,43.17334,0
            2.99191,43.17356,0
            2.99194,43.17358,0
            2.99198,43.1736,0
            2.99199,43.17359,0
            2.99205,43.17359,0
            2.99206,43.17358,0
            2.99209,43.17358,0
            2.99211,43.17359,0
            2.99216,43.17359,0
            2.99218,43.1736,0
            2.9922,43.1736,0
            2.99221,43.17361,0
            2.99223,43.17361,0
            2.99224,43.17362,0
            2.99225,43.17362,0
            2.99227,43.17363,0
            2.99228,43.17364,0
            2.9923,43.17364,0
            2.99231,43.17365,0
            2.99231,43.17366,0
            2.99232,43.17366,0
            2.99234,43.17368,0
            2.99236,43.17369,0
            2.99237,43.17371,0
            2.99238,43.17372,0
            2.9924,43.17376,0
            2.99241,43.17377,0
            2.99242,43.17379,0
            2.99242,43.17388,0
            2.99241,43.1739,0
            2.99241,43.17392,0
            2.9924,43.17393,0
            2.99239,43.17395,0
            2.9925,43.17422,0
            2.99308,43.17511,0
            2.99329,43.17547,0
            2.99331,43.17548,0
            2.99422,43.17682,0
            2.99435,43.17704,0
            2.99477,43.17767,0
            2.99479,43.17771,0
            2.99504,43.17805,0
            2.99505,43.17807,0
            2.99543,43.17861,0
            2.99543,43.17862,0
            2.99561,43.17888,0
            2.9959,43.17933,0
            2.99603,43.1795,0
            2.99634,43.17997,0
            2.99635,43.17998,0
            2.99649,43.1802,0
            2.9965,43.18022,0
            2.99689,43.18083,0
            2.99767,43.18195,0
            2.99784,43.18217,0
            2.99795,43.18229,0
            2.998,43.18233,0
            2.99807,43.18242,0
            2.99812,43.18262,0
            2.99827,43.18291,0
            2.9985,43.18326,0
            2.99853,43.18333,0
            2.99855,43.18336,0
            2.99858,43.18345,0
            2.99863,43.18357,0
            2.99869,43.18366,0
            2.99881,43.1838,0
            2.99903,43.18403,0
            2.99922,43.18421,0
            2.99928,43.18426,0
            2.9994,43.18434,0
            2.99973,43.18452,0
            2.99974,43.18453,0
            3.00008,43.18473,0
            3.00011,43.18476,0
            3.00039,43.18493,0
            3.0004,43.18494,0
            3.00045,43.18497,0
            3.00048,43.185,0
            3.00131,43.18565,0
            3.0014,43.18571,0
            3.00145,43.18576,0
            3.00189,43.1861,0
            3.0022,43.18636,0
            3.00234,43.18639,0
            3.00291,43.18669,0
            3.00304,43.18678,0
            3.00376,43.18717,0
            3.00493,43.18777,0
            3.00473,43.18798,0
            3.00465,43.18808,0
            3.00433,43.18842,0
            3.00423,43.18833,0
            3.00399,43.18818,0
            3.00391,43.18812,0
            3.00348,43.1879,0
            3.00328,43.18783,0
            3.00325,43.18788,0
            3.00324,43.18788,0
            3.00321,43.18794,0
            3.00321,43.18799,0
            3.00323,43.18801,0
            3.00402,43.18862,0
            3.00415,43.18853,0
            3.00433,43.18842,0
            3.00423,43.18833,0
            3.00399,43.18818,0
            3.00391,43.18812,0
            3.00348,43.1879,0
            3.00313,43.18777,0
            3.00199,43.1874,0
            3.00182,43.18733,0
            3.00181,43.18732,0
            3.00172,43.18727,0
            3.00163,43.18721,0
            3.00068,43.18647,0
            3.00064,43.18643,0
            3.00054,43.18636,0
            3.00042,43.18622,0
            3.00041,43.1862,0
            3.00036,43.18613,0
            3.00022,43.18588,0
            3.0002,43.18585,0
            3.00009,43.18564,0
            3.00005,43.18555,0
            2.99998,43.18543,0
            2.99996,43.18537,0
            2.99993,43.18533,0
            2.99992,43.18531,0
            2.99988,43.18525,0
            2.99952,43.18492,0
            2.99936,43.18482,0
            2.99893,43.18449,0
            2.99892,43.18449,0
            2.99889,43.18446,0
            2.99794,43.18371,0
            2.99789,43.18366,0
            2.99782,43.18358,0
            2.99781,43.18348,0
            2.99771,43.18321,0
            2.99768,43.18315,0
            2.99767,43.18311,0
            2.99766,43.18309,0
            2.99764,43.18302,0
            2.99762,43.18289,0
            2.99761,43.18273,0
            2.99763,43.18266,0
            2.99763,43.18265,0
            2.99764,43.18261,0
            2.99773,43.18243,0
            2.99778,43.18235,0
            2.99773,43.18219,0
            2.99768,43.1821,0
            2.99744,43.18174,0
            2.99741,43.18171,0
            2.99683,43.18085,0
            2.99677,43.18077,0
            2.99583,43.17935,0
            2.99572,43.17917,0
            2.99571,43.17917,0
            2.99536,43.17863,0
            2.99508,43.17825,0
            2.995,43.17812,0
            2.99497,43.17809,0
            2.99472,43.17773,0
            2.99438,43.17719,0
            2.99423,43.17698,0
            2.99416,43.17686,0
            2.99406,43.17672,0
            2.994,43.17662,0
            2.99374,43.17624,0
            2.99362,43.17608,0
            2.99337,43.17568,0
            2.99326,43.17552,0
            2.99323,43.17549,0
            2.99315,43.17536,0
            2.99306,43.17525,0
            2.99274,43.17479,0
            2.99264,43.17461,0
            2.99247,43.17438,0
            2.99247,43.17437,0
            2.99237,43.17427,0
            2.99235,43.17426,0
            2.99229,43.1742,0
            2.99223,43.17416,0
            2.99206,43.17409,0
            2.99201,43.17409,0
            2.99198,43.17408,0
            2.99196,43.17408,0
            2.99193,43.17407,0
            2.99191,43.17406,0
            2.99188,43.17405,0
            2.99186,43.17404,0
            2.99183,43.17402,0
            2.99181,43.17401,0
            2.99179,43.17398,0
            2.99175,43.17394,0
            2.99174,43.17391,0
            2.99173,43.17389,0
            2.99173,43.17386,0
            2.99172,43.17384,0
            2.99172,43.17383,0
            2.99173,43.17381,0
            2.99173,43.17378,0
            2.99174,43.17377,0
            2.99174,43.17375,0
            2.99175,43.17374,0
            2.99176,43.17368,0
            2.99175,43.17363,0
            2.99169,43.1735,0
            2.99145,43.17312,0
            2.99143,43.17305,0
            2.99079,43.17221,0
            2.99068,43.17209,0
            2.99032,43.17159,0
            2.99016,43.17129,0
            2.99013,43.17127,0
            2.99012,43.17127,0
            2.9899,43.17086,0
            2.98982,43.17073,0
            2.98941,43.16997,0
            2.98939,43.16994,0
            2.98937,43.1699,0
            2.98929,43.1698,0
            2.98914,43.16972,0
            2.98904,43.16972,0
            2.98902,43.16971,0
            2.98899,43.16971,0
            2.98897,43.16969,0
            2.98895,43.16969,0
            2.98892,43.16966,0
            2.9889,43.16965,0
            2.98888,43.16963,0
            2.98888,43.16962,0
            2.98886,43.1696,0
            2.98886,43.16959,0
            2.98885,43.16958,0
            2.98885,43.16952,0
            2.98886,43.1695,0
            2.98886,43.16949,0
            2.98887,43.16948,0
            2.98888,43.16946,0
            2.98892,43.16942,0
            2.98893,43.16942,0
            2.98894,43.16941,0
            2.98893,43.16931,0
            2.98892,43.16927,0
            2.9889,43.16922,0
            2.98853,43.16872,0
            2.98825,43.16825,0
            2.98824,43.16824,0
            2.98821,43.16817,0
            2.98817,43.16813,0
            2.98816,43.1681,0
            2.98813,43.16807,0
            2.9881,43.16806,0
            2.98808,43.16806,0
            2.98802,43.16803,0
            2.98801,43.16802,0
            2.98799,43.16801,0
            2.98798,43.168,0
            2.98797,43.16798,0
            2.98795,43.16797,0
            2.98795,43.16795,0
            2.98792,43.16792,0
            2.98792,43.1679,0
            2.98791,43.16789,0
            2.98791,43.16784,0
            2.98792,43.16783,0
            2.98792,43.16781,0
            2.98793,43.1678,0
            2.98793,43.16778,0
            2.98795,43.16776,0
            2.98797,43.16775,0
            2.98798,43.16773,0
            2.988,43.16772,0
            2.98801,43.16771,0
            2.98803,43.16771,0
            2.98805,43.1677,0
            2.98806,43.16769,0
            2.98809,43.16768,0
            2.98824,43.16768,0
            2.9883,43.1677,0
            2.98832,43.16771,0
            2.98845,43.16771,0
            2.9885,43.1677,0
            2.98853,43.1677,0
            2.98861,43.16766,0
            2.98866,43.16763,0
            2.98867,43.1676,0
            2.98875,43.16743,0
            2.98886,43.16727,0
            2.98893,43.16721,0
            2.98906,43.16713,0
            2.98913,43.1671,0
            2.98935,43.16704,0
            2.9896,43.167,0
            2.98964,43.167,0
            2.98982,43.16698,0
            2.98991,43.16698,0
            2.98998,43.16699,0
            2.99007,43.16699,0
            2.99038,43.16697,0
            2.99056,43.16694,0
            2.99052,43.16685,0
            2.99052,43.16684,0
            2.99034,43.16643,0
            2.99033,43.16642,0
            2.99029,43.16633,0
            2.99028,43.16632,0
            2.99025,43.16626,0
            2.99016,43.16611,0
            2.99011,43.16601,0
            2.9901,43.166,0
            2.99006,43.16593,0
            2.99006,43.16592,0
            2.99001,43.16583,0
            2.98994,43.16566,0
            2.98986,43.16554,0
            2.98983,43.16551,0
            2.98973,43.16546,0
            2.98968,43.16543,0
            2.98962,43.16541,0
            2.98961,43.16541,0
            2.98943,43.16538,0
            2.98937,43.16536,0
            2.98929,43.16532,0
            2.98911,43.16541,0
            2.98906,43.16543,0
            2.98901,43.16544,0
            2.98896,43.16546,0
            2.98879,43.16549,0
            2.9884,43.16549,0
            2.98835,43.16546,0
            2.98823,43.1654,0
            2.98815,43.16532,0
            2.98812,43.16528,0
            2.98811,43.16527,0
            2.98811,43.16517,0
            2.98812,43.16514,0
            2.98814,43.16512,0
            2.98815,43.16509,0
            2.98817,43.16507,0
            2.98819,43.16504,0
            2.9882,43.16502,0
            2.98822,43.16499,0
            2.98824,43.16497,0
            2.98826,43.16494,0
            2.98829,43.16492,0
            2.98834,43.16487,0
            2.98837,43.16485,0
            2.98839,43.16483,0
            2.98848,43.16477,0
            2.98851,43.16476,0
            2.98854,43.16474,0
            2.98861,43.16472,0
            2.98865,43.1647,0
            2.98876,43.16467,0
            2.98878,43.16466,0
            2.98881,43.16466,0
            2.98883,43.16465,0
            2.98886,43.16465,0
            2.98888,43.16464,0
            2.98891,43.16464,0
            2.98894,43.16463,0
            2.98898,43.16463,0
            2.98901,43.16462,0
            2.98909,43.16462,0
            2.98912,43.16461,0
            2.98942,43.16462,0
            2.98959,43.16461,0
            2.98963,43.1646,0
            2.98967,43.1646,0
            2.98985,43.16455,0
            2.9904,43.16433,0
            2.99135,43.16403,0
            2.99144,43.16396,0
            2.99168,43.16388,0
            2.99198,43.16375,0
            2.99218,43.16364,0
            2.99219,43.16364,0
            2.99254,43.1634,0
            2.99266,43.16331,0
            2.99277,43.1632,0
            2.99284,43.16312,0
            2.99288,43.16305,0
            2.99291,43.16298,0
            2.99293,43.16292,0
            2.99295,43.16282,0
            2.99295,43.16277,0
            2.99293,43.16267,0
            2.99289,43.16256,0
            2.99278,43.1624,0
            2.99258,43.1622,0
            2.99222,43.16193,0
            2.9922,43.16191,0
            2.99211,43.16176,0
            2.99154,43.1613,0
            2.99124,43.16103,0
            2.991,43.16083,0
            2.9905,43.16037,0
            2.98944,43.15932,0
            2.98866,43.15845,0
            2.98858,43.15837,0
            2.98824,43.15796,0
            2.98806,43.15776,0
            2.98775,43.15738,0
            2.98765,43.15724,0
            2.98717,43.15664,0
            2.98689,43.15626,0
            2.98683,43.15617,0
            2.98637,43.15555,0
            2.98609,43.15515,0
            2.98546,43.1542,0
            2.98523,43.15383,0
            2.98521,43.15379,0
            2.98476,43.15305,0
            2.98473,43.15299,0
            2.9843,43.15229,0
            2.98404,43.15183,0
            2.98395,43.15165,0
            2.98377,43.15134,0
            2.9836,43.151,0
            2.98337,43.15058,0
            2.98295,43.14971,0
            2.98293,43.14968,0
            2.98266,43.14911,0
            2.98255,43.1489,0
            2.98197,43.14767,0
            2.98188,43.14746,0
            2.98183,43.14737,0
            2.98125,43.14614,0
            2.98123,43.14608,0
            2.98079,43.14514,0
            2.98078,43.14511,0
            2.98048,43.14449,0
            2.98045,43.14444,0
            2.98017,43.1439,0
            2.97943,43.14265,0
            2.97938,43.14259,0
            2.97917,43.14227,0
            2.97872,43.14164,0
            2.97856,43.14148,0
            2.97848,43.14138,0
            2.9784,43.14126,0
            2.97817,43.14097,0
            2.97815,43.14095,0
            2.97785,43.14057,0
            2.97725,43.13989,0
            2.97671,43.13932,0
            2.97596,43.13857,0
            2.97543,43.13808,0
            2.9747,43.13745,0
            2.97411,43.13697,0
            2.97313,43.13621,0
            2.97311,43.13619,0
            2.9723,43.13559,0
            2.97217,43.13548,0
            2.97201,43.13537,0
            2.97199,43.13536,0
            2.97199,43.13535,0
            2.9681,43.13245,0
            2.96809,43.13245,0
            2.96586,43.13079,0
            2.9652,43.13028,0
            2.96507,43.13019,0
            2.96473,43.12993,0
            2.96395,43.1293,0
            2.96307,43.12853,0
            2.96227,43.12776,0
            2.96189,43.12735,0
            2.96186,43.1273,0
            2.96161,43.12702,0
            2.96141,43.12677,0
            2.96138,43.12674,0
            2.96123,43.12654,0
            2.96078,43.12589,0
            2.96056,43.12551,0
            2.96042,43.12524,0
            2.96041,43.12523,0
            2.96025,43.12491,0
            2.95995,43.12422,0
            2.95973,43.12361,0
            2.95972,43.12359,0
            2.95955,43.12305,0
            2.95954,43.12303,0
            2.9595,43.12292,0
            2.95937,43.12248,0
            2.95904,43.1215,0
            2.95887,43.12106,0
            2.95887,43.12104,0
            2.9586,43.12041,0
            2.95846,43.12014,0
            2.95841,43.12003,0
            2.95823,43.11972,0
            2.95818,43.11962,0
            2.95804,43.11939,0
            2.95796,43.11924,0
            2.95792,43.11918,0
            2.9579,43.11914,0
            2.95779,43.11898,0
            2.95779,43.11897,0
            2.95773,43.11888,0
            2.95771,43.11884,0
            2.95769,43.11882,0
            2.95763,43.11874,0
            2.95749,43.11852,0
            2.95747,43.1185,0
            2.95723,43.11816,0
            2.95689,43.11772,0
            2.95689,43.11771,0
            2.95645,43.11718,0
            2.95639,43.11708,0
            2.95533,43.11586,0
            2.95515,43.11564,0
            2.95512,43.11562,0
            2.95511,43.1156,0
            2.95507,43.11556,0
            2.95386,43.11419,0
            2.95385,43.11417,0
            2.95347,43.11373,0
            2.95339,43.11362,0
            2.953,43.11315,0
            2.95178,43.11157,0
            2.95077,43.11013,0
            2.95071,43.11002,0
            2.95043,43.10963,0
            2.94936,43.10801,0
            2.9488,43.1072,0
            2.94848,43.10678,0
            2.94847,43.10676,0
            2.94825,43.10647,0
            2.94779,43.10591,0
            2.94761,43.10571,0
            2.94761,43.1057,0
            2.9471,43.10513,0
            2.94702,43.10506,0
            2.94659,43.10462,0
            2.94513,43.1032,0
            2.9451,43.10316,0
            2.94423,43.10228,0
            2.94412,43.10215,0
            2.94396,43.10199,0
            2.94331,43.10122,0
            2.94326,43.10117,0
            2.94318,43.10105,0
            2.94306,43.10091,0
            2.94305,43.10089,0
            2.94285,43.10063,0
            2.94282,43.1006,0
            2.94236,43.09995,0
            2.94214,43.0996,0
            2.94205,43.09947,0
            2.94183,43.09911,0
            2.9414,43.09835,0
            2.9413,43.09814,0
            2.94128,43.09811,0
            2.94107,43.09772,0
            2.94102,43.09761,0
            2.94092,43.09743,0
            2.94068,43.09694,0
            2.94041,43.09634,0
            2.9404,43.09631,0
            2.94038,43.09629,0
            2.94012,43.09566,0
            2.9401,43.0956,0
            2.94003,43.09543,0
            2.9399,43.09506,0
            2.9398,43.09473,0
            2.93979,43.09473,0
            2.93963,43.09415,0
            2.93957,43.09389,0
            2.93955,43.09383,0
            2.93949,43.09357,0
            2.93945,43.09333,0
            2.93944,43.09324,0
            2.93941,43.09314,0
            2.93929,43.09236,0
            2.93929,43.09233,0
            2.93915,43.09151,0
            2.93911,43.09107,0
            2.93911,43.09099,0
            2.93907,43.09062,0
            2.93904,43.09044,0
            2.93896,43.08981,0
            2.93891,43.08954,0
            2.93886,43.08919,0
            2.93886,43.08914,0
            2.9388,43.08885,0
            2.93879,43.08882,0
            2.9387,43.08836,0
            2.93865,43.08816,0
            2.93865,43.08815,0
            2.93857,43.08783,0
            2.93839,43.08719,0
            2.93812,43.08643,0
            2.93792,43.08592,0
            2.93791,43.08591,0
            2.93762,43.08523,0
            2.93673,43.08336,0
            2.9365,43.08281,0
            2.93646,43.08269,0
            2.93639,43.08252,0
            2.93639,43.08251,0
            2.9363,43.08227,0
            2.93625,43.08211,0
            2.93622,43.08199,0
            2.9362,43.08194,0
            2.93619,43.0819,0
            2.93616,43.08182,0
            2.93616,43.0818,0
            2.93607,43.08147,0
            2.93599,43.08111,0
            2.93599,43.0811,0
            2.93597,43.08102,0
            2.93596,43.08093,0
            2.93592,43.08069,0
            2.93589,43.08039,0
            2.93588,43.08033,0
            2.93588,43.08021,0
            2.93585,43.07986,0
            2.93586,43.07931,0
            2.93588,43.07896,0
            2.9359,43.07885,0
            2.9359,43.07877,0
            2.93594,43.07841,0
            2.93597,43.07823,0
            2.93599,43.07816,0
            2.93611,43.07754,0
            2.93612,43.07752,0
            2.93616,43.07734,0
            2.93619,43.07725,0
            2.93641,43.07646,0
            2.93741,43.07321,0
            2.93745,43.07304,0
            2.93745,43.07303,0
            2.93762,43.07237,0
            2.93762,43.07236,0
            2.93768,43.07209,0
            2.9377,43.07195,0
            2.93772,43.07186,0
            2.93779,43.07139,0
            2.93784,43.07088,0
            2.93784,43.0708,0
            2.93786,43.07049,0
            2.93783,43.06988,0
            2.93779,43.06943,0
            2.93775,43.0691,0
            2.93769,43.06876,0
            2.93755,43.06816,0
            2.9371,43.06659,0
            2.93698,43.06612,0
            2.93698,43.06609,0
            2.9369,43.06578,0
            2.9368,43.06521,0
            2.93676,43.06489,0
            2.93676,43.06487,0
            2.93675,43.0648,0
            2.93672,43.06426,0
            2.93672,43.06408,0
            2.93671,43.06396,0
            2.93672,43.0639,0
            2.93672,43.06361,0
            2.93673,43.06354,0
            2.93673,43.06343,0
            2.93674,43.06337,0
            2.93676,43.06316,0
            2.93676,43.06311,0
            2.93683,43.06261,0
            2.93709,43.06135,0
            2.93773,43.05879,0
            2.93776,43.05863,0
            2.93785,43.05828,0
            2.93786,43.05822,0
            2.93792,43.05798,0
            2.93792,43.05796,0
            2.93801,43.05758,0
            2.93802,43.05756,0
            2.9386,43.05529,0
            2.93862,43.05518,0
            2.93865,43.05509,0
            2.93889,43.05413,0
            2.93891,43.05408,0
            2.93899,43.05377,0
            2.93904,43.05363,0
            2.93936,43.05259,0
            2.93943,43.0524,0
            2.93943,43.05238,0
            2.93948,43.05224,0
            2.93949,43.05222,0
            2.93953,43.05211,0
            2.93954,43.05206,0
            2.9396,43.05191,0
            2.93965,43.05176,0
            2.93986,43.05124,0
            2.93987,43.05123,0
            2.93987,43.05122,0
            2.94009,43.05074,0
            2.94044,43.05007,0
            2.94083,43.04939,0
            2.94115,43.04888,0
            2.94151,43.04836,0
            2.94176,43.04802,0
            2.94208,43.04763,0
            2.94213,43.04755,0
            2.94288,43.04668,0
            2.94375,43.04578,0
            2.94403,43.04551,0
            2.94432,43.04525,0
            2.94436,43.04522,0
            2.94451,43.04508,0
            2.94473,43.0449,0
            2.94484,43.0448,0
            2.94518,43.04453,0
            2.94518,43.04452,0
            2.94668,43.04339,0
            2.94766,43.04268,0
            2.94776,43.0426,0
            2.94791,43.0425,0
            2.94868,43.04189,0
            2.9488,43.04181,0
            2.94969,43.041,0
            2.95002,43.04066,0
            2.95028,43.04037,0
            2.95069,43.03987,0
            2.95075,43.03978,0
            2.95085,43.03965,0
            2.95111,43.03928,0
            2.95135,43.03889,0
            2.9516,43.03844,0
            2.95181,43.03803,0
            2.95207,43.03739,0
            2.95209,43.03732,0
            2.95211,43.03728,0
            2.95211,43.03727,0
            2.95219,43.03705,0
            2.95219,43.03704,0
            2.95221,43.037,0
            2.95222,43.03694,0
            2.95236,43.03643,0
            2.9523,43.03633,0
            2.9523,43.03628,0
            2.95236,43.03592,0
            2.95236,43.03582,0
            2.95237,43.03576,0
            2.95236,43.0357,0
            2.95236,43.03563,0
            2.95232,43.03545,0
            2.95229,43.03535,0
            2.95225,43.03525,0
            2.9522,43.03517,0
            2.95213,43.03504,0
            2.95212,43.03503,0
            2.95208,43.03497,0
            2.9516,43.03433,0
            2.95159,43.03432,0
            2.95137,43.03403,0
            2.95131,43.03392,0
            2.95128,43.03384,0
            2.95126,43.03373,0
            2.95127,43.03367,0
            2.9513,43.03361,0
            2.95133,43.03357,0
            2.95135,43.03352,0
            2.95143,43.03342,0
            2.95148,43.03337,0
            2.9516,43.0333,0
            2.95167,43.03327,0
            2.9518,43.03323,0
            2.95189,43.03321,0
            2.95202,43.0332,0
            2.95214,43.0332,0
            2.95231,43.03319,0
            2.95662,43.0332,0
            2.95739,43.03315,0
            2.95842,43.03301,0
            2.95858,43.03298,0
            2.95902,43.03294,0
            2.95923,43.03294,0
            2.95931,43.03295,0
            2.95937,43.03295,0
            2.95943,43.03297,0
            2.95964,43.03289,0
            2.95983,43.03285,0
            2.96024,43.03278,0
            2.96112,43.03268,0
            2.96123,43.03268,0
            2.96137,43.03265,0
            2.96145,43.03264,0
            2.96417,43.03194,0
            2.96429,43.03189,0
            2.9643,43.03189,0
            2.96444,43.03184,0
            2.96458,43.0318,0
            2.96482,43.03171,0
            2.96483,43.03171,0
            2.96504,43.03164,0
            2.96513,43.0316,0
            2.96516,43.03159,0
            2.96519,43.03157,0
            2.9652,43.03156,0
            2.96522,43.03155,0
            2.96524,43.03153,0
            2.9653,43.03142,0
            2.9653,43.03141,0
            2.96529,43.0314,0
            2.96529,43.03132,0
            2.96531,43.03126,0
            2.96532,43.03124,0
            2.96534,43.03121,0
            2.96537,43.03118,0
            2.96546,43.03112,0
            2.96554,43.0311,0
            2.96555,43.0311,0
            2.96557,43.03109,0
            2.96566,43.03109,0
            2.96575,43.031,0
            2.96583,43.03094,0
            2.96588,43.03089,0
            2.96606,43.03073,0
            2.96613,43.03069,0
            2.9662,43.03064,0
            2.96635,43.03056,0
            2.96663,43.03043,0
            2.96672,43.03037,0
            2.96683,43.03032,0
            2.96689,43.03027,0
            2.96694,43.03024,0
            2.96694,43.03023,0
            2.96698,43.0302,0
            2.96708,43.03006,0
            2.9671,43.03001,0
            2.96713,43.0299,0
            2.96713,43.02957,0
            2.96712,43.02955,0
            2.9671,43.02936,0
            2.9671,43.02931,0
            2.96709,43.02926,0
            2.96707,43.02921,0
            2.96695,43.02897,0
            2.96695,43.02896,0
            2.96699,43.02885,0
            2.96505,43.02607,0
            2.96487,43.02574,0
            2.96485,43.02569,0
            2.96484,43.02568,0
            2.96477,43.02552,0
            2.96476,43.02551,0
            2.96469,43.02535,0
            2.96469,43.02534,0
            2.96468,43.02533,0
            2.96461,43.02512,0
            2.96458,43.025,0
            2.96457,43.02499,0
            2.9645,43.02474,0
            2.96447,43.02453,0
            2.96447,43.02397,0
            2.96448,43.02378,0
            2.96453,43.02349,0
            2.9646,43.02319,0
            2.96463,43.02312,0
            2.96476,43.02275,0
            2.9648,43.02268,0
            2.96485,43.02256,0
            2.96504,43.02224,0
            2.96514,43.02209,0
            2.9652,43.02201,0
            2.96536,43.02182,0
            2.96545,43.0217,0
            2.96584,43.0213,0
            2.96604,43.02113,0
            2.96609,43.02105,0
            2.96611,43.02103,0
            2.96622,43.02094,0
            2.96664,43.02066,0
            2.96713,43.02038,0
            2.96734,43.02028,0
            2.9674,43.0202,0
            2.96741,43.0202,0
            2.96775,43.02002,0
            2.9679,43.01993,0
            2.96823,43.01967,0
            2.96836,43.01954,0
            2.96838,43.01953,0
            2.96901,43.01884,0
            2.96918,43.01867,0
            2.96939,43.01848,0
            2.96959,43.01832,0
            2.96964,43.01829,0
            2.96973,43.01825,0
            2.96982,43.01819,0
            2.97017,43.01801,0
            2.97045,43.0179,0
            2.97095,43.01777,0
            2.97112,43.01775,0
            2.97126,43.01772,0
            2.97196,43.01767,0
            2.97204,43.01766,0
            2.97305,43.0176,0
            2.97321,43.0176,0
            2.97325,43.01759,0
            2.97474,43.01751,0
            2.97494,43.01749,0
            2.97785,43.01733,0
            2.97855,43.01733,0
            2.97901,43.01735,0
            2.97906,43.01736,0
            2.97924,43.01737,0
            2.97955,43.01741,0
            2.97963,43.01743,0
            2.97977,43.01745,0
            2.97979,43.01745,0
            2.9801,43.01751,0
            2.9806,43.01764,0
            2.98071,43.01768,0
            2.98097,43.01776,0
            2.98107,43.0178,0
            2.98113,43.01781,0
            2.9816,43.01801,0
            2.98167,43.01805,0
            2.98185,43.01813,0
            2.98227,43.01836,0
            2.98247,43.01848,0
            2.98258,43.01856,0
            2.98262,43.01858,0
            2.98342,43.0191,0
            2.9835,43.01916,0
            2.98423,43.01964,0
            2.98432,43.01969,0
            2.99057,43.0238,0
            2.99064,43.02384,0
            2.99143,43.02439,0
            2.99178,43.02467,0
            2.99242,43.02525,0
            2.99247,43.02527,0
            2.99307,43.02579,0
            2.99336,43.026,0
            2.99348,43.02607,0
            2.99356,43.02611,0
            2.99364,43.02614,0
            2.99369,43.02613,0
            2.9939,43.02615,0
            2.99399,43.02621,0
            2.99417,43.02635,0
            2.99425,43.02638,0
            2.99435,43.02641,0
            2.99449,43.02643,0
            2.99535,43.02649,0
            2.99549,43.02652,0
            3.00322,43.02694,0
            3.00327,43.02692,0
            3.00354,43.02692,0
            3.00372,43.0269,0
            3.00403,43.02684,0
            3.00718,43.02593,0
            3.00771,43.0258,0
            3.00783,43.02578,0
            3.00818,43.02574,0
            3.00863,43.02572,0
            3.00887,43.02572,0
            3.00904,43.02573,0
            3.00908,43.02574,0
            3.00926,43.02575,0
            3.0096,43.02582,0
            3.01199,43.02649,0
            3.01225,43.02654,0
            3.01232,43.02656,0
            3.01248,43.02658,0
            3.01257,43.0266,0
            3.01318,43.02667,0
            3.01376,43.0267,0
            3.0142,43.0267,0
            3.01542,43.02666,0
            3.01593,43.02662,0
            3.02175,43.026,0
            3.022,43.02596,0
            3.02201,43.02595,0
            3.02218,43.02592,0
            3.0228,43.02577,0
            3.02322,43.02564,0
            3.0238,43.02543,0
            3.02392,43.02537,0
            3.02406,43.02531,0
            3.02553,43.02456,0
            3.0256,43.02451,0
            3.02564,43.02449,0
            3.0257,43.02443,0
            3.0257,43.02437,0
            3.02571,43.02434,0
            3.02574,43.02429,0
            3.02583,43.02423,0
            3.02586,43.02422,0
            3.02594,43.02421,0
            3.02602,43.02421,0
            3.02604,43.02422,0
            3.02608,43.02423,0
            3.02612,43.02421,0
            3.02618,43.02419,0
            3.02625,43.02416,0
            3.02682,43.02387,0
            3.02738,43.02356,0
            3.02772,43.02339,0
            3.02777,43.02336,0
            3.0279,43.02332,0
            3.02796,43.02329,0
            3.02802,43.02327,0
            3.02811,43.02323,0
            3.02821,43.0232,0
            3.02831,43.02316,0
            3.0285,43.02311,0
            3.02984,43.02287,0
            3.02985,43.02287,0
            3.03038,43.02278,0
            3.0304,43.02277,0
            3.03062,43.02277,0
            3.03068,43.02278,0
            3.03089,43.0228,0
            3.03103,43.0228,0
            3.03109,43.02281,0
            3.03121,43.02272,0
            3.03126,43.0227,0
            3.03143,43.02267,0
            3.03148,43.02267,0
            3.03152,43.02268,0
            3.03155,43.02268,0
            3.03158,43.02269,0
            3.03161,43.02269,0
            3.03164,43.0227,0
            3.03166,43.02271,0
            3.03169,43.02273,0
            3.03171,43.02274,0
            3.03176,43.02273,0
            3.03195,43.02273,0
            3.03227,43.02269,0
            3.03247,43.02262,0
            3.03268,43.02249,0
            3.03288,43.02233,0
            3.03363,43.02167,0
            3.03384,43.02141,0
            3.034,43.02119,0
            3.03402,43.02117,0
            3.03402,43.02116,0
            3.03404,43.02115,0
            3.03405,43.02115,0
            3.0341,43.02114,0
            3.03409,43.02113,0
            3.03409,43.02112,0
            3.03408,43.02112,0
            3.03408,43.0211,0
            3.03407,43.02109,0
            3.03407,43.02105,0
            3.03408,43.02105,0
            3.03408,43.02103,0
            3.03409,43.02103,0
            3.03409,43.02102,0
            3.0341,43.02101,0
            3.03411,43.02101,0
            3.03411,43.021,0
            3.03412,43.021,0
            3.03412,43.02099,0
            3.03414,43.02099,0
            3.03414,43.02098,0
            3.03417,43.02098,0
            3.03417,43.02097,0
            3.03426,43.02097,0
            3.03427,43.02098,0
            3.03429,43.02098,0
            3.03429,43.02099,0
            3.03431,43.02099,0
            3.03432,43.021,0
            3.03432,43.02101,0
            3.03433,43.02101,0
            3.03434,43.02102,0
            3.03471,43.02115,0
            3.0348,43.02119,0
            3.03496,43.02124,0
            3.03532,43.02137,0
            3.03546,43.02141,0
            3.0358,43.02153,0
            3.03584,43.02154,0
            3.03888,43.02255,0
            3.03902,43.02259,0
            3.03907,43.02258,0
            3.0391,43.02258,0
            3.03916,43.02257,0
            3.03921,43.02257,0
            3.03931,43.02258,0
            3.0393,43.02251,0
            3.0393,43.02244,0
            3.03931,43.02236,0
            3.03934,43.02222,0
            3.03935,43.02143,0
            3.03932,43.02057,0
            3.03932,43.02034,0
            3.03926,43.02032,0
            3.03923,43.0203,0
            3.0392,43.02026,0
            3.03918,43.02019,0
            3.03921,43.02008,0
            3.03923,43.01993,0
            3.03921,43.02008,0
            3.03918,43.02019,0
            3.0392,43.02026,0
            3.03923,43.0203,0
            3.03926,43.02032,0
            3.03932,43.02034,0
            3.03932,43.02057,0
            3.03935,43.02143,0
            3.03934,43.02222,0
            3.03938,43.02232,0
            3.03941,43.02245,0
            3.03941,43.02254,0
            3.0394,43.0226,0
            3.03936,43.02271,0
            3.0393,43.02269,0
            3.03911,43.02264,0
            3.03906,43.02262,0
            3.03902,43.02259,0
            3.03888,43.02255,0
            3.03584,43.02154,0
            3.0358,43.02153,0
            3.03546,43.02141,0
            3.03532,43.02137,0
            3.03496,43.02124,0
            3.0348,43.02119,0
            3.03468,43.02119,0
            3.03454,43.02117,0
            3.03447,43.02117,0
            3.03438,43.02118,0
            3.03429,43.02117,0
            3.03427,43.02117,0
            3.03426,43.02118,0
            3.03418,43.02118,0
            3.03397,43.0214,0
            3.03363,43.02167,0
            3.03288,43.02233,0
            3.03268,43.02249,0
            3.03247,43.02262,0
            3.03227,43.02269,0
            3.03218,43.02274,0
            3.0321,43.02276,0
            3.03202,43.0228,0
            3.032,43.02282,0
            3.03198,43.02283,0
            3.03193,43.02288,0
            3.03191,43.02289,0
            3.03188,43.02293,0
            3.03189,43.02294,0
            3.03189,43.02301,0
            3.03188,43.02302,0
            3.03188,43.02305,0
            3.03187,43.02306,0
            3.03187,43.02307,0
            3.03186,43.02308,0
            3.03185,43.0231,0
            3.03185,43.02311,0
            3.03181,43.02315,0
            3.03181,43.02316,0
            3.03177,43.0232,0
            3.03176,43.0232,0
            3.03168,43.02324,0
            3.03149,43.02328,0
            3.0314,43.02328,0
            3.03137,43.02327,0
            3.03134,43.02327,0
            3.03128,43.02325,0
            3.03126,43.02324,0
            3.03123,43.02323,0
            3.03121,43.02322,0
            3.03118,43.02321,0
            3.03115,43.02319,0
            3.03112,43.02316,0
            3.03109,43.02314,0
            3.03105,43.02308,0
            3.03102,43.02298,0
            3.03095,43.02294,0
            3.03088,43.02289,0
            3.03079,43.02285,0
            3.03064,43.02282,0
            3.03058,43.02282,0
            3.0304,43.0228,0
            3.03036,43.0228,0
            3.03032,43.02279,0
            3.02985,43.02287,0
            3.02984,43.02287,0
            3.0285,43.02311,0
            3.02831,43.02316,0
            3.02821,43.0232,0
            3.02811,43.02323,0
            3.02802,43.02327,0
            3.02796,43.02329,0
            3.0279,43.02332,0
            3.02785,43.02337,0
            3.02707,43.02385,0
            3.02658,43.02412,0
            3.0264,43.02421,0
            3.02634,43.02426,0
            3.02629,43.02429,0
            3.02626,43.02433,0
            3.02623,43.02435,0
            3.02623,43.02444,0
            3.02622,43.02444,0
            3.02622,43.02445,0
            3.0262,43.02448,0
            3.02612,43.02453,0
            3.02601,43.02458,0
            3.02591,43.02458,0
            3.02589,43.02457,0
            3.02582,43.02455,0
            3.02567,43.0246,0
            3.02476,43.02507,0
            3.02461,43.02516,0
            3.0246,43.02516,0
            3.02405,43.02543,0
            3.02394,43.02549,0
            3.02327,43.02575,0
            3.02318,43.02577,0
            3.02267,43.02592,0
            3.02196,43.02607,0
            3.02152,43.02613,0
            3.0191,43.02639,0
            3.01904,43.0264,0
            3.01639,43.02669,0
            3.01636,43.02669,0
            3.0163,43.0267,0
            3.01624,43.0267,0
            3.01516,43.02682,0
            3.01479,43.02684,0
            3.0147,43.02685,0
            3.01447,43.02686,0
            3.01391,43.02686,0
            3.01339,43.02683,0
            3.01271,43.02675,0
            3.01224,43.02667,0
            3.01201,43.02662,0
            3.0097,43.02596,0
            3.00954,43.02593,0
            3.00938,43.02589,0
            3.00914,43.02585,0
            3.00866,43.02581,0
            3.00837,43.02581,0
            3.00816,43.02583,0
            3.0081,43.02583,0
            3.00788,43.02586,0
            3.00776,43.02587,0
            3.00743,43.02593,0
            3.00714,43.026,0
            3.00712,43.02601,0
            3.00679,43.02611,0
            3.00648,43.02623,0
            3.00597,43.02645,0
            3.00574,43.02656,0
            3.00518,43.02678,0
            3.00498,43.02683,0
            3.00482,43.02688,0
            3.00463,43.02691,0
            3.00455,43.02693,0
            3.00448,43.02694,0
            3.00445,43.02694,0
            3.00435,43.02696,0
            3.00427,43.02697,0
            3.0039,43.02698,0
            3.00348,43.02696,0
            3.00328,43.02696,0
            3.00328,43.02695,0
            3.00322,43.02694,0
            2.99549,43.02652,0
            2.99539,43.02654,0
            2.99513,43.02652,0
            2.99465,43.02652,0
            2.99441,43.02653,0
            2.99422,43.02655,0
            2.9941,43.02658,0
            2.99402,43.02666,0
            2.99397,43.02669,0
            2.99387,43.02673,0
            2.99386,43.02674,0
            2.99382,43.02675,0
            2.99369,43.02676,0
            2.99366,43.02675,0
            2.99359,43.02674,0
            2.99344,43.02668,0
            2.99324,43.02666,0
            2.99309,43.02668,0
            2.99247,43.02683,0
            2.99239,43.02684,0
            2.99084,43.02723,0
            2.99064,43.02729,0
            2.99013,43.02741,0
            2.99012,43.02742,0
            2.98937,43.02759,0
            2.98926,43.0276,0
            2.98922,43.02761,0
            2.98914,43.02761,0
            2.98901,43.02762,0
            2.98847,43.02761,0
            2.98832,43.0276,0
            2.98806,43.0276,0
            2.98788,43.02764,0
            2.98788,43.02765,0
            2.98787,43.02765,0
            2.98787,43.02766,0
            2.98786,43.02766,0
            2.98785,43.02767,0
            2.98783,43.02767,0
            2.98783,43.02768,0
            2.98776,43.02768,0
            2.98776,43.02767,0
            2.98774,43.02767,0
            2.98774,43.02766,0
            2.98773,43.02766,0
            2.98772,43.02765,0
            2.98772,43.02764,0
            2.98771,43.02764,0
            2.98771,43.02762,0
            2.9877,43.02762,0
            2.9877,43.02761,0
            2.98758,43.02756,0
            2.98604,43.02751,0
            2.98591,43.0275,0
            2.98575,43.0275,0
            2.98462,43.02745,0
            2.98443,43.02745,0
            2.98437,43.02744,0
            2.98397,43.02743,0
            2.98391,43.02742,0
            2.98335,43.02741,0
            2.98323,43.02742,0
            2.98312,43.02742,0
            2.98288,43.02747,0
            2.98286,43.02747,0
            2.98147,43.02783,0
            2.98134,43.02787,0
            2.9785,43.02858,0
            2.97856,43.02872,0
            2.97854,43.02876,0
            2.97853,43.02879,0
            2.97851,43.02881,0
            2.97848,43.02883,0
            2.97842,43.02886,0
            2.97835,43.02888,0
            2.9778,43.02897,0
            2.97725,43.02908,0
            2.97721,43.0291,0
            2.97717,43.02911,0
            2.97713,43.02913,0
            2.97675,43.02937,0
            2.97661,43.02944,0
            2.97602,43.02979,0
            2.97595,43.02984,0
            2.97594,43.02984,0
            2.97577,43.02995,0
            2.97564,43.03002,0
            2.97452,43.03016,0
            2.97422,43.03022,0
            2.97243,43.03072,0
            2.96911,43.03138,0
            2.96899,43.03141,0
            2.96897,43.03141,0
            2.96864,43.03146,0
            2.96857,43.03146,0
            2.96852,43.03147,0
            2.96823,43.03147,0
            2.96703,43.03142,0
            2.96692,43.03143,0
            2.96668,43.03142,0
            2.96641,43.03142,0
            2.96623,43.03144,0
            2.96612,43.03147,0
            2.96601,43.03149,0
            2.96592,43.03152,0
            2.96586,43.03156,0
            2.96582,43.03158,0
            2.96571,43.03161,0
            2.96558,43.03161,0
            2.96553,43.0316,0
            2.96527,43.03165,0
            2.96432,43.03192,0
            2.96431,43.03192,0
            2.96429,43.03193,0
            2.96417,43.03194,0
            2.96145,43.03264,0
            2.96137,43.03265,0
            2.96123,43.03268,0
            2.96117,43.03271,0
            2.96114,43.03272,0
            2.96035,43.03282,0
            2.95987,43.03291,0
            2.95975,43.03294,0
            2.95944,43.03304,0
            2.95921,43.03316,0
            2.95914,43.03321,0
            2.95907,43.03315,0
            2.95891,43.03312,0
            2.95876,43.03306,0
            2.95867,43.03303,0
            2.95862,43.03302,0
            2.95854,43.03302,0
            2.95842,43.03301,0
            2.95739,43.03315,0
            2.95662,43.0332,0
            2.9551,43.03319,0
            2.95491,43.03325,0
            2.95482,43.03327,0
            2.95475,43.03328,0
            2.95456,43.03328,0
            2.95423,43.0333,0
            2.95408,43.03332,0
            2.95406,43.03333,0
            2.95393,43.03336,0
            2.95381,43.0334,0
            2.95365,43.03347,0
            2.95347,43.03357,0
            2.95335,43.03367,0
            2.9533,43.03372,0
            2.95319,43.03385,0
            2.95312,43.03396,0
            2.9531,43.03401,0
            2.95307,43.03406,0
            2.95304,43.03414,0
            2.953,43.03428,0
            2.95296,43.03455,0
            2.95295,43.03457,0
            2.9529,43.035,0
            2.95289,43.03503,0
            2.95289,43.03504,0
            2.95279,43.03512,0
            2.95265,43.03599,0
            2.95259,43.03627,0
            2.95238,43.03706,0
            2.95226,43.03739,0
            2.95225,43.03745,0
            2.95207,43.03788,0
            2.95179,43.03847,0
            2.95167,43.0387,0
            2.95143,43.03911,0
            2.95097,43.03978,0
            2.95094,43.03983,0
            2.95047,43.04041,0
            2.94999,43.04094,0
            2.94947,43.04144,0
            2.94894,43.0419,0
            2.94883,43.04198,0
            2.94856,43.0422,0
            2.94791,43.0427,0
            2.94715,43.04326,0
            2.94697,43.04338,0
            2.94578,43.04427,0
            2.94516,43.04476,0
            2.94502,43.04486,0
            2.94435,43.04544,0
            2.94359,43.04616,0
            2.94352,43.04624,0
            2.94318,43.04658,0
            2.94244,43.04742,0
            2.94234,43.04756,0
            2.94221,43.0477,0
            2.94154,43.04861,0
            2.94145,43.04875,0
            2.94136,43.04887,0
            2.94107,43.04932,0
            2.9409,43.04962,0
            2.94077,43.04983,0
            2.94033,43.05067,0
            2.94017,43.05101,0
            2.94012,43.0511,0
            2.93986,43.05173,0
            2.93965,43.05228,0
            2.93957,43.05254,0
            2.93953,43.05265,0
            2.9393,43.05339,0
            2.93907,43.05423,0
            2.93905,43.05434,0
            2.93885,43.05506,0
            2.93884,43.05512,0
            2.93838,43.05698,0
            2.93835,43.05707,0
            2.93724,43.06155,0
            2.93714,43.06201,0
            2.93701,43.06272,0
            2.93694,43.06327,0
            2.93692,43.06356,0
            2.93691,43.06417,0
            2.93694,43.06471,0
            2.93695,43.06473,0
            2.93696,43.06489,0
            2.93701,43.06526,0
            2.93713,43.06587,0
            2.93718,43.06608,0
            2.93766,43.06782,0
            2.93767,43.06784,0
            2.93776,43.0682,0
            2.93779,43.06829,0
            2.93788,43.06873,0
            2.9379,43.06894,0
            2.93797,43.06941,0
            2.93797,43.06943,0
            2.93801,43.06979,0
            2.93802,43.06997,0
            2.93803,43.07001,0
            2.93804,43.07029,0
            2.93803,43.07044,0
            2.93802,43.07096,0
            2.93801,43.071,0
            2.938,43.07116,0
            2.93798,43.07131,0
            2.93798,43.07133,0
            2.93792,43.07178,0
            2.9379,43.07187,0
            2.93789,43.07196,0
            2.93783,43.07223,0
            2.93783,43.07227,0
            2.93781,43.07231,0
            2.93767,43.07294,0
            2.93762,43.07311,0
            2.93761,43.07316,0
            2.9373,43.07422,0
            2.93729,43.07424,0
            2.93726,43.07435,0
            2.93716,43.07465,0
            2.93695,43.07536,0
            2.93695,43.07537,0
            2.93687,43.07562,0
            2.93686,43.07564,0
            2.93676,43.07594,0
            2.93663,43.07638,0
            2.93662,43.07643,0
            2.93644,43.07705,0
            2.93627,43.07772,0
            2.93616,43.07825,0
            2.93609,43.07879,0
            2.93608,43.07879,0
            2.93607,43.07905,0
            2.93605,43.07929,0
            2.93605,43.07991,0
            2.9361,43.08053,0
            2.93613,43.08076,0
            2.93614,43.0808,0
            2.93617,43.08098,0
            2.93617,43.08099,0
            2.93626,43.08142,0
            2.93641,43.08197,0
            2.93642,43.08198,0
            2.93655,43.08239,0
            2.93655,43.0824,0
            2.93673,43.08287,0
            2.93692,43.08332,0
            2.93784,43.08531,0
            2.93796,43.08559,0
            2.938,43.08566,0
            2.93838,43.08662,0
            2.9386,43.08726,0
            2.93893,43.08846,0
            2.93913,43.08956,0
            2.93929,43.09075,0
            2.93934,43.09123,0
            2.93935,43.09139,0
            2.93939,43.09166,0
            2.9394,43.09177,0
            2.93944,43.09192,0
            2.93945,43.09203,0
            2.93949,43.09226,0
            2.9395,43.09238,0
            2.93969,43.09346,0
            2.93976,43.09376,0
            2.93978,43.09387,0
            2.93985,43.09417,0
            2.93995,43.09452,0
            2.93999,43.09463,0
            2.94003,43.09478,0
            2.94031,43.09559,0
            2.9405,43.09604,0
            2.94051,43.09608,0
            2.94064,43.09638,0
            2.94085,43.09681,0
            2.94092,43.09697,0
            2.94122,43.09756,0
            2.94152,43.09809,0
            2.94165,43.09835,0
            2.94166,43.09836,0
            2.94209,43.09911,0
            2.94221,43.0993,0
            2.94222,43.09931,0
            2.94232,43.09948,0
            2.94254,43.09981,0
            2.9426,43.09991,0
            2.94297,43.10043,0
            2.94304,43.10054,0
            2.94312,43.10063,0
            2.9432,43.10074,0
            2.94337,43.10095,0
            2.94344,43.10105,0
            2.94385,43.10154,0
            2.94438,43.10214,0
            2.94465,43.10242,0
            2.94466,43.10244,0
            2.94534,43.1031,0
            2.94549,43.10326,0
            2.94619,43.10394,0
            2.9465,43.10428,0
            2.94686,43.10463,0
            2.94732,43.10511,0
            2.94777,43.10561,0
            2.94819,43.10611,0
            2.94866,43.10671,0
            2.94895,43.1071,0
            2.94895,43.10711,0
            2.94972,43.10823,0
            2.95005,43.10874,0
            2.95012,43.10883,0
            2.95017,43.10892,0
            2.95026,43.10904,0
            2.95077,43.10982,0
            2.95133,43.11063,0
            2.95267,43.11246,0
            2.95331,43.11326,0
            2.95333,43.11329,0
            2.95428,43.11441,0
            2.95464,43.11481,0
            2.95477,43.11497,0
            2.95524,43.11549,0
            2.95526,43.11552,0
            2.95531,43.11557,0
            2.95539,43.11567,0
            2.95545,43.11573,0
            2.95664,43.11711,0
            2.9567,43.11719,0
            2.95672,43.11721,0
            2.95736,43.11803,0
            2.95745,43.11816,0
            2.95754,43.11827,0
            2.9576,43.11836,0
            2.95761,43.11837,0
            2.95771,43.11852,0
            2.95772,43.11853,0
            2.95779,43.11863,0
            2.95782,43.11868,0
            2.95788,43.11876,0
            2.95801,43.11896,0
            2.95825,43.11938,0
            2.95834,43.11952,0
            2.95838,43.1196,0
            2.95843,43.11968,0
            2.95851,43.11985,0
            2.95865,43.1201,0
            2.95867,43.12016,0
            2.95878,43.12037,0
            2.95906,43.12101,0
            2.9591,43.12113,0
            2.95915,43.12125,0
            2.95924,43.12152,0
            2.95929,43.12165,0
            2.95929,43.12166,0
            2.95941,43.122,0
            2.95942,43.12204,0
            2.95956,43.12245,0
            2.95961,43.12262,0
            2.95961,43.12263,0
            2.95972,43.12295,0
            2.95972,43.12298,0
            2.95978,43.12315,0
            2.95983,43.12332,0
            2.95984,43.12333,0
            2.95987,43.12345,0
            2.9599,43.12353,0
            2.95993,43.12359,0
            2.9602,43.12433,0
            2.96033,43.12464,0
            2.96077,43.12553,0
            2.96081,43.12559,0
            2.96095,43.12583,0
            2.96123,43.12624,0
            2.96131,43.12634,0
            2.96139,43.12646,0
            2.96173,43.12689,0
            2.96199,43.1272,0
            2.96211,43.12733,0
            2.96215,43.12738,0
            2.96263,43.12789,0
            2.96286,43.12811,0
            2.96292,43.12816,0
            2.96329,43.12851,0
            2.96429,43.12937,0
            2.96478,43.12976,0
            2.96585,43.13057,0
            2.96591,43.13061,0
            2.96726,43.13163,0
            2.96764,43.1319,0
            2.96896,43.1329,0
            2.96912,43.13301,0
            2.97016,43.13379,0
            2.97031,43.13389,0
            2.97069,43.13417,0
            2.97103,43.13444,0
            2.9712,43.13456,0
            2.97154,43.13482,0
            2.97155,43.13482,0
            2.97157,43.13484,0
            2.97192,43.1351,0
            2.97211,43.13523,0
            2.97224,43.13534,0
            2.97226,43.13535,0
            2.97241,43.13546,0
            2.97242,43.13547,0
            2.9726,43.13561,0
            2.97276,43.13572,0
            2.97325,43.1361,0
            2.9734,43.1362,0
            2.97391,43.13661,0
            2.97398,43.13666,0
            2.97409,43.13675,0
            2.97421,43.13683,0
            2.97532,43.13775,0
            2.97538,43.13781,0
            2.97568,43.13806,0
            2.97592,43.13829,0
            2.97632,43.13865,0
            2.9764,43.13874,0
            2.9767,43.13903,0
            2.97716,43.1395,0
            2.97787,43.14027,0
            2.97823,43.14072,0
            2.97837,43.14088,0
            2.97899,43.14169,0
            2.97903,43.14176,0
            2.9792,43.14199,0
            2.97941,43.14231,0
            2.97945,43.14236,0
            2.98002,43.14327,0
            2.98026,43.14369,0
            2.98036,43.14389,0
            2.98043,43.14401,0
            2.98093,43.14499,0
            2.98108,43.14532,0
            2.98114,43.14542,0
            2.98134,43.14587,0
            2.98135,43.14588,0
            2.98142,43.14605,0
            2.9818,43.14685,0
            2.98205,43.14742,0
            2.98317,43.14978,0
            2.98319,43.14981,0
            2.98328,43.15,0
            2.98378,43.15097,0
            2.98436,43.15203,0
            2.9844,43.15209,0
            2.98454,43.15234,0
            2.98524,43.1535,0
            2.98531,43.1536,0
            2.98531,43.15361,0
            2.98545,43.15381,0
            2.98548,43.15388,0
            2.98565,43.15413,0
            2.98578,43.15434,0
            2.98644,43.15533,0
            2.98646,43.15535,0
            2.98688,43.15593,0
            2.98702,43.15611,0
            2.98718,43.15634,0
            2.98746,43.15671,0
            2.98762,43.1569,0
            2.98781,43.15716,0
            2.98835,43.15782,0
            2.98847,43.15795,0
            2.98872,43.15826,0
            2.98877,43.15831,0
            2.98897,43.15855,0
            2.98942,43.15905,0
            2.99003,43.15967,0
            2.9902,43.15983,0
            2.99025,43.15987,0
            2.9904,43.16002,0
            2.99042,43.16005,0
            2.99101,43.16061,0
            2.9921,43.16154,0
            2.99298,43.16223,0
            2.99388,43.16288,0
            2.99495,43.16359,0
            2.99633,43.1644,0
            2.99694,43.16473,0
            2.99709,43.1648,0
            2.99722,43.16487,0
            2.99747,43.16499,0
            2.99747,43.165,0
            2.99815,43.16528,0
            2.99833,43.16534,0
            2.9988,43.16553,0
            2.99884,43.16554,0
            2.99955,43.1658,0
            3.00022,43.16602,0
            3.00285,43.16679,0
            3.00302,43.16685,0
            3.00304,43.16685,0
            3.00959,43.16881,0
            3.00983,43.16889,0
            3.02985,43.17484,0
            3.03005,43.17491,0
            3.03035,43.175,0
            3.03037,43.17501,0
            3.03192,43.17551,0
            3.03294,43.17586,0
            3.03391,43.17622,0
            3.03407,43.17627,0
            3.03418,43.17632,0
            3.03455,43.17645,0
            3.03582,43.17695,0
            3.03757,43.1777,0
            3.03763,43.17772,0
            3.03977,43.17868,0
            3.04005,43.17882,0
            3.04293,43.18016,0
            3.04296,43.18018,0
            3.04392,43.18062,0
            3.04606,43.18153,0
            3.04824,43.18239,0
            3.05013,43.18305,0
            3.05353,43.18416,0
            3.05568,43.18493,0
            3.05764,43.18569,0
            3.05777,43.18575,0
            3.0586,43.18608,0
            3.05991,43.18665,0
            3.06085,43.18708,0
            3.06091,43.1871,0
            3.06108,43.18718,0
            3.06113,43.18721,0
            3.06234,43.1878,0
            3.06243,43.18785,0
            3.06276,43.18801,0
            3.06416,43.18874,0
            3.0643,43.18883,0
            3.06554,43.1895,0
            3.06795,43.19094,0
            3.06956,43.19198,0
            3.07088,43.19289,0
            3.07239,43.19402,0
            3.07252,43.19411,0
            3.0726,43.19418,0
            3.0736,43.19496,0
            3.07497,43.19611,0
            3.07671,43.1977,0
            3.07743,43.1984,0
            3.07823,43.19921,0
            3.07971,43.20079,0
            3.08123,43.20249,0
            3.08307,43.20446,0
            3.08372,43.20512,0
            3.08387,43.20526,0
            3.08414,43.20554,0
            3.08444,43.20582,0
            3.08448,43.20587,0
            3.0845,43.20588,0
            3.08478,43.20614,0
            3.08504,43.2064,0
            3.08547,43.20678,0
            3.08564,43.20695,0
            3.08594,43.20722,0
            3.08656,43.20781,0
            3.08671,43.20797,0
            3.08682,43.20807,0
            3.08747,43.20875,0
            3.08789,43.20923,0
            3.08797,43.20933,0
            3.08806,43.20943,0
            3.08812,43.20951,0
            3.08817,43.20956,0
            3.08833,43.20978,0
            3.08836,43.20981,0
            3.08886,43.21048,0
            3.08889,43.21053,0
            3.08911,43.21084,0
            3.08933,43.21119,0
            3.08938,43.21126,0
            3.08992,43.21218,0
            3.09031,43.21291,0
            3.09083,43.21399,0
            3.09086,43.21404,0
            3.09105,43.21448,0
            3.09116,43.21471,0
            3.0912,43.21478,0
            3.09122,43.21483,0
            3.09125,43.21489,0
            3.09133,43.2151,0
            3.09151,43.21548,0
            3.09161,43.21572,0
            3.09168,43.21586,0
            3.09172,43.21597,0
            3.09179,43.2161,0
            3.09184,43.21622,0
            3.09187,43.21628,0
            3.09195,43.21647,0
            3.092,43.21656,0
            3.09238,43.21736,0
            3.09262,43.21783,0
            3.09266,43.21792,0
            3.0931,43.21874,0
            3.09337,43.21921,0
            3.09346,43.21934,0
            3.09359,43.21956,0
            3.09384,43.21993,0
            3.09389,43.21999,0
            3.0939,43.22001,0
            3.09444,43.22076,0
            3.09477,43.22118,0
            3.09486,43.22127,0
            3.09496,43.22141,0
            3.09528,43.22176,0
            3.09537,43.22187,0
            3.0955,43.222,0
            3.09556,43.22207,0
            3.09568,43.22219,0
            3.09574,43.22226,0
            3.09584,43.22235,0
            3.09613,43.22264,0
            3.09622,43.22272,0
            3.09648,43.22298,0
            3.09653,43.22302,0
            3.09713,43.22357,0
            3.09752,43.2239,0
            3.09808,43.22433,0
            3.0981,43.22434,0
            3.09868,43.22478,0
            3.09977,43.22551,0
            3.10022,43.22579,0
            3.10095,43.22621,0
            3.10137,43.22643,0
            3.10146,43.22649,0
            3.1015,43.2265,0
            3.10172,43.22662,0
            3.10243,43.22697,0
            3.1038,43.22758,0
            3.1047,43.22793,0
            3.1048,43.22796,0
            3.10531,43.22814,0
            3.10535,43.22816,0
            3.10632,43.22848,0
            3.10748,43.22881,0
            3.1085,43.22906,0
            3.10941,43.22925,0
            3.11041,43.22943,0
            3.1122,43.2297,0
            3.11264,43.22975,0
            3.11273,43.22977,0
            3.11297,43.2298,0
            3.113,43.2298,0
            3.11439,43.22996,0
            3.11456,43.22997,0
            3.11614,43.23015,0
            3.11616,43.23015,0
            3.11665,43.23021,0
            3.11691,43.23023,0
            3.11872,43.23044,0
            3.11908,43.23047,0
            3.11945,43.23052,0
            3.11962,43.23053,0
            3.12121,43.23071,0
            3.12126,43.23072,0
            3.12346,43.23098,0
            3.12508,43.23122,0
            3.12596,43.23137,0
            3.12792,43.23176,0
            3.12982,43.23222,0
            3.13182,43.23281,0
            3.13316,43.23325,0
            3.13393,43.23353,0
            3.13423,43.23365,0
            3.13449,43.23374,0
            3.13493,43.23392,0
            3.13499,43.23394,0
            3.13588,43.2343,0
            3.1376,43.23509,0
            3.13765,43.23512,0
            3.13786,43.23521,0
            3.13799,43.23528,0
            3.1382,43.23538,0
            3.13838,43.23548,0
            3.13868,43.23563,0
            3.13871,43.23565,0
            3.13972,43.23619,0
            3.14053,43.23666,0
            3.14072,43.23678,0
            3.14076,43.23681,0
            3.14109,43.237,0
            3.14176,43.23742,0
            3.14293,43.23821,0
            3.14373,43.2388,0
            3.14377,43.23884,0
            3.14421,43.23917,0
            3.14535,43.2401,0
            3.146,43.24066,0
            3.14657,43.24118,0
            3.14675,43.24133,0
            3.1478,43.2423,0
            3.14794,43.24244,0
            3.1481,43.24258,0
            3.14827,43.24275,0
            3.1483,43.24277,0
            3.1487,43.24315,0
            3.14872,43.24316,0
            3.15119,43.24548,0
            3.15122,43.2455,0
            3.15202,43.24626,0
            3.15218,43.2464,0
            3.15241,43.24662,0
            3.15257,43.24676,0
            3.15257,43.24677,0
            3.1544,43.24847,0
            3.15456,43.24863,0
            3.15539,43.2494,0
            3.15551,43.24952,0
            3.15557,43.24957,0
            3.15685,43.25076,0
            3.15724,43.25114,0
            3.15792,43.25176,0
            3.15809,43.25193,0
            3.15863,43.25242,0
            3.1587,43.2525,0
            3.15995,43.25364,0
            3.15996,43.25364,0
            3.16069,43.25429,0
            3.16083,43.2544,0
            3.16138,43.25487,0
            3.16233,43.25564,0
            3.16235,43.25565,0
            3.16327,43.25636,0
            3.16336,43.25642,0
            3.16364,43.25663,0
            3.16376,43.25671,0
            3.16417,43.25701,0
            3.16432,43.25713,0
            3.16434,43.25713,0
            3.16438,43.25717,0
            3.16587,43.25822,0
            3.16607,43.25835,0
            3.16672,43.25881,0
            3.16677,43.25884,0
            3.16845,43.26001,0
            3.16861,43.26011,0
            3.16972,43.26089,0
            3.1717,43.26234,0
            3.17235,43.26284,0
            3.17237,43.26286,0
            3.17301,43.26336,0
            3.17304,43.26338,0
            3.1735,43.26376,0
            3.17353,43.26379,0
            3.17367,43.2639,0
            3.17467,43.26476,0
            3.17547,43.26549,0
            3.17615,43.26614,0
            3.17623,43.26623,0
            3.17642,43.26642,0
            3.17652,43.26651,0
            3.17758,43.26762,0
            3.17762,43.26767,0
            3.17807,43.26817,0
            3.17817,43.26827,0
            3.17911,43.26939,0
            3.17917,43.26948,0
            3.17927,43.2696,0
            3.18007,43.27064,0
            3.18047,43.27119,0
            3.18072,43.27156,0
            3.18076,43.27161,0
            3.1809,43.27183,0
            3.18092,43.27185,0
            3.18093,43.27188,0
            3.18098,43.27194,0
            3.18129,43.27241,0
            3.18138,43.27256,0
            3.18155,43.27281,0
            3.18175,43.27313,0
            3.18184,43.27329,0
            3.18204,43.27361,0
            3.18269,43.27474,0
            3.18271,43.27476,0
            3.18279,43.27492,0
            3.18299,43.27528,0
            3.18304,43.27535,0
            3.1836,43.27637,0
            3.18364,43.27646,0
            3.18387,43.27688,0
            3.18387,43.27689,0
            3.18417,43.27744,0
            3.18423,43.27757,0
            3.18434,43.27777,0
            3.18437,43.27784,0
            3.18477,43.27858,0
            3.1848,43.27862,0
            3.18586,43.28064,0
            3.18605,43.28098,0
            3.1861,43.28109,0
            3.18616,43.28119,0
            3.1862,43.28128,0
            3.18656,43.28194,0
            3.18657,43.28194,0
            3.18663,43.28207,0
            3.18736,43.28336,0
            3.18744,43.28348,0
            3.1875,43.2836,0
            3.18764,43.28382,0
            3.1877,43.28393,0
            3.18832,43.28491,0
            3.18832,43.28492,0
            3.1885,43.28518,0
            3.18853,43.28524,0
            3.18883,43.28567,0
            3.18901,43.28591,0
            3.18914,43.2861,0
            3.1893,43.28631,0
            3.18938,43.28643,0
            3.1896,43.28672,0
            3.18962,43.28674,0
            3.18989,43.28711,0
            3.19052,43.28789,0
            3.19064,43.28802,0
            3.19098,43.28842,0
            3.19118,43.28863,0
            3.19139,43.28888,0
            3.19153,43.28902,0
            3.19194,43.28948,0
            3.19221,43.28975,0
            3.19238,43.28994,0
            3.19363,43.29117,0
            3.19387,43.29138,0
            3.19391,43.29143,0
            3.19409,43.2916,0
            3.19418,43.29167,0
            3.1943,43.29178,0
            3.19519,43.29253,0
            3.19597,43.29316,0
            3.19598,43.29316,0
            3.19623,43.29336,0
            3.197,43.29394,0
            3.19708,43.29401,0
            3.19733,43.29418,0
            3.19737,43.29422,0
            3.19778,43.29451,0
            3.19783,43.29454,0
            3.19845,43.29497,0
            3.20002,43.29599,0
            3.20013,43.29605,0
            3.20023,43.29612,0
            3.20159,43.29691,0
            3.20237,43.29734,0
            3.20245,43.29739,0
            3.2034,43.29789,0
            3.20423,43.29829,0
            3.20446,43.29841,0
            3.20613,43.29917,0
            3.20747,43.29973,0
            3.20902,43.30032,0
            3.20939,43.30045,0
            3.20946,43.30048,0
            3.20947,43.30048,0
            3.20961,43.30053,0
            3.20968,43.30056,0
            3.20969,43.30056,0
            3.21047,43.30083,0
            3.21095,43.30098,0
            3.211,43.301,0
            3.21215,43.30136,0
            3.21419,43.30193,0
            3.21599,43.30237,0
            3.2161,43.30239,0
            3.21639,43.30246,0
            3.21738,43.30266,0
            3.21741,43.30267,0
            3.21812,43.30281,0
            3.22042,43.30318,0
            3.22057,43.30321,0
            3.22178,43.30338,0
            3.22627,43.30393,0
            3.2263,43.30393,0
            3.22651,43.30396,0
            3.22658,43.30396,0
            3.22676,43.30399,0
            3.2278,43.3041,0
            3.22805,43.30414,0
            3.22831,43.30417,0
            3.22838,43.30417,0
            3.2287,43.30422,0
            3.22998,43.30437,0
            3.23003,43.30438,0
            3.23108,43.30452,0
            3.23112,43.30453,0
            3.23143,43.30457,0
            3.23147,43.30458,0
            3.23166,43.3046,0
            3.23216,43.30468,0
            3.23226,43.30469,0
            3.23288,43.30479,0
            3.23291,43.3048,0
            3.23337,43.30487,0
            3.23346,43.30489,0
            3.23354,43.3049,0
            3.23518,43.3052,0
            3.23561,43.30529,0
            3.23563,43.30529,0
            3.23572,43.30531,0
            3.23578,43.30533,0
            3.23637,43.30545,0
            3.23662,43.30551,0
            3.23675,43.30553,0
            3.23712,43.30561,0
            3.23714,43.30562,0
            3.23801,43.30582,0
            3.23823,43.30588,0
            3.23838,43.30591,0
            3.23885,43.30604,0
            3.23895,43.30606,0
            3.23922,43.30613,0
            3.23938,43.30618,0
            3.24026,43.30642,0
            3.24112,43.30668,0
            3.24182,43.30691,0
            3.2419,43.30693,0
            3.24221,43.30703,0
            3.24239,43.30708,0
            3.24426,43.30773,0
            3.24643,43.30856,0
            3.24665,43.30866,0
            3.24738,43.30896,0
            3.24862,43.30951,0
            3.24868,43.30953,0
            3.24892,43.30965,0
            3.24966,43.30999,0
            3.24983,43.31008,0
            3.25043,43.31037,0
            3.2506,43.31046,0
            3.25067,43.31049,0
            3.25112,43.31072,0
            3.25113,43.31072,0
            3.2529,43.31169,0
            3.25334,43.31196,0
            3.25342,43.312,0
            3.25381,43.31223,0
            3.25507,43.31302,0
            3.25516,43.31307,0
            3.25622,43.31376,0
            3.25823,43.31512,0
            3.25836,43.3152,0
            3.25854,43.31533,0
            3.25874,43.31546,0
            3.26112,43.31716,0
            3.26117,43.31719,0
            3.26134,43.31731,0
            3.26136,43.31733,0
            3.26837,43.32233,0
            3.26837,43.32234,0
            3.27178,43.32477,0
            3.27186,43.32482,0
            3.27194,43.32489,0
            3.27544,43.32739,0
            3.27548,43.32741,0
            3.27636,43.32804,0
            3.27637,43.32804,0
            3.27942,43.33022,0
            3.27955,43.33032,0
            3.28087,43.33126,0
            3.28088,43.33127,0
            3.28159,43.33178,0
            3.28163,43.3318,0
            3.28285,43.33266,0
            3.28314,43.33288,0
            3.28532,43.33437,0
            3.28578,43.33466,0
            3.2858,43.33468,0
            3.28607,43.33484,0
            3.28617,43.33491,0
            3.28654,43.33514,0
            3.28681,43.33529,0
            3.28685,43.33532,0
            3.28801,43.33597,0
            3.28857,43.33626,0
            3.28947,43.3367,0
            3.29025,43.33705,0
            3.29045,43.33715,0
            3.29149,43.33758,0
            3.29229,43.33787,0
            3.29235,43.3379,0
            3.29312,43.33817,0
            3.29437,43.33858,0
            3.29475,43.33869,0
            3.29479,43.33871,0
            3.29489,43.33873,0
            3.29505,43.33878,0
            3.29721,43.33936,0
            3.29752,43.33943,0
            3.29786,43.33952,0
            3.29952,43.33991,0
            3.29969,43.33994,0
            3.30132,43.34032,0
            3.30135,43.34033,0
            3.30481,43.34112,0
            3.30487,43.34114,0
            3.30582,43.34136,0
            3.30603,43.3414,0
            3.3065,43.34151,0
            3.30655,43.34153,0
            3.30676,43.34157,0
            3.30702,43.34164,0
            3.30718,43.34167,0
            3.30954,43.34222,0
            3.30961,43.34223,0
            3.31388,43.34322,0
            3.31394,43.34323,0
            3.31734,43.34401,0
            3.31735,43.34401,0
            3.31745,43.34404,0
            3.3182,43.34421,0
            3.31827,43.34423,0
            3.32047,43.34473,0
            3.32085,43.34483,0
            3.32112,43.34489,0
            3.32163,43.34503,0
            3.32179,43.34506,0
            3.32191,43.3451,0
            3.32224,43.34519,0
            3.32234,43.34521,0
            3.32341,43.34552,0
            3.32355,43.34557,0
            3.3237,43.34561,0
            3.32414,43.34576,0
            3.32428,43.3458,0
            3.325,43.34606,0
            3.3251,43.34609,0
            3.32514,43.34611,0
            3.32529,43.34616,0
            3.32545,43.34623,0
            3.32599,43.34644,0
            3.32614,43.34651,0
            3.32628,43.34656,0
            3.32683,43.3468,0
            3.32697,43.34687,0
            3.32709,43.34692,0
            3.32756,43.34714,0
            3.32771,43.34722,0
            3.32778,43.34725,0
            3.32804,43.34739,0
            3.32819,43.34746,0
            3.32831,43.34753,0
            3.3284,43.34757,0
            3.32843,43.34759,0
            3.32856,43.34765,0
            3.32869,43.34773,0
            3.32891,43.34785,0
            3.32892,43.34785,0
            3.32976,43.34835,0
            3.32984,43.34839,0
            3.32995,43.34847,0
            3.33067,43.34893,0
            3.33068,43.34894,0
            3.33115,43.34926,0
            3.33123,43.34933,0
            3.33128,43.34936,0
            3.3316,43.3496,0
            3.33172,43.34968,0
            3.33184,43.34978,0
            3.33208,43.34996,0
            3.33268,43.35046,0
            3.3328,43.35057,0
            3.3331,43.35082,0
            3.33337,43.35107,0
            3.33341,43.3511,0
            3.33347,43.35116,0
            3.33363,43.3513,0
            3.33392,43.35158,0
            3.3341,43.35174,0
            3.33447,43.35211,0
            3.33468,43.3523,0
            3.33565,43.35327,0
            3.33578,43.35341,0
            3.33592,43.35354,0
            3.33659,43.35421,0
            3.33733,43.35491,0
            3.33736,43.35495,0
            3.3384,43.35587,0
            3.339,43.35636,0
            3.33972,43.35691,0
            3.33983,43.35698,0
            3.34053,43.35748,0
            3.34135,43.358,0
            3.34172,43.35821,0
            3.34188,43.35831,0
            3.34223,43.3585,0
            3.34227,43.35853,0
            3.3426,43.35871,0
            3.34362,43.35922,0
            3.34363,43.35923,0
            3.34437,43.35957,0
            3.34438,43.35957,0
            3.34488,43.35979,0
            3.34552,43.36004,0
            3.34565,43.3601,0
            3.34575,43.36013,0
            3.34618,43.36029,0
            3.34632,43.36035,0
            3.34649,43.36041,0
            3.34666,43.36046,0
            3.34719,43.36064,0
            3.34765,43.36078,0
            3.34779,43.36083,0
            3.34781,43.36083,0
            3.34861,43.36106,0
            3.34881,43.36111,0
            3.34883,43.36112,0
            3.34952,43.36129,0
            3.35052,43.36151,0
            3.35167,43.36172,0
            3.35292,43.3619,0
            3.35329,43.36194,0
            3.35348,43.36197,0
            3.35353,43.36197,0
            3.35519,43.36211,0
            3.3561,43.36216,0
            3.35742,43.3622,0
            3.35769,43.3622,0
            3.35789,43.36221,0
            3.35828,43.36221,0
            3.35847,43.36222,0
            3.36674,43.36234,0
            3.36731,43.36236,0
            3.36758,43.36236,0
            3.37052,43.36247,0
            3.37078,43.36249,0
            3.37089,43.36249,0
            3.373,43.36266,0
            3.37419,43.3628,0
            3.37517,43.36294,0
            3.37519,43.36294,0
            3.37665,43.36318,0
            3.37821,43.36348,0
            3.37914,43.36368,0
            3.3794,43.36375,0
            3.37982,43.36384,0
            3.38117,43.36421,0
            3.38126,43.36423,0
            3.38131,43.36425,0
            3.38188,43.36441,0
            3.38298,43.36475,0
            3.3831,43.3648,0
            3.38364,43.36497,0
            3.38371,43.365,0
            3.38438,43.36523,0
            3.38439,43.36524,0
            3.38487,43.36541,0
            3.38535,43.3656,0
            3.38544,43.36563,0
            3.38618,43.36594,0
            3.38632,43.36599,0
            3.38645,43.36605,0
            3.38666,43.36613,0
            3.38781,43.36664,0
            3.3894,43.36739,0
            3.38943,43.3674,0
            3.3932,43.36926,0
            3.39332,43.36931,0
            3.39432,43.36981,0
            3.39439,43.36984,0
            3.39707,43.37117,0
            3.39714,43.3712,0
            3.39734,43.3713,0
            3.39735,43.37131,0
            3.39747,43.37136,0
            3.39761,43.37144,0
            3.39787,43.37156,0
            3.398,43.37163,0
            3.39813,43.37169,0
            3.39846,43.37186,0
            3.39922,43.37222,0
            3.39936,43.3723,0
            3.39945,43.37234,0
            3.39965,43.37245,0
            3.40212,43.37361,0
            3.40223,43.37365,0
            3.40248,43.37376,0
            3.40367,43.37424,0
            3.40478,43.37464,0
            3.40593,43.37502,0
            3.40743,43.37545,0
            3.4083,43.37567,0
            3.40833,43.37567,0
            3.40972,43.37598,0
            3.41022,43.37607,0
            3.4104,43.37611,0
            3.41104,43.37622,0
            3.41109,43.37622,0
            3.4112,43.37625,0
            3.41301,43.3765,0
            3.41436,43.37664,0
            3.41595,43.37675,0
            3.41705,43.37678,0
            3.41747,43.37678,0
            3.41772,43.37679,0
            3.41882,43.37678,0
            3.41889,43.37677,0
            3.42206,43.37669,0
            3.42222,43.37668,0
            3.42272,43.37667,0
            3.42308,43.37665,0
            3.42332,43.37665,0
            3.42671,43.37654,0
            3.42854,43.37651,0
            3.43004,43.37651,0
            3.4313,43.37654,0
            3.43348,43.37665,0
            3.43351,43.37666,0
            3.43361,43.37666,0
            3.43413,43.37671,0
            3.43416,43.37672,0
            3.43516,43.37682,0
            3.43536,43.37685,0
            3.43537,43.37685,0
            3.43633,43.37699,0
            3.43641,43.37701,0
            3.43706,43.37711,0
            3.43718,43.37714,0
            3.43817,43.37733,0
            3.4382,43.37733,0
            3.4383,43.37735,0
            3.43841,43.37738,0
            3.43894,43.37749,0
            3.44054,43.3779,0
            3.44062,43.37793,0
            3.44068,43.37794,0
            3.44264,43.37856,0
            3.44431,43.3792,0
            3.44536,43.37966,0
            3.44556,43.37976,0
            3.44566,43.3798,0
            3.44652,43.38023,0
            3.44756,43.38078,0
            3.44776,43.3809,0
            3.44786,43.38095,0
            3.44816,43.38112,0
            3.44923,43.3818,0
            3.45011,43.3824,0
            3.45012,43.38241,0
            3.4511,43.38313,0
            3.45306,43.38468,0
            3.45316,43.38477,0
            3.45608,43.38709,0
            3.45616,43.38716,0
            3.45624,43.38722,0
            3.45626,43.38724,0
            3.45674,43.38763,0
            3.45685,43.38771,0
            3.45725,43.38803,0
            3.45728,43.38806,0
            3.45729,43.38806,0
            3.45733,43.3881,0
            3.45801,43.38863,0
            3.45988,43.39014,0
            3.45995,43.39019,0
            3.46039,43.39055,0
            3.46111,43.39111,0
            3.46124,43.39122,0
            3.46142,43.39135,0
            3.46143,43.39136,0
            3.46152,43.39143,0
            3.46154,43.39145,0
            3.46166,43.39154,0
            3.46179,43.39165,0
            3.46182,43.39167,0
            3.46186,43.39172,0
            3.46292,43.39251,0
            3.46293,43.39252,0
            3.46326,43.39277,0
            3.46342,43.39288,0
            3.46344,43.39289,0
            3.46346,43.39291,0
            3.46442,43.39357,0
            3.46524,43.3941,0
            3.46528,43.39412,0
            3.46539,43.3942,0
            3.46562,43.39433,0
            3.46567,43.39437,0
            3.46749,43.39551,0
            3.46753,43.39553,0
            3.46794,43.39579,0
            3.46803,43.39584,0
            3.47284,43.39882,0
            3.4729,43.39885,0
            3.47493,43.4001,0
            3.4753,43.40034,0
            3.47701,43.40139,0
            3.47752,43.40172,0
            3.47908,43.40266,0
            3.47979,43.40306,0
            3.48066,43.40352,0
            3.48066,43.40353,0
            3.48067,43.40353,0
            3.48102,43.40372,0
            3.48245,43.40439,0
            3.48402,43.40505,0
            3.48506,43.40544,0
            3.48632,43.40586,0
            3.48765,43.40625,0
            3.48879,43.40655,0
            3.49014,43.40685,0
            3.49017,43.40686,0
            3.49104,43.40703,0
            3.49107,43.40704,0
            3.49301,43.40739,0
            3.49302,43.40739,0
            3.49393,43.40754,0
            3.494,43.40756,0
            3.49417,43.40758,0
            3.49446,43.40764,0
            3.49658,43.40799,0
            3.49666,43.40801,0
            3.49853,43.40834,0
            3.49856,43.40835,0
            3.49999,43.40863,0
            3.50006,43.40865,0
            3.50047,43.40873,0
            3.50211,43.4091,0
            3.50394,43.40956,0
            3.50403,43.40959,0
            3.50414,43.40961,0
            3.50589,43.4101,0
            3.50655,43.4103,0
            3.50661,43.41031,0
            3.50796,43.41073,0
            3.50801,43.41075,0
            3.50815,43.41079,0
            3.50894,43.41105,0
            3.50913,43.41112,0
            3.50924,43.41115,0
            3.50925,43.41116,0
            3.51015,43.41147,0
            3.51024,43.41151,0
            3.51037,43.41155,0
            3.51246,43.41233,0
            3.51256,43.41238,0
            3.51283,43.41248,0
            3.51383,43.41289,0
            3.51498,43.41339,0
            3.51499,43.41339,0
            3.52467,43.41781,0
            3.52608,43.4184,0
            3.52612,43.41841,0
            3.52633,43.4185,0
            3.52657,43.41859,0
            3.52658,43.41859,0
            3.52786,43.41906,0
            3.52931,43.41951,0
            3.52935,43.41953,0
            3.52958,43.41959,0
            3.52973,43.41964,0
            3.5311,43.42001,0
            3.53112,43.42002,0
            3.53188,43.42021,0
            3.5319,43.42022,0
            3.53284,43.42045,0
            3.53286,43.42046,0
            3.53542,43.4211,0
            3.53569,43.42118,0
            3.53696,43.42149,0
            3.53878,43.42189,0
            3.5391,43.42195,0
            3.53922,43.42198,0
            3.53973,43.42208,0
            3.54683,43.42323,0
            3.54818,43.42347,0
            3.54919,43.42367,0
            3.55004,43.42387,0
            3.55103,43.42415,0
            3.5513,43.42424,0
            3.55151,43.4243,0
            3.55257,43.42469,0
            3.55264,43.42472,0
            3.55266,43.42472,0
            3.55279,43.42478,0
            3.55288,43.42481,0
            3.55331,43.42499,0
            3.55337,43.42501,0
            3.55347,43.42506,0
            3.55355,43.42509,0
            3.55457,43.42555,0
            3.55462,43.42558,0
            3.5554,43.42595,0
            3.55724,43.42687,0
            3.55761,43.42707,0
            3.55787,43.42722,0
            3.55797,43.42728,0
            3.55798,43.42728,0
            3.55862,43.42766,0
            3.55934,43.42813,0
            3.55982,43.42848,0
            3.55984,43.4285,0
            3.56016,43.42874,0
            3.56086,43.42932,0
            3.56104,43.42949,0
            3.56119,43.42962,0
            3.56187,43.4303,0
            3.56239,43.43089,0
            3.5629,43.43154,0
            3.56357,43.43247,0
            3.56358,43.43249,0
            3.56392,43.43299,0
            3.56393,43.43301,0
            3.56446,43.43381,0
            3.56447,43.43382,0
            3.56463,43.43405,0
            3.56468,43.43414,0
            3.56505,43.43468,0
            3.56548,43.43527,0
            3.56572,43.43558,0
            3.56581,43.43571,0
            3.56593,43.43585,0
            3.56602,43.43597,0
            3.56661,43.43666,0
            3.56709,43.43718,0
            3.56827,43.43836,0
            3.56832,43.4384,0
            3.56847,43.43855,0
            3.56864,43.4387,0
            3.56864,43.43871,0
            3.56924,43.43927,0
            3.56928,43.43932,0
            3.57537,43.44511,0
            3.57573,43.44543,0
            3.57583,43.44553,0
            3.57596,43.44563,0
            3.57606,43.44572,0
            3.57628,43.44589,0
            3.57691,43.44641,0
            3.57708,43.44654,0
            3.57798,43.44717,0
            3.57799,43.44717,0
            3.57867,43.4476,0
            3.57923,43.44791,0
            3.57941,43.448,0
            3.57953,43.44807,0
            3.57959,43.44809,0
            3.58016,43.44838,0
            3.58057,43.44856,0
            3.58067,43.44861,0
            3.58078,43.44865,0
            3.58109,43.44879,0
            3.58114,43.4488,0
            3.58125,43.44885,0
            3.58127,43.44885,0
            3.58142,43.44892,0
            3.5824,43.44927,0
            3.58281,43.4494,0
            3.58358,43.44962,0
            3.5844,43.44982,0
            3.58544,43.45003,0
            3.58602,43.45013,0
            3.58604,43.45013,0
            3.58664,43.45023,0
            3.58811,43.45042,0
            3.59531,43.45123,0
            3.59644,43.45139,0
            3.59741,43.45156,0
            3.59879,43.45185,0
            3.5992,43.45195,0
            3.59929,43.45198,0
            3.60005,43.45217,0
            3.6002,43.45222,0
            3.6011,43.45248,0
            3.6015,43.45261,0
            3.60163,43.45266,0
            3.60167,43.45267,0
            3.60265,43.45302,0
            3.60348,43.45335,0
            3.60404,43.45359,0
            3.60407,43.45361,0
            3.6042,43.45366,0
            3.60508,43.45407,0
            3.60511,43.45409,0
            3.60512,43.45409,0
            3.60516,43.45412,0
            3.60532,43.45419,0
            3.60532,43.4542,0
            3.6061,43.4546,0
            3.60701,43.45512,0
            3.6088,43.45625,0
            3.60933,43.4566,0
            3.61023,43.45716,0
            3.61122,43.45772,0
            3.61225,43.45822,0
            3.6129,43.4585,0
            3.61442,43.45909,0
            3.61443,43.45909,0
            3.61639,43.45982,0
            3.61713,43.46007,0
            3.61728,43.46013,0
            3.61745,43.46018,0
            3.6178,43.4603,0
            3.61895,43.46065,0
            3.61983,43.46088,0
            3.62152,43.46127,0
            3.62455,43.46191,0
            3.62456,43.46191,0
            3.62462,43.46193,0
            3.62503,43.46203,0
            3.62533,43.46209,0
            3.62653,43.46241,0
            3.62762,43.46274,0
            3.62823,43.46294,0
            3.62884,43.46317,0
            3.62903,43.46323,0
            3.62975,43.46351,0
            3.62987,43.46357,0
            3.63049,43.46383,0
            3.63113,43.46413,0
            3.63121,43.46416,0
            3.63211,43.46461,0
            3.63364,43.46548,0
            3.63556,43.46666,0
            3.6356,43.46668,0
            3.6359,43.46688,0
            3.63603,43.46695,0
            3.64027,43.4696,0
            3.64122,43.47016,0
            3.64128,43.4702,0
            3.64335,43.4714,0
            3.64349,43.47147,0
            3.64381,43.47165,0
            3.64387,43.47169,0
            3.64439,43.47197,0
            3.64452,43.47205,0
            3.64557,43.47262,0
            3.6457,43.4727,0
            3.64621,43.47297,0
            3.64623,43.47297,0
            3.64677,43.47326,0
            3.64687,43.47332,0
            3.6469,43.47333,0
            3.64838,43.4741,0
            3.65215,43.47598,0
            3.65223,43.47603,0
            3.65228,43.47605,0
            3.65337,43.47658,0
            3.65347,43.47662,0
            3.6535,43.47664,0
            3.65389,43.47682,0
            3.65392,43.47683,0
            3.65431,43.477,0
            3.65434,43.47702,0
            3.65448,43.47708,0
            3.65459,43.47712,0
            3.65476,43.4772,0
            3.6549,43.47725,0
            3.65505,43.47732,0
            3.65516,43.47736,0
            3.6552,43.47738,0
            3.65534,43.47743,0
            3.65561,43.47754,0
            3.65563,43.47754,0
            3.65583,43.47762,0
            3.65588,43.47763,0
            3.65605,43.4777,0
            3.65621,43.47775,0
            3.65636,43.47781,0
            3.65647,43.47784,0
            3.65695,43.47801,0
            3.6571,43.47805,0
            3.65786,43.47829,0
            3.65921,43.47864,0
            3.65927,43.47866,0
            3.66046,43.47892,0
            3.66047,43.47892,0
            3.66143,43.47911,0
            3.66191,43.47919,0
            3.66192,43.47919,0
            3.66261,43.47929,0
            3.66353,43.4794,0
            3.66369,43.47941,0
            3.66416,43.47946,0
            3.66484,43.47951,0
            3.66492,43.47951,0
            3.66579,43.47957,0
            3.67506,43.47994,0
            3.67692,43.48004,0
            3.67701,43.48004,0
            3.67726,43.48006,0
            3.67732,43.48006,0
            3.67833,43.48015,0
            3.67953,43.4803,0
            3.68055,43.48046,0
            3.68071,43.48042,0
            3.68087,43.48044,0
            3.6809,43.48045,0
            3.68093,43.48045,0
            3.68143,43.48052,0
            3.68184,43.48056,0
            3.68188,43.48056,0
            3.68199,43.48055,0
            3.68213,43.48055,0
            3.68262,43.48048,0
            3.68285,43.48041,0
            3.68286,43.48041,0
            3.68313,43.48031,0
            3.68324,43.48026,0
            3.68327,43.48024,0
            3.68328,43.48024,0
            3.68354,43.48009,0
            3.68363,43.48003,0
            3.68372,43.47996,0
            3.68398,43.47971,0
            3.68408,43.47958,0
            3.68425,43.47931,0
            3.68431,43.47924,0
            3.6845,43.47882,0
            3.6848,43.47776,0
            3.68501,43.47724,0
            3.68516,43.47693,0
            3.6855,43.47646,0
            3.68561,43.47622,0
            3.68563,43.47619,0
            3.68566,43.47613,0
            3.68633,43.47458,0
            3.68677,43.47369,0
            3.68682,43.47365,0
            3.68727,43.47263,0
            3.68746,43.47217,0
            3.68783,43.47138,0
            3.68807,43.47093,0
            3.6881,43.47089,0
            3.68826,43.47061,0
            3.68837,43.47044,0
            3.68863,43.4701,0
            3.68879,43.46991,0
            3.68883,43.46987,0
            3.68887,43.46982,0
            3.68917,43.4695,0
            3.69044,43.46831,0
            3.69048,43.46828,0
            3.69074,43.46803,0
            3.69088,43.46788,0
            3.69098,43.4678,0
            3.69126,43.4675,0
            3.69132,43.46742,0
            3.69138,43.46736,0
            3.69151,43.46719,0
            3.69176,43.46683,0
            3.6919,43.4666,0
            3.6921,43.46622,0
            3.69211,43.46619,0
            3.6922,43.46601,0
            3.69229,43.46577,0
            3.69239,43.46546,0
            3.6925,43.46504,0
            3.69252,43.46492,0
            3.69256,43.46476,0
            3.69282,43.46342,0
            3.693,43.46276,0
            3.69314,43.46238,0
            3.69317,43.46232,0
            3.69322,43.46219,0
            3.69364,43.4614,0
            3.69368,43.46134,0
            3.69372,43.46129,0
            3.694,43.46089,0
            3.69415,43.46071,0
            3.69417,43.46068,0
            3.69457,43.46024,0
            3.69486,43.45994,0
            3.69548,43.45941,0
            3.69569,43.45926,0
            3.69591,43.45912,0
            3.69596,43.45908,0
            3.69613,43.45897,0
            3.69614,43.45896,0
            3.69658,43.4587,0
            3.69707,43.45844,0
            3.69715,43.45841,0
            3.69746,43.45825,0
            3.6979,43.45805,0
            3.70102,43.45673,0
            3.70119,43.45667,0
            3.70134,43.4566,0
            3.70149,43.45654,0
            3.7021,43.45626,0
            3.70256,43.45603,0
            3.70274,43.45593,0
            3.70286,43.45585,0
            3.7029,43.45583,0
            3.70298,43.45577,0
            3.70307,43.45572,0
            3.70366,43.4553,0
            3.70374,43.45523,0
            3.70382,43.45517,0
            3.70397,43.45504,0
            3.70406,43.45497,0
            3.70419,43.45484,0
            3.70427,43.45477,0
            3.70453,43.45449,0
            3.70474,43.45424,0
            3.70476,43.45421,0
            3.70493,43.45401,0
            3.70501,43.4539,0
            3.70531,43.45341,0
            3.70534,43.45334,0
            3.70543,43.45318,0
            3.70557,43.45288,0
            3.70563,43.45273,0
            3.70563,43.45267,0
            3.70583,43.45206,0
            3.70584,43.45201,0
            3.70608,43.45112,0
            3.7061,43.45107,0
            3.70615,43.4509,0
            3.70628,43.45054,0
            3.70633,43.45043,0
            3.70638,43.45029,0
            3.70653,43.44998,0
            3.70654,43.44995,0
            3.70683,43.44944,0
            3.70707,43.44909,0
            3.70708,43.44908,0
            3.70718,43.44893,0
            3.70765,43.44837,0
            3.70785,43.44817,0
            3.70862,43.44747,0
            3.70879,43.44734,0
            3.70882,43.44731,0
            3.70894,43.44723,0
            3.70905,43.44714,0
            3.7096,43.44677,0
            3.71006,43.4465,0
            3.71007,43.4465,0
            3.71018,43.44643,0
            3.71031,43.44637,0
            3.71043,43.4463,0
            3.71057,43.44624,0
            3.71082,43.44611,0
            3.71094,43.44606,0
            3.71108,43.44598,0
            3.71114,43.44596,0
            3.71117,43.44594,0
            3.71224,43.44543,0
            3.71295,43.44505,0
            3.71298,43.44504,0
            3.71321,43.44491,0
            3.71337,43.44481,0
            3.71345,43.44477,0
            3.71361,43.44467,0
            3.71416,43.44427,0
            3.71485,43.44374,0
            3.71487,43.44373,0
            3.71517,43.44346,0
            3.71518,43.44346,0
            3.71528,43.44336,0
            3.71532,43.44333,0
            3.7155,43.44315,0
            3.71581,43.44281,0
            3.71582,43.44281,0
            3.71583,43.4428,0
            3.71584,43.4428,0
            3.71586,43.44279,0
            3.71624,43.4423,0
            3.71654,43.44182,0
            3.71689,43.44112,0
            3.71705,43.44067,0
            3.71722,43.43999,0
            3.71724,43.43988,0
            3.71725,43.43986,0
            3.71729,43.43966,0
            3.7173,43.43963,0
            3.7175,43.43852,0
            3.71769,43.43759,0
            3.71779,43.43724,0
            3.71791,43.43688,0
            3.71819,43.4362,0
            3.71841,43.43574,0
            3.71864,43.43532,0
            3.71891,43.43487,0
            3.71905,43.43466,0
            3.71989,43.43353,0
            3.7201,43.43321,0
            3.72061,43.43235,0
            3.7209,43.43181,0
            3.7211,43.43137,0
            3.72122,43.43103,0
            3.7215,43.42994,0
            3.72188,43.42818,0
            3.7221,43.42725,0
            3.72232,43.4265,0
            3.72232,43.42645,0
            3.72239,43.42616,0
            3.72251,43.42576,0
            3.72268,43.42508,0
            3.72269,43.42502,0
            3.72272,43.42492,0
            3.72274,43.42481,0
            3.72277,43.42475,0
            3.72281,43.42431,0
            3.72273,43.42427,0
            3.72265,43.4242,0
            3.72265,43.42419,0
            3.72261,43.42411,0
            3.7226,43.42406,0
            3.72258,43.42401,0
            3.72253,43.42367,0
            3.72252,43.42351,0
            3.72252,43.42333,0
            3.72253,43.4233,0
            3.72258,43.42323,0
            3.72261,43.4232,0
            3.72273,43.42314,0
            3.7228,43.42312,0
            3.72283,43.42312,0
            3.72285,43.42311,0
            3.72295,43.42311,0
            3.72298,43.42312,0
            3.72302,43.42312,0
            3.72312,43.42304,0
            3.72326,43.4229,0
            3.7233,43.42283,0
            3.72337,43.42268,0
            3.72387,43.42128,0
            3.72388,43.42127,0
            3.72408,43.42075,0
            3.72445,43.41971,0
            3.72447,43.41968,0
            3.72447,43.41967,0
            3.72449,43.41964,0
            3.72461,43.4191,0
            3.72462,43.4188,0
            3.72461,43.41863,0
            3.72458,43.41839,0
            3.72458,43.4183,0
            3.72456,43.41806,0
            3.7245,43.41765,0
            3.72434,43.41761,0
            3.72431,43.41759,0
            3.72427,43.41757,0
            3.72421,43.41753,0
            3.72418,43.41749,0
            3.72415,43.41744,0
            3.72414,43.41739,0
            3.72412,43.41735,0
            3.72412,43.4172,0
            3.72414,43.41715,0
            3.72414,43.41714,0
            3.72415,43.41713,0
            3.72415,43.41711,0
            3.72416,43.41711,0
            3.72416,43.4171,0
            3.72417,43.41709,0
            3.72417,43.41708,0
            3.72432,43.41671,0
            3.72437,43.41664,0
            3.72446,43.41655,0
            3.72454,43.41651,0
            3.72459,43.41649,0
            3.72459,43.41648,0
            3.72462,43.41648,0
            3.72463,43.41647,0
            3.72466,43.41647,0
            3.72467,43.41646,0
            3.7247,43.41646,0
            3.72471,43.41645,0
            3.72475,43.41645,0
            3.72485,43.41644,0
            3.72495,43.41645,0
            3.72505,43.41647,0
            3.72514,43.4165,0
            3.72522,43.41655,0
            3.72529,43.41661,0
            3.72534,43.41667,0
            3.72537,43.41674,0
            3.72545,43.41678,0
            3.72553,43.41684,0
            3.72563,43.4169,0
            3.72574,43.41693,0
            3.72599,43.41703,0
            3.72606,43.41705,0
            3.72653,43.41727,0
            3.72656,43.41729,0
            3.72703,43.41752,0
            3.72783,43.41784,0
            3.72788,43.41787,0
            3.72815,43.41797,0
            3.7353,43.42037,0
            3.73697,43.42097,0
            3.73711,43.42103,0
            3.73883,43.42167,0
            3.74351,43.4232,0
            3.74352,43.4232,0
            3.74532,43.4238,0
            3.7471,43.42452,0
            3.74751,43.42471,0
            3.74768,43.42478,0
            3.74881,43.42532,0
            3.74953,43.42572,0
            3.74986,43.42592,0
            3.7504,43.42631,0
            3.75061,43.42648,0
            3.75075,43.42658,0
            3.7509,43.4267,0
            3.75163,43.42733,0
            3.75176,43.42746,0
            3.75193,43.42761,0
            3.7522,43.42788,0
            3.75228,43.42797,0
            3.75334,43.42896,0
            3.75349,43.42913,0
            3.75366,43.4293,0
            3.75411,43.4298,0
            3.75475,43.43057,0
            3.75581,43.43202,0
            3.75642,43.4328,0
            3.75674,43.43317,0
            3.75743,43.43391,0
            3.75833,43.43481,0
            3.75872,43.43518,0
            3.75927,43.43573,0
            3.7595,43.43586,0
            3.75974,43.43608,0
            3.76011,43.43639,0
            3.76014,43.43641,0
            3.76032,43.43657,0
            3.7605,43.43671,0
            3.76079,43.43696,0
            3.7609,43.43707,0
            3.76108,43.43723,0
            3.76112,43.43723,0
            3.76114,43.43724,0
            3.76118,43.43724,0
            3.7612,43.43725,0
            3.76122,43.43725,0
            3.76123,43.43726,0
            3.76132,43.4373,0
            3.76136,43.43733,0
            3.76142,43.43739,0
            3.76145,43.43743,0
            3.76146,43.43746,0
            3.76148,43.4375,0
            3.76148,43.4376,0
            3.76145,43.43768,0
            3.76142,43.43773,0
            3.76139,43.43777,0
            3.76135,43.4378,0
            3.76134,43.4378,0
            3.76131,43.43782,0
            3.76127,43.43784,0
            3.76121,43.43786,0
            3.76113,43.43788,0
            3.76097,43.43788,0
            3.7609,43.43787,0
            3.76083,43.43785,0
            3.76071,43.43788,0
            3.76066,43.43788,0
            3.76063,43.43789,0
            3.76061,43.43789,0
            3.76058,43.4379,0
            3.76056,43.43791,0
            3.76054,43.43791,0
            3.7605,43.43793,0
            3.76049,43.43794,0
            3.76047,43.43795,0
            3.76044,43.43798,0
            3.76042,43.43799,0
            3.76037,43.43804,0
            3.76036,43.43806,0
            3.76025,43.43821,0
            3.76016,43.43838,0
            3.76014,43.43843,0
            3.76013,43.43847,0
            3.75986,43.43925,0
            3.75979,43.43935,0
            3.75975,43.43939,0
            3.75875,43.4414,0
            3.75874,43.44143,0
            3.75868,43.44173,0
            3.75868,43.44184,0
            3.75867,43.44189,0
            3.75868,43.44195,0
            3.75868,43.442,0
            3.75872,43.44218,0
            3.75873,43.44225,0
            3.7589,43.44296,0
            3.7589,43.44297,0
            3.75892,43.44308,0
            3.75892,43.44314,0
            3.75888,43.44331,0
            3.75879,43.44333,0
            3.75867,43.4434,0
            3.75859,43.44344,0
            3.75849,43.4435,0
            3.75839,43.44355,0
            3.75837,43.4436,0
            3.75834,43.44373,0
            3.75834,43.44401,0
            3.75835,43.44409,0
            3.75835,43.44414,0
            3.75836,43.4442,0
            3.75838,43.44428,0
            3.75844,43.44488,0
            3.75852,43.44488,0
            3.75854,43.44489,0
            3.75855,43.44489,0
            3.7586,43.44515,0
            3.7586,43.44517,0
            3.75859,43.44518,0
            3.75855,43.4452,0
            3.75847,43.44523,0
            3.75847,43.44539,0
            3.75852,43.44593,0
            3.75856,43.44624,0
            3.75856,43.44643,0
            3.75855,43.44646,0
            3.75851,43.44652,0
            3.75846,43.44656,0
            3.75836,43.4466,0
            3.75832,43.44662,0
            3.75743,43.44694,0
            3.7573,43.44698,0
            3.75727,43.447,0
            3.75612,43.44742,0
            3.7557,43.44761,0
            3.75549,43.44778,0
            3.75543,43.4478,0
            3.75542,43.44781,0
            3.75542,43.44782,0
            3.75541,43.44783,0
            3.75541,43.44784,0
            3.7554,43.44784,0
            3.7554,43.44785,0
            3.75539,43.44785,0
            3.75538,43.44786,0
            3.75538,43.4479,0
            3.75536,43.44798,0
            3.7554,43.44806,0
            3.75663,43.44895,0
            3.75694,43.44919,0
            3.75709,43.44933,0
            3.75919,43.45237,0
            3.75923,43.45242,0
            3.75937,43.45263,0
            3.75943,43.45271,0
            3.75976,43.4532,0
            3.76031,43.45395,0
            3.76069,43.45452,0
            3.76144,43.45558,0
            3.76149,43.45566,0
            3.76261,43.45723,0
            3.76271,43.45733,0
            3.76286,43.45752,0
            3.76298,43.45772,0
            3.76306,43.45784,0
            3.76307,43.45784,0
            3.76308,43.45785,0
            3.7631,43.45785,0
            3.7631,43.45786,0
            3.76311,43.45786,0
            3.76311,43.45787,0
            3.76312,43.45787,0
            3.76312,43.45788,0
            3.76313,43.45788,0
            3.76313,43.45792,0
            3.76318,43.45797,0
            3.76325,43.45805,0
            3.76346,43.4584,0
            3.76368,43.4587,0
            3.7639,43.45898,0
            3.76474,43.46013,0
            3.76478,43.4602,0
            3.76487,43.46039,0
            3.76498,43.46049,0
            3.76529,43.46098,0
            3.76535,43.46103,0
            3.76539,43.46107,0
            3.76539,43.46111,0
            3.7654,43.46114,0
            3.76542,43.46118,0
            3.76548,43.46126,0
            3.76576,43.46178,0
            3.76595,43.46217,0
            3.76615,43.46276,0
            3.76624,43.46324,0
            3.76624,43.46328,0
            3.76634,43.46378,0
            3.76635,43.46413,0
            3.76634,43.46426,0
            3.76632,43.46439,0
            3.76624,43.46479,0
            3.7662,43.46494,0
            3.76609,43.46546,0
            3.76607,43.4656,0
            3.76607,43.46567,0
            3.76608,43.46572,0
            3.7661,43.46576,0
            3.7661,43.46578,0
            3.76614,43.46585,0
            3.7662,43.46591,0
            3.76634,43.46599,0
            3.7664,43.46601,0
            3.76648,43.46602,0
            3.7666,43.46602,0
            3.76666,43.46601,0
            3.76667,43.466,0
            3.76667,43.46599,0
            3.76668,43.46599,0
            3.76668,43.46598,0
            3.76669,43.46598,0
            3.76669,43.46597,0
            3.7667,43.46597,0
            3.76671,43.46596,0
            3.76673,43.46595,0
            3.76675,43.46593,0
            3.76678,43.46593,0
            3.7668,43.46592,0
            3.76686,43.4659,0
            3.76689,43.4659,0
            3.76693,43.46589,0
            3.76697,43.4659,0
            3.767,43.4659,0
            3.76703,43.46591,0
            3.76706,43.46591,0
            3.76709,43.46592,0
            3.76711,43.46593,0
            3.76714,43.46595,0
            3.76716,43.46596,0
            3.7672,43.466,0
            3.76721,43.46602,0
            3.76723,43.46604,0
            3.76724,43.46606,0
            3.76724,43.46608,0
            3.76725,43.4661,0
            3.76725,43.46615,0
            3.76724,43.46618,0
            3.76723,43.4662,0
            3.76722,43.46623,0
            3.7672,43.46624,0
            3.76716,43.46628,0
            3.7671,43.46631,0
            3.76707,43.46633,0
            3.76704,43.46633,0
            3.76684,43.4664,0
            3.76679,43.46643,0
            3.76674,43.46647,0
            3.76651,43.46673,0
            3.7664,43.46689,0
            3.76635,43.46695,0
            3.76629,43.46705,0
            3.76624,43.46712,0
            3.7662,43.46722,0
            3.76617,43.46727,0
            3.7661,43.46742,0
            3.7661,43.46743,0
            3.76604,43.4676,0
            3.76601,43.46776,0
            3.766,43.46792,0
            3.766,43.46809,0
            3.76602,43.46826,0
            3.76605,43.46843,0
            3.76611,43.4686,0
            3.76617,43.46874,0
            3.76629,43.46895,0
            3.76641,43.46912,0
            3.76655,43.4693,0
            3.76656,43.46932,0
            3.76758,43.47055,0
            3.76763,43.47062,0
            3.76923,43.47253,0
            3.76929,43.47258,0
            3.76947,43.47279,0
            3.76959,43.47296,0
            3.76966,43.47302,0
            3.7697,43.47306,0
            3.76978,43.47318,0
            3.76989,43.47344,0
            3.77,43.47358,0
            3.77004,43.47367,0
            3.77011,43.47377,0
            3.77017,43.4739,0
            3.77023,43.47401,0
            3.77028,43.47412,0
            3.77031,43.47421,0
            3.77057,43.47488,0
            3.77058,43.47494,0
            3.77065,43.47511,0
            3.77068,43.4752,0
            3.77074,43.47532,0
            3.77082,43.47553,0
            3.77086,43.4756,0
            3.77092,43.4758,0
            3.7727,43.48003,0
            3.77274,43.48014,0
            3.7728,43.48036,0
            3.77282,43.48046,0
            3.77285,43.48057,0
            3.77287,43.48078,0
            3.77289,43.48124,0
            3.77289,43.4814,0
            3.77287,43.48177,0
            3.77256,43.48529,0
            3.77256,43.48534,0
            3.77254,43.48549,0
            3.77239,43.48722,0
            3.77238,43.48746,0
            3.77236,43.48762,0
            3.77236,43.48774,0
            3.77235,43.48786,0
            3.77236,43.48797,0
            3.77236,43.48806,0
            3.7724,43.48829,0
            3.7725,43.48858,0
            3.77253,43.48863,0
            3.77255,43.48869,0
            3.77265,43.48887,0
            3.77272,43.48898,0
            3.77278,43.48909,0
            3.77587,43.49386,0
            3.77664,43.49499,0
            3.77667,43.49507,0
            3.77701,43.49559,0
            3.77721,43.49585,0
            3.77723,43.49587,0
            3.77725,43.4959,0
            3.7773,43.49595,0
            3.77733,43.49599,0
            3.77742,43.49607,0
            3.77747,43.49613,0
            3.77751,43.49616,0
            3.77763,43.49627,0
            3.77769,43.49631,0
            3.77783,43.49642,0
            3.77823,43.49668,0
            3.77861,43.49689,0
            3.77875,43.49694,0
            3.77889,43.49702,0
            3.77923,43.49719,0
            3.77929,43.49723,0
            3.78205,43.49866,0
            3.7822,43.49873,0
            3.78292,43.49911,0
            3.78301,43.49915,0
            3.78462,43.49999,0
            3.78556,43.50051,0
            3.78564,43.50057,0
            3.78566,43.50058,0
            3.78577,43.50066,0
            3.78594,43.50074,0
            3.786,43.50076,0
            3.78604,43.50078,0
            3.78611,43.5008,0
            3.78632,43.5008,0
            3.78634,43.50081,0
            3.78636,43.50081,0
            3.78638,43.50082,0
            3.78639,43.50083,0
            3.78641,43.50084,0
            3.78642,43.50085,0
            3.78644,43.50086,0
            3.78648,43.5009,0
            3.78648,43.50091,0
            3.78649,43.50092,0
            3.78649,43.50094,0
            3.7865,43.50095,0
            3.7865,43.50096,0
            3.78656,43.50102,0
            3.78663,43.50107,0
            3.78749,43.5015,0
            3.78753,43.50153,0
            3.78811,43.50184,0
            3.78812,43.50184,0
            3.78867,43.50217,0
            3.78907,43.50245,0
            3.78908,43.50245,0
            3.78952,43.50278,0
            3.78986,43.50307,0
            3.79005,43.50325,0
            3.79018,43.5034,0
            3.7912,43.50445,0
            3.79166,43.50487,0
            3.79177,43.50495,0
            3.79177,43.50496,0
            3.79234,43.50538,0
            3.79292,43.50576,0
            3.79641,43.50794,0
            3.79643,43.50795,0
            3.7965,43.508,0
            3.79866,43.50934,0
            3.79876,43.50941,0
            3.80189,43.51136,0
            3.80195,43.51139,0
            3.80434,43.51288,0
            3.80474,43.51317,0
            3.80476,43.51318,0
            3.80567,43.51392,0
            3.80576,43.514,0
            3.80587,43.51403,0
            3.8061,43.51415,0
            3.80619,43.51418,0
            3.80626,43.51421,0
            3.80631,43.51424,0
            3.80635,43.51423,0
            3.80638,43.51424,0
            3.80641,43.51424,0
            3.80647,43.51426,0
            3.80649,43.51427,0
            3.80652,43.51429,0
            3.80655,43.51432,0
            3.80655,43.51433,0
            3.80657,43.51437,0
            3.80657,43.51442,0
            3.80654,43.51448,0
            3.80653,43.51448,0
            3.80653,43.51465,0
            3.80661,43.51486,0
            3.807,43.51566,0
            3.80719,43.516,0
            3.80735,43.51625,0
            3.80779,43.51688,0
            3.80796,43.51714,0
            3.80816,43.51752,0
            3.80827,43.51782,0
            3.8087,43.51866,0
            3.80899,43.51908,0
            3.80921,43.51933,0
            3.80924,43.51937,0
            3.80947,43.51959,0
            3.80951,43.51962,0
            3.80978,43.51987,0
            3.81019,43.52018,0
            3.81084,43.52061,0
            3.81096,43.52068,0
            3.81111,43.52079,0
            3.81177,43.52122,0
            3.81243,43.52159,0
            3.81323,43.52201,0
            3.81378,43.52233,0
            3.81551,43.52346,0
            3.81565,43.52354,0
            3.81935,43.52597,0
            3.81997,43.52641,0
            3.82026,43.52663,0
            3.82064,43.52694,0
            3.82129,43.52757,0
            3.82141,43.52772,0
            3.82146,43.52777,0
            3.82177,43.52819,0
            3.82191,43.5284,0
            3.82205,43.52864,0
            3.8221,43.52874,0
            3.82211,43.52875,0
            3.82222,43.52896,0
            3.8224,43.52939,0
            3.82255,43.52986,0
            3.82263,43.53018,0
            3.82268,43.53051,0
            3.82274,43.53105,0
            3.82274,43.53112,0
            3.82278,43.5318,0
            3.82279,43.53184,0
            3.82313,43.54288,0
            3.82314,43.54298,0
            3.82316,43.54364,0
            3.82329,43.54385,0
            3.82331,43.54389,0
            3.82335,43.54395,0
            3.82344,43.54404,0
            3.82349,43.54408,0
            3.82355,43.54412,0
            3.82359,43.54414,0
            3.82362,43.54416,0
            3.82381,43.54422,0
            3.8241,43.54427,0
            3.82435,43.54435,0
            3.82451,43.54443,0
            3.82481,43.54461,0
            3.82508,43.54473,0
            3.82532,43.5448,0
            3.82556,43.54483,0
            3.82562,43.54483,0
            3.82569,43.54484,0
            3.82578,43.54486,0
            3.82592,43.54485,0
            3.82597,43.54485,0
            3.82611,43.54484,0
            3.82624,43.5448,0
            3.82654,43.54479,0
            3.82869,43.54481,0
            3.82888,43.54482,0
            3.82964,43.54481,0
            3.82982,43.5448,0
            3.82995,43.5448,0
            3.83024,43.54478,0
            3.83028,43.54479,0
            3.83042,43.54478,0
            3.83075,43.54473,0
            3.83077,43.54473,0
            3.83101,43.54468,0
            3.83106,43.54468,0
            3.83465,43.54404,0
            3.83493,43.544,0
            3.83664,43.5437,0
            3.83717,43.54363,0
            3.83788,43.5436,0
            3.83815,43.5436,0
            3.84227,43.54377,0
            3.84323,43.54378,0
            3.84365,43.54375,0
            3.84398,43.54371,0
            3.84453,43.5436,0
            3.84487,43.54349,0
            3.84492,43.54348,0
            3.84498,43.54345,0
            3.84527,43.54336,0
            3.84528,43.54336,0
            3.84647,43.54293,0
            3.8468,43.54283,0
            3.84707,43.54273,0
            3.84718,43.54265,0
            3.8472,43.54263,0
            3.8472,43.54262,0
            3.84721,43.54262,0
            3.84723,43.5426,0
            3.84724,43.5426,0
            3.84725,43.54259,0
            3.84726,43.54259,0
            3.84728,43.54258,0
            3.8473,43.54258,0
            3.84731,43.54257,0
            3.8474,43.54257,0
            3.84742,43.54258,0
            3.84743,43.54258,0
            3.84759,43.54252,0
            3.84781,43.54241,0
            3.84852,43.542,0
            3.84882,43.54185,0
            3.84883,43.54184,0
            3.8489,43.54181,0
            3.84954,43.54146,0
            3.8503,43.54107,0
            3.8503,43.54106,0
            3.85165,43.54036,0
            3.85174,43.54032,0
            3.8541,43.53909,0
            3.85445,43.53894,0
            3.85464,43.53885,0
            3.85564,43.53851,0
            3.85576,43.53845,0
            3.85584,43.53839,0
            3.85584,43.53835,0
            3.85585,43.53832,0
            3.85589,43.53828,0
            3.85597,43.53822,0
            3.85607,43.53818,0
            3.85612,43.53817,0
            3.85617,43.53817,0
            3.85623,43.53818,0
            3.85638,43.53824,0
            3.85642,43.53829,0
            3.85652,43.53828,0
            3.85657,43.53827,0
            3.8566,43.53827,0
            3.85662,43.53826,0
            3.85667,43.53826,0
            3.85698,43.53822,0
            3.85713,43.53819,0
            3.85715,43.53819,0
            3.85721,43.53818,0
            3.85729,43.53816,0
            3.85739,43.53816,0
            3.8589,43.53781,0
            3.85974,43.53766,0
            3.85977,43.53766,0
            3.86001,43.53763,0
            3.8606,43.53759,0
            3.86139,43.53759,0
            3.86248,43.53769,0
            3.86331,43.53779,0
            3.86342,43.53778,0
            3.86434,43.53789,0
            3.86442,43.53789,0
            3.86584,43.53806,0
            3.86592,43.53806,0
            3.86601,43.5381,0
            3.86771,43.53829,0
            3.86841,43.53834,0
            3.86863,43.53837,0
            3.86867,43.53837,0
            3.86898,43.5384,0
            3.8692,43.5384,0
            3.86929,43.53839,0
            3.86933,43.53835,0
            3.86935,43.53834,0
            3.86936,43.53833,0
            3.8694,43.53831,0
            3.86941,43.53831,0
            3.86944,43.5383,0
            3.86946,43.53829,0
            3.86961,43.53829,0
            3.86963,43.5383,0
            3.86966,43.53831,0
            3.86974,43.53835,0
            3.86978,43.53839,0
            3.86979,43.53841,0
            3.86994,43.53846,0
            3.87014,43.53849,0
            3.87092,43.53856,0
            3.87116,43.53859,0
            3.8718,43.53864,0
            3.8719,43.53867,0
            3.87225,43.53868,0
            3.87257,43.5387,0
            3.87284,43.53873,0
            3.87291,43.53873,0
            3.87297,43.53874,0
            3.8732,43.53876,0
            3.87326,43.53876,0
            3.87347,43.53878,0
            3.87367,43.53879,0
            3.87388,43.53881,0
            3.87429,43.53883,0
            3.87453,43.53883,0
            3.87497,43.53885,0
            3.8752,43.53887,0
            3.87597,43.5389,0
            3.87622,43.53892,0
            3.87636,43.53892,0
            3.87682,43.53894,0
            3.87795,43.53894,0
            3.8799,43.53903,0
            3.88121,43.53915,0
            3.88132,43.53915,0
            3.88143,43.53916,0
            3.88162,43.53916,0
            3.88169,43.53917,0
            3.88459,43.5393,0
            3.8848,43.53932,0
            3.88566,43.53936,0
            3.88587,43.53938,0
            3.88608,43.53938,0
            3.8865,43.5394,0
            3.8867,43.53942,0
            3.88691,43.53942,0
            3.887,43.53943,0
            3.88712,43.53943,0
            3.89191,43.53966,0
            3.89213,43.53966,0
            3.89234,43.53968,0
            3.89256,43.53968,0
            3.893,43.5397,0
            3.89322,43.53972,0
            3.89357,43.53973,0
            3.89364,43.53974,0
            3.89495,43.5398,0
            3.89514,43.5398,0
            3.89532,43.53981,0
            3.89566,43.53979,0
            3.8957,43.53978,0
            3.89581,43.53977,0
            3.89595,43.53974,0
            3.89607,43.5397,0
            3.89619,43.53967,0
            3.89652,43.53957,0
            3.89657,43.53957,0
            3.89662,43.53956,0
            3.8967,43.53956,0
            3.8968,43.53957,0
            3.89686,43.53957,0
            3.89688,43.53958,0
            3.89695,43.53959,0
            3.89704,43.53961,0
            3.89721,43.53963,0
            3.89733,43.53963,0
            3.89739,43.5396,0
            3.89754,43.53956,0
            3.89769,43.53954,0
            3.89785,43.53956,0
            3.89798,43.5396,0
            3.89813,43.53969,0
            3.89817,43.53973,0
            3.8982,43.53977,0
            3.89825,43.53986,0
            3.89825,43.53989,0
            3.89826,43.53991,0
            3.89826,43.54004,0
            3.89823,43.5401,0
            3.89823,43.54012,0
            3.89822,43.54014,0
            3.8982,43.54015,0
            3.89818,43.54019,0
            3.89816,43.54021,0
            3.89812,43.54024,0
            3.89808,43.54028,0
            3.89803,43.54031,0
            3.89797,43.54033,0
            3.89792,43.54036,0
            3.89773,43.54039,0
            3.89765,43.54043,0
            3.89759,43.54048,0
            3.89757,43.54051,0
            3.89743,43.54084,0
            3.89742,43.54088,0
            3.89737,43.54099,0
            3.89737,43.541,0
            3.89721,43.54143,0
            3.89717,43.54151,0
            3.89666,43.54287,0
            3.89662,43.54296,0
            3.89574,43.54531,0
            3.89537,43.54623,0
            3.89505,43.54698,0
            3.89499,43.5471,0
            3.89374,43.55027,0
            3.89355,43.55082,0
            3.89351,43.55096,0
            3.89351,43.55097,0
            3.89347,43.55118,0
            3.8934,43.55205,0
            3.89333,43.5527,0
            3.89333,43.55276,0
            3.89329,43.55311,0
            3.89328,43.55313,0
            3.89313,43.55416,0
            3.89313,43.55419,0
            3.89305,43.55474,0
            3.89303,43.55484,0
            3.89301,43.55502,0
            3.89298,43.55519,0
            3.89284,43.55623,0
            3.89283,43.5564,0
            3.89285,43.55691,0
            3.89287,43.55711,0
            3.89288,43.5573,0
            3.89296,43.5578,0
            3.89296,43.55782,0
            3.893,43.558,0
            3.89305,43.55818,0
            3.89316,43.55865,0
            3.89403,43.56172,0
            3.89409,43.56205,0
            3.89412,43.56226,0
            3.89412,43.5623,0
            3.89414,43.56242,0
            3.89418,43.5629,0
            3.89422,43.56312,0
            3.89435,43.56371,0
            3.89623,43.57144,0
            3.89626,43.57154,0
            3.89627,43.57162,0
            3.89629,43.57168,0
            3.89674,43.57356,0
            3.8968,43.57377,0
            3.89819,43.57932,0
            3.89837,43.58026,0
            3.89838,43.58039,0
            3.89838,43.58077,0
            3.89835,43.58103,0
            3.89829,43.58134,0
            3.89826,43.58142,0
            3.89822,43.58158,0
            3.89806,43.58204,0
            3.89784,43.5826,0
            3.89767,43.58298,0
            3.89764,43.58306,0
            3.89753,43.58329,0
            3.8975,43.58333,0
            3.89735,43.58362,0
            3.89723,43.58383,0
            3.89711,43.58399,0
            3.89701,43.58415,0
            3.897,43.58416,0
            3.89686,43.58436,0
            3.89645,43.58487,0
            3.89601,43.58535,0
            3.89571,43.58566,0
            3.89557,43.58578,0
            3.89554,43.58582,0
            3.89545,43.5859,0
            3.89509,43.58619,0
            3.89393,43.587,0
            3.89358,43.58727,0
            3.8934,43.58739,0
            3.89332,43.58746,0
            3.89299,43.58768,0
            3.89239,43.58812,0
            3.89227,43.58819,0
            3.89154,43.58873,0
            3.89131,43.58887,0
            3.89107,43.589,0
            3.89093,43.58904,0
            3.89088,43.58908,0
            3.89079,43.58911,0
            3.89076,43.58913,0
            3.89074,43.58915,0
            3.89071,43.58919,0
            3.89071,43.58924,0
            3.89069,43.58932,0
            3.89067,43.58936,0
            3.89065,43.58939,0
            3.89063,43.58943,0
            3.8906,43.58946,0
            3.89057,43.58948,0
            3.89052,43.58957,0
            3.89048,43.58966,0
            3.89046,43.58968,0
            3.89041,43.58977,0
            3.89036,43.58993,0
            3.89036,43.59002,0
            3.89035,43.59008,0
            3.89035,43.59013,0
            3.89036,43.59021,0
            3.89036,43.59074,0
            3.89037,43.59077,0
            3.89036,43.59082,0
            3.89032,43.5909,0
            3.89007,43.59117,0
            3.89,43.59128,0
            3.88995,43.59137,0
            3.88993,43.59139,0
            3.88991,43.59143,0
            3.88989,43.59146,0
            3.88986,43.59157,0
            3.88982,43.59166,0
            3.88977,43.59252,0
            3.8898,43.59262,0
            3.88979,43.5928,0
            3.88974,43.59298,0
            3.88951,43.59334,0
            3.88943,43.59344,0
            3.88938,43.59347,0
            3.88935,43.59353,0
            3.88931,43.59358,0
            3.88914,43.59387,0
            3.88888,43.59427,0
            3.88851,43.5948,0
            3.88844,43.59492,0
            3.88793,43.59562,0
            3.88766,43.59603,0
            3.88764,43.59605,0
            3.8876,43.5961,0
            3.88746,43.5963,0
            3.88738,43.59639,0
            3.88715,43.59668,0
            3.88675,43.59714,0
            3.88668,43.59723,0
            3.88663,43.59728,0
            3.88585,43.59818,0
            3.88573,43.59834,0
            3.88531,43.59904,0
            3.88513,43.59939,0
            3.88496,43.59968,0
            3.8849,43.59981,0
            3.88483,43.60003,0
            3.88481,43.60021,0
            3.88469,43.60182,0
            3.88459,43.60285,0
            3.88457,43.60298,0
            3.88455,43.60319,0
            3.88453,43.60327,0
            3.88432,43.60326,0
            3.88423,43.60325,0
            3.88414,43.60325,0
            3.88383,43.60323,0
            3.88375,43.60322,0
            3.88237,43.60314,0
            3.8823,43.60314,0
            3.88214,43.60313,0
            3.88208,43.60312,0
            3.88185,43.60311,0
            3.88151,43.60308,0
            3.88107,43.60306,0
            3.88102,43.60305,0
            3.8807,43.60305,0
            3.8806,43.60301,0
            3.88059,43.60301,0
            3.88057,43.603,0
            3.8805,43.60295,0
            3.88045,43.60292,0
            3.88039,43.6029,0
            3.88033,43.6029,0
            3.88032,43.60291,0
            3.8803,43.60291,0
            3.88026,43.60293,0
            3.87993,43.60317,0
            3.87963,43.60336,0
            3.8796,43.60337,0
            3.87938,43.60351,0
            3.87928,43.60359,0
            3.87916,43.60367,0
            3.87915,43.60368,0
            3.87908,43.60368,0
            3.87935,43.60349,0
            3.87958,43.60335,0
            3.87969,43.60329,0
            3.88055,43.60271,0
            3.88127,43.60227,0
            3.88143,43.60219,0
            3.88164,43.60204,0
            3.88167,43.60203,0
            3.88177,43.60196,0
            3.8819,43.60189,0
            3.88195,43.60187,0
            3.88201,43.60183,0
            3.88204,43.60182,0
            3.88218,43.60174,0
            3.88247,43.60162,0
            3.88262,43.60153,0
            3.88294,43.60144,0
            3.88335,43.60135,0
            3.88369,43.60126,0
            3.88383,43.60124,0
            3.88438,43.60111,0
            3.88474,43.60106,0
            3.88483,43.60003,0
            3.8849,43.59981,0
            3.88496,43.59968,0
            3.88513,43.59939,0
            3.88531,43.59904,0
            3.88573,43.59834,0
            3.88585,43.59818,0
            3.88663,43.59728,0
            3.88668,43.59723,0
            3.88675,43.59714,0
            3.88715,43.59668,0
            3.88738,43.59639,0
            3.88746,43.5963,0
            3.8876,43.5961,0
            3.88764,43.59605,0
            3.88766,43.59603,0
            3.88793,43.59562,0
            3.88844,43.59492,0
            3.88851,43.5948,0
            3.88888,43.59427,0
            3.88914,43.59387,0
            3.88931,43.59358,0
            3.88935,43.59353,0
            3.88938,43.59347,0
            3.88938,43.59343,0
            3.88959,43.59308,0
            3.88963,43.593,0
            3.88966,43.59295,0
            3.88971,43.59279,0
            3.88971,43.59278,0
            3.88973,43.59265,0
            3.88974,43.59263,0
            3.88977,43.59252,0
            3.88982,43.59166,0
            3.8898,43.59158,0
            3.88979,43.59146,0
            3.88981,43.59134,0
            3.88987,43.59122,0
            3.88993,43.59114,0
            3.89021,43.59083,0
            3.89023,43.5908,0
            3.89024,43.59079,0
            3.89025,43.59075,0
            3.89026,43.59066,0
            3.89026,43.59042,0
            3.89025,43.59037,0
            3.89026,43.59002,0
            3.89028,43.58997,0
            3.89028,43.58991,0
            3.89027,43.58987,0
            3.89025,43.58983,0
            3.89024,43.5898,0
            3.89019,43.58973,0
            3.89009,43.58963,0
            3.88997,43.58961,0
            3.88995,43.5896,0
            3.88992,43.5896,0
            3.88983,43.58956,0
            3.8898,43.58955,0
            3.88974,43.58952,0
            3.88971,43.58949,0
            3.88967,43.58946,0
            3.88962,43.58941,0
            3.88961,43.58939,0
            3.88959,43.58936,0
            3.88958,43.58932,0
            3.88956,43.58928,0
            3.88956,43.58924,0
            3.88955,43.58921,0
            3.88956,43.58917,0
            3.88956,43.58913,0
            3.88958,43.58909,0
            3.88959,43.58905,0
            3.88961,43.58902,0
            3.88964,43.58899,0
            3.88964,43.58898,0
            3.88967,43.58895,0
            3.88978,43.58887,0
            3.88987,43.58883,0
            3.88988,43.58883,0
            3.88992,43.58881,0
            3.89003,43.58879,0
            3.89024,43.58879,0
            3.89029,43.5888,0
            3.8903,43.5888,0
            3.89034,43.58881,0
            3.89044,43.58885,0
            3.8905,43.58888,0
            3.8907,43.58892,0
            3.89071,43.58892,0
            3.89075,43.58893,0
            3.8909,43.58893,0
            3.89095,43.58892,0
            3.89097,43.58892,0
            3.89099,43.58891,0
            3.89103,43.5889,0
            3.89111,43.58887,0
            3.89128,43.58878,0
            3.89215,43.58814,0
            3.8922,43.58811,0
            3.89375,43.58697,0
            3.89379,43.58695,0
            3.89382,43.58692,0
            3.8942,43.58665,0
            3.89424,43.58654,0
            3.89428,43.58648,0
            3.89431,43.58642,0
            3.89433,43.58636,0
            3.89434,43.58631,0
            3.89433,43.58627,0
            3.89433,43.58626,0
            3.89432,43.5862,0
            3.8943,43.58614,0
            3.89423,43.58605,0
            3.89419,43.58601,0
            3.89414,43.58597,0
            3.89397,43.58589,0
            3.89391,43.58587,0
            3.89386,43.58586,0
            3.89383,43.58585,0
            3.89376,43.58584,0
            3.89359,43.58584,0
            3.89353,43.58585,0
            3.89332,43.58591,0
            3.89321,43.58598,0
            3.89317,43.58601,0
            3.89312,43.58606,0
            3.89305,43.58618,0
            3.89302,43.58632,0
            3.89304,43.58643,0
            3.89306,43.58648,0
            3.89314,43.58659,0
            3.89321,43.58666,0
            3.89471,43.58775,0
            3.89482,43.58782,0
            3.89565,43.5884,0
            3.89591,43.5886,0
            3.89615,43.58877,0
            3.89648,43.58898,0
            3.89652,43.5891,0
            3.89703,43.58941,0
            3.89709,43.58944,0
            3.89826,43.59012,0
            3.89863,43.59031,0
            3.89864,43.59032,0
            3.89896,43.5905,0
            3.90005,43.59107,0
            3.90012,43.5911,0
            3.90351,43.59283,0
            3.90367,43.59292,0
            3.90429,43.59323,0
            3.90436,43.59327,0
            3.90564,43.59391,0
            3.90592,43.59406,0
            3.90635,43.59427,0
            3.90655,43.59438,0
            3.90692,43.59456,0
            3.90714,43.59468,0
            3.90908,43.59566,0
            3.9106,43.59639,0
            3.91066,43.59641,0
            3.91088,43.59652,0
            3.91089,43.59652,0
            3.91178,43.59694,0
            3.91189,43.597,0
            3.91253,43.59729,0
            3.9133,43.59766,0
            3.91331,43.59766,0
            3.91601,43.59895,0
            3.91631,43.59908,0
            3.91684,43.59933,0
            3.91691,43.59937,0
            3.91708,43.59944,0
            3.91721,43.59951,0
            3.91726,43.59953,0
            3.91732,43.59956,0
            3.91736,43.59957,0
            3.91866,43.60019,0
            3.92155,43.60149,0
            3.92536,43.60309,0
            3.92747,43.60391,0
            3.92754,43.60393,0
            3.92874,43.6044,0
            3.92883,43.60443,0
            3.92907,43.60453,0
            3.92916,43.60456,0
            3.93067,43.60518,0
            3.9313,43.60546,0
            3.93236,43.60596,0
            3.93316,43.60637,0
            3.93382,43.60673,0
            3.93503,43.60743,0
            3.93513,43.6075,0
            3.93554,43.60775,0
            3.93623,43.60821,0
            3.93721,43.60891,0
            3.93761,43.60921,0
            3.93778,43.60935,0
            3.93803,43.60954,0
            3.9381,43.6096,0
            3.93833,43.60977,0
            3.93835,43.6098,0
            3.93846,43.60987,0
            3.93859,43.60998,0
            3.93883,43.61016,0
            3.93884,43.61017,0
            3.9403,43.6113,0
            3.94043,43.61139,0
            3.94228,43.61282,0
            3.94232,43.61286,0
            3.94244,43.61294,0
            3.94273,43.61317,0
            3.94285,43.61325,0
            3.94484,43.61477,0
            3.94512,43.61497,0
            3.94569,43.61535,0
            3.94585,43.61548,0
            3.94697,43.61624,0
            3.94709,43.61633,0
            3.94711,43.61634,0
            3.94807,43.61695,0
            3.94845,43.61716,0
            3.94878,43.61736,0
            3.95006,43.61809,0
            3.9504,43.61827,0
            3.95123,43.61863,0
            3.95184,43.61885,0
            3.95201,43.6189,0
            3.95202,43.61891,0
            3.95218,43.61896,0
            3.95345,43.6193,0
            3.95422,43.61949,0
            3.95509,43.61977,0
            3.95565,43.61999,0
            3.95622,43.62024,0
            3.95642,43.62034,0
            3.9568,43.62055,0
            3.95705,43.6207,0
            3.95713,43.62074,0
            3.95774,43.62115,0
            3.95818,43.62148,0
            3.95868,43.62193,0
            3.95911,43.62238,0
            3.95979,43.62318,0
            3.96019,43.6236,0
            3.9603,43.62369,0
            3.9606,43.62396,0
            3.96094,43.62423,0
            3.96107,43.62432,0
            3.9611,43.62435,0
            3.96236,43.62527,0
            3.96263,43.62545,0
            3.96357,43.62614,0
            3.96379,43.62632,0
            3.9639,43.6264,0
            3.96455,43.62696,0
            3.96464,43.62705,0
            3.96468,43.62708,0
            3.96508,43.62745,0
            3.96509,43.62745,0
            3.96523,43.62759,0
            3.96526,43.62761,0
            3.96576,43.62809,0
            3.96582,43.62814,0
            3.96583,43.62816,0
            3.96589,43.62821,0
            3.96615,43.62847,0
            3.96623,43.62854,0
            3.96643,43.62874,0
            3.96674,43.62903,0
            3.96687,43.62917,0
            3.96719,43.62948,0
            3.96765,43.62997,0
            3.96851,43.63098,0
            3.96865,43.63118,0
            3.96867,43.6312,0
            3.96879,43.63137,0
            3.96889,43.63149,0
            3.96918,43.63191,0
            3.96919,43.63193,0
            3.96949,43.6324,0
            3.96994,43.63317,0
            3.97019,43.63363,0
            3.97043,43.63412,0
            3.97046,43.63421,0
            3.97059,43.63448,0
            3.97079,43.63495,0
            3.97181,43.63754,0
            3.97183,43.63761,0
            3.972,43.63802,0
            3.97241,43.63883,0
            3.97275,43.63944,0
            3.97276,43.63945,0
            3.97289,43.63968,0
            3.9734,43.64047,0
            3.97379,43.64101,0
            3.9738,43.64102,0
            3.9739,43.64116,0
            3.97413,43.64145,0
            3.97417,43.64149,0
            3.97426,43.64161,0
            3.97428,43.64163,0
            3.97437,43.64175,0
            3.97466,43.64209,0
            3.97512,43.6426,0
            3.97546,43.64295,0
            3.97569,43.64316,0
            3.97587,43.64334,0
            3.97601,43.64346,0
            3.97621,43.64365,0
            3.97642,43.64383,0
            3.97649,43.6439,0
            3.97722,43.6445,0
            3.97737,43.64461,0
            3.97739,43.64463,0
            3.97761,43.64479,0
            3.97792,43.64504,0
            3.97883,43.64567,0
            3.97976,43.64628,0
            3.98092,43.64699,0
            3.98599,43.64993,0
            3.98616,43.65002,0
            3.98726,43.65068,0
            3.98735,43.65076,0
            3.98839,43.65147,0
            3.98853,43.65149,0
            3.98854,43.6515,0
            3.98856,43.65151,0
            3.98876,43.65165,0
            3.98877,43.65166,0
            3.98897,43.65181,0
            3.98981,43.65238,0
            3.98997,43.65248,0
            3.99008,43.65254,0
            3.99052,43.65282,0
            3.99058,43.65285,0
            3.99069,43.65292,0
            3.99084,43.65299,0
            3.99126,43.65316,0
            3.99144,43.65322,0
            3.9918,43.6533,0
            3.99206,43.65334,0
            3.99229,43.65336,0
            3.99303,43.65339,0
            3.99432,43.6534,0
            3.99443,43.65339,0
            3.99451,43.65339,0
            3.99478,43.65343,0
            3.99485,43.65345,0
            3.99487,43.65346,0
            3.99495,43.65349,0
            3.99577,43.6539,0
            3.99591,43.65396,0
            3.99594,43.65398,0
            3.99601,43.654,0
            3.99617,43.65403,0
            3.99626,43.65404,0
            3.99643,43.65407,0
            3.99652,43.65408,0
            3.99657,43.6541,0
            3.99665,43.65415,0
            3.99747,43.65424,0
            3.9988,43.65442,0
            3.99911,43.65445,0
            3.99924,43.65447,0
            3.99951,43.65449,0
            3.99966,43.65451,0
            3.99975,43.65451,0
            3.9998,43.65452,0
            3.99985,43.65452,0
            3.99999,43.65449,0
            4.00002,43.65448,0
            4.00014,43.6544,0
            4.00015,43.65436,0
            4.0002,43.65427,0
            4.00024,43.65423,0
            4.00033,43.65416,0
            4.00038,43.65413,0
            4.00048,43.65409,0
            4.00068,43.65405,0
            4.00074,43.65405,0
            4.00079,43.65406,0
            4.00084,43.65406,0
            4.00092,43.65408,0
            4.00098,43.6541,0
            4.001,43.6541,0
            4.00112,43.65415,0
            4.00113,43.65416,0
            4.00119,43.6542,0
            4.00135,43.65415,0
            4.00167,43.65403,0
            4.00177,43.654,0
            4.00201,43.65391,0
            4.00235,43.65383,0
            4.00294,43.65373,0
            4.00313,43.65369,0
            4.00394,43.6536,0
            4.00396,43.65359,0
            4.00425,43.65355,0
            4.0044,43.65351,0
            4.00443,43.65351,0
            4.00445,43.6535,0
            4.00448,43.65349,0
            4.00449,43.65349,0
            4.00463,43.65343,0
            4.0048,43.65337,0
            4.00509,43.6532,0
            4.00526,43.65312,0
            4.00531,43.65309,0
            4.00532,43.65309,0
            4.00564,43.65292,0
            4.00567,43.65291,0
            4.00571,43.65288,0
            4.00572,43.65288,0
            4.00592,43.65276,0
            4.00604,43.6527,0
            4.00605,43.65269,0
            4.0061,43.65266,0
            4.00611,43.65266,0
            4.00627,43.65258,0
            4.00646,43.65251,0
            4.00669,43.65244,0
            4.00678,43.65242,0
            4.00681,43.65241,0
            4.00692,43.65239,0
            4.00701,43.65238,0
            4.00718,43.65234,0
            4.00726,43.65234,0
            4.00738,43.65232,0
            4.00759,43.65231,0
            4.00787,43.65231,0
            4.00792,43.6523,0
            4.00798,43.65227,0
            4.00802,43.65226,0
            4.00804,43.65226,0
            4.00811,43.65217,0
            4.00817,43.65213,0
            4.00822,43.65212,0
            4.00831,43.65212,0
            4.00848,43.65216,0
            4.00887,43.65229,0
            4.00895,43.65233,0
            4.00903,43.65236,0
            4.00904,43.65238,0
            4.00908,43.65241,0
            4.00912,43.65247,0
            4.00913,43.65251,0
            4.00913,43.65256,0
            4.00911,43.65262,0
            4.00908,43.65266,0
            4.00906,43.65268,0
            4.00903,43.6527,0
            4.00901,43.65272,0
            4.00898,43.65273,0
            4.00893,43.65274,0
            4.0089,43.65274,0
            4.00886,43.65275,0
            4.00883,43.65274,0
            4.0088,43.65274,0
            4.00871,43.65281,0
            4.00867,43.65285,0
            4.00864,43.6529,0
            4.00861,43.65297,0
            4.00861,43.65298,0
            4.00865,43.653,0
            4.00868,43.65302,0
            4.0087,43.65304,0
            4.00871,43.65306,0
            4.00871,43.65309,0
            4.0087,43.65313,0
            4.00868,43.65317,0
            4.00846,43.65346,0
            4.00845,43.65347,0
            4.00843,43.65347,0
            4.00842,43.65348,0
            4.00833,43.65348,0
            4.00818,43.65343,0
            4.00814,43.65342,0
            4.00751,43.65318,0
            4.00749,43.65318,0
            4.00746,43.65315,0
            4.00746,43.65313,0
            4.00745,43.65312,0
            4.00745,43.65311,0
            4.00746,43.6531,0
            4.00746,43.65309,0
            4.0077,43.65276,0
            4.00772,43.65274,0
            4.00774,43.65273,0
            4.00776,43.65273,0
            4.00779,43.65272,0
            4.00784,43.65272,0
            4.00838,43.65292,0
            4.00842,43.65293,0
            4.00846,43.65293,0
            4.00849,43.65292,0
            4.0085,43.65292,0
            4.00854,43.6529,0
            4.00857,43.65287,0
            4.00862,43.65278,0
            4.00863,43.65272,0
            4.00862,43.65267,0
            4.00809,43.65248,0
            4.00806,43.65246,0
            4.00801,43.65241,0
            4.00799,43.6524,0
            4.00796,43.65239,0
            4.00795,43.65238,0
            4.00789,43.65237,0
            4.00782,43.65235,0
            4.00774,43.65231,0
            4.00759,43.65231,0
            4.00738,43.65232,0
            4.00726,43.65234,0
            4.00718,43.65234,0
            4.00701,43.65238,0
            4.00692,43.65239,0
            4.00681,43.65241,0
            4.00678,43.65242,0
            4.00669,43.65244,0
            4.00646,43.65251,0
            4.00627,43.65258,0
            4.00611,43.65266,0
            4.0061,43.65266,0
            4.00605,43.65269,0
            4.00604,43.6527,0
            4.00592,43.65276,0
            4.00572,43.65288,0
            4.00571,43.65288,0
            4.00567,43.65291,0
            4.00564,43.65292,0
            4.00532,43.65309,0
            4.00531,43.65309,0
            4.00526,43.65312,0
            4.00509,43.6532,0
            4.0048,43.65337,0
            4.00463,43.65343,0
            4.00449,43.65349,0
            4.00448,43.65349,0
            4.00445,43.6535,0
            4.00443,43.65351,0
            4.0044,43.65351,0
            4.00425,43.65355,0
            4.00396,43.65359,0
            4.00394,43.6536,0
            4.00313,43.65369,0
            4.00294,43.65373,0
            4.00235,43.65383,0
            4.00201,43.65391,0
            4.00177,43.654,0
            4.0017,43.65406,0
            4.00164,43.6541,0
            4.00162,43.65413,0
            4.00146,43.65426,0
            4.00142,43.6543,0
            4.00139,43.65435,0
            4.00135,43.65443,0
            4.00136,43.65445,0
            4.00138,43.65456,0
            4.00137,43.65461,0
            4.00137,43.65467,0
            4.00136,43.65472,0
            4.00134,43.65478,0
            4.00127,43.65491,0
            4.00123,43.65495,0
            4.0012,43.65499,0
            4.00112,43.65507,0
            4.00107,43.6551,0
            4.00102,43.65512,0
            4.00097,43.65513,0
            4.00092,43.65515,0
            4.00087,43.65515,0
            4.00083,43.65516,0
            4.00066,43.65516,0
            4.00047,43.65512,0
            4.00029,43.65504,0
            4.00027,43.65501,0
            4.00021,43.65495,0
            4.00019,43.65491,0
            4.00015,43.65485,0
            4.00013,43.65477,0
            3.9999,43.65465,0
            3.99982,43.65462,0
            3.99972,43.6546,0
            3.99947,43.65458,0
            3.99922,43.65455,0
            3.99914,43.65453,0
            3.99873,43.65449,0
            3.9987,43.65449,0
            3.99836,43.65444,0
            3.99701,43.65428,0
            3.99689,43.65426,0
            3.99677,43.65425,0
            3.99605,43.65415,0
            3.99578,43.65413,0
            3.99572,43.65414,0
            3.99562,43.65414,0
            3.99545,43.65417,0
            3.99543,43.65419,0
            3.99542,43.65421,0
            3.99539,43.65423,0
            3.99537,43.65425,0
            3.99535,43.65426,0
            3.99532,43.65428,0
            3.99529,43.65429,0
            3.99527,43.65429,0
            3.99526,43.6543,0
            3.99523,43.6543,0
            3.99519,43.65431,0
            3.99513,43.65431,0
            3.99509,43.6543,0
            3.99506,43.6543,0
            3.99497,43.65427,0
            3.99495,43.65425,0
            3.99492,43.65423,0
            3.9949,43.65422,0
            3.99488,43.65419,0
            3.99486,43.65417,0
            3.99485,43.65415,0
            3.99484,43.65412,0
            3.99484,43.6541,0
            3.99483,43.65408,0
            3.99484,43.65405,0
            3.99484,43.65403,0
            3.99485,43.65401,0
            3.99485,43.654,0
            3.99486,43.65398,0
            3.99486,43.65397,0
            3.99489,43.65394,0
            3.9949,43.65392,0
            3.99491,43.65391,0
            3.99487,43.65379,0
            3.99479,43.65368,0
            3.9947,43.65361,0
            3.99464,43.65357,0
            3.99448,43.65351,0
            3.99438,43.6535,0
            3.99434,43.65349,0
            3.99426,43.65349,0
            3.99416,43.65348,0
            3.99317,43.65346,0
            3.99315,43.65347,0
            3.99302,43.65349,0
            3.99296,43.65351,0
            3.99291,43.65352,0
            3.99286,43.65355,0
            3.99279,43.6536,0
            3.99273,43.65365,0
            3.99272,43.65367,0
            3.99268,43.65373,0
            3.99266,43.65386,0
            3.99268,43.65395,0
            3.9927,43.654,0
            3.99271,43.65401,0
            3.99273,43.65404,0
            3.99282,43.65413,0
            3.99289,43.65419,0
            3.99303,43.65429,0
            3.99331,43.65445,0
            3.99405,43.65496,0
            3.99421,43.65508,0
            3.99452,43.65529,0
            3.99455,43.65538,0
            3.99464,43.65543,0
            3.99505,43.6557,0
            3.99529,43.65587,0
            3.99553,43.65602,0
            3.99634,43.65659,0
            3.99712,43.65719,0
            3.9981,43.658,0
            3.99822,43.65811,0
            3.99833,43.65819,0
            3.99841,43.65827,0
            3.99844,43.65829,0
            4.0006,43.66026,0
            4.0027,43.66228,0
            4.00393,43.6635,0
            4.00656,43.66602,0
            4.0066,43.66605,0
            4.00736,43.66674,0
            4.00737,43.66674,0
            4.00752,43.66688,0
            4.00818,43.66742,0
            4.0082,43.66744,0
            4.0089,43.66799,0
            4.00974,43.66862,0
            4.00995,43.66875,0
            4.01007,43.66884,0
            4.01012,43.66886,0
            4.01018,43.6689,0
            4.01502,43.67168,0
            4.01527,43.67181,0
            4.01548,43.67193,0
            4.01622,43.67231,0
            4.01652,43.67244,0
            4.01654,43.67246,0
            4.01828,43.67319,0
            4.01835,43.67321,0
            4.01987,43.67379,0
            4.02032,43.67395,0
            4.02052,43.67403,0
            4.02128,43.67428,0
            4.02144,43.67435,0
            4.02147,43.67438,0
            4.02151,43.67445,0
            4.0221,43.67461,0
            4.02227,43.67467,0
            4.02576,43.67564,0
            4.02632,43.67581,0
            4.02652,43.67586,0
            4.02864,43.67651,0
            4.02878,43.67656,0
            4.03084,43.67719,0
            4.03169,43.67743,0
            4.0331,43.67786,0
            4.03616,43.67884,0
            4.03623,43.67887,0
            4.03705,43.67915,0
            4.03706,43.67915,0
            4.03713,43.67918,0
            4.03813,43.67954,0
            4.03829,43.67959,0
            4.03911,43.67991,0
            4.04075,43.6806,0
            4.04208,43.68122,0
            4.04237,43.68137,0
            4.04308,43.68171,0
            4.04386,43.68212,0
            4.04398,43.68219,0
            4.04411,43.68225,0
            4.04515,43.68279,0
            4.04553,43.683,0
            4.04636,43.68343,0
            4.04637,43.68344,0
            4.04893,43.68474,0
            4.04894,43.68474,0
            4.04964,43.68509,0
            4.05114,43.68578,0
            4.05261,43.6864,0
            4.05369,43.68681,0
            4.05496,43.68726,0
            4.05642,43.68773,0
            4.05776,43.68811,0
            4.05778,43.68812,0
            4.05987,43.68863,0
            4.0613,43.68894,0
            4.06322,43.68931,0
            4.06908,43.69037,0
            4.07107,43.69079,0
            4.07134,43.69086,0
            4.07154,43.6909,0
            4.07269,43.6912,0
            4.0727,43.6912,0
            4.07271,43.69121,0
            4.07292,43.69126,0
            4.07292,43.69127,0
            4.07294,43.69127,0
            4.07454,43.69172,0
            4.07802,43.69279,0
            4.07808,43.6928,0
            4.0847,43.69483,0
            4.08474,43.69485,0
            4.08658,43.69539,0
            4.08773,43.69569,0
            4.08857,43.69589,0
            4.08996,43.69616,0
            4.08998,43.69616,0
            4.09002,43.69617,0
            4.09092,43.69631,0
            4.09094,43.69631,0
            4.09116,43.69634,0
            4.0912,43.69635,0
            4.09252,43.6965,0
            4.09325,43.69655,0
            4.09344,43.69657,0
            4.09398,43.6966,0
            4.09419,43.69662,0
            4.09433,43.69662,0
            4.09442,43.69663,0
            4.0945,43.69663,0
            4.09471,43.69665,0
            4.09485,43.69665,0
            4.09569,43.69669,0
            4.09587,43.69669,0
            4.09623,43.69671,0
            4.09851,43.69678,0
            4.0986,43.69679,0
            4.09892,43.6968,0
            4.10061,43.6969,0
            4.10135,43.69697,0
            4.10143,43.69697,0
            4.10293,43.69714,0
            4.1045,43.6974,0
            4.10481,43.69747,0
            4.10524,43.69755,0
            4.10618,43.69777,0
            4.10698,43.69798,0
            4.10755,43.69815,0
            4.10757,43.69816,0
            4.10883,43.69857,0
            4.10915,43.69869,0
            4.10928,43.69873,0
            4.1094,43.69878,0
            4.10949,43.69881,0
            4.10998,43.69901,0
            4.11013,43.69906,0
            4.11062,43.69927,0
            4.11065,43.69928,0
            4.11095,43.69941,0
            4.11117,43.69952,0
            4.11144,43.69964,0
            4.1124,43.70012,0
            4.11272,43.7003,0
            4.11281,43.70034,0
            4.11338,43.70066,0
            4.11425,43.70119,0
            4.1144,43.7012,0
            4.11491,43.70151,0
            4.11522,43.70168,0
            4.11539,43.70176,0
            4.11543,43.70177,0
            4.11553,43.70181,0
            4.11587,43.70192,0
            4.11613,43.70197,0
            4.11651,43.702,0
            4.11691,43.702,0
            4.11714,43.70199,0
            4.11723,43.70198,0
            4.11748,43.70198,0
            4.11764,43.70199,0
            4.11785,43.70202,0
            4.11799,43.70205,0
            4.11837,43.70216,0
            4.1185,43.70221,0
            4.11902,43.70238,0
            4.11904,43.70238,0
            4.11952,43.70255,0
            4.11952,43.70256,0
            4.12012,43.70279,0
            4.12113,43.70323,0
            4.12122,43.7033,0
            4.12156,43.7035,0
            4.12166,43.70355,0
            4.12178,43.7036,0
            4.12192,43.70364,0
            4.12204,43.7036,0
            4.1221,43.7036,0
            4.12214,43.70359,0
            4.12221,43.70359,0
            4.12224,43.7036,0
            4.12228,43.7036,0
            4.1223,43.70361,0
            4.12232,43.70361,0
            4.12234,43.70362,0
            4.12237,43.70362,0
            4.12241,43.70363,0
            4.12244,43.70365,0
            4.12247,43.70366,0
            4.12249,43.70367,0
            4.12252,43.70369,0
            4.12256,43.70373,0
            4.12267,43.70371,0
            4.12275,43.70371,0
            4.12282,43.70369,0
            4.12298,43.70362,0
            4.1231,43.70353,0
            4.12319,43.70345,0
            4.12325,43.70343,0
            4.12325,43.70342,0
            4.12355,43.70307,0
            4.12373,43.70292,0
            4.12376,43.70289,0
            4.12426,43.70257,0
            4.12605,43.70157,0
            4.1261,43.70155,0
            4.12738,43.70085,0
            4.12764,43.70064,0
            4.12767,43.70062,0
            4.12817,43.70012,0
            4.12844,43.69976,0
            4.12867,43.69923,0
            4.12888,43.69853,0
            4.12907,43.69799,0
            4.12906,43.69796,0
            4.12906,43.69793,0
            4.12917,43.69751,0
            4.12919,43.69747,0
            4.12924,43.6972,0
            4.1294,43.69669,0
            4.12945,43.69658,0
            4.12946,43.69657,0
            4.12948,43.69653,0
            4.12985,43.69591,0
            4.12987,43.69586,0
            4.12993,43.69574,0
            4.12996,43.6957,0
            4.13009,43.6954,0
            4.13026,43.69494,0
            4.13028,43.6949,0
            4.1304,43.69452,0
            4.13044,43.69444,0
            4.13046,43.69437,0
            4.13051,43.69423,0
            4.13052,43.69418,0
            4.13063,43.69386,0
            4.1308,43.69346,0
            4.13089,43.69315,0
            4.13093,43.69304,0
            4.13133,43.69176,0
            4.1317,43.69066,0
            4.13174,43.69052,0
            4.13236,43.68872,0
            4.13238,43.68828,0
            4.13231,43.68822,0
            4.13227,43.68817,0
            4.13226,43.68812,0
            4.13227,43.68806,0
            4.13229,43.68801,0
            4.13235,43.68794,0
            4.13244,43.68792,0
            4.13247,43.68791,0
            4.13256,43.68784,0
            4.13262,43.68777,0
            4.13264,43.6877,0
            4.13274,43.68755,0
            4.13283,43.68731,0
            4.13302,43.68668,0
            4.13314,43.68636,0
            4.13318,43.68627,0
            4.13319,43.6862,0
            4.13326,43.68593,0
            4.13329,43.68575,0
            4.13328,43.68567,0
            4.13328,43.68562,0
            4.13323,43.68545,0
            4.13323,43.68544,0
            4.13321,43.68532,0
            4.13321,43.68529,0
            4.1332,43.68528,0
            4.13318,43.68515,0
            4.13319,43.6851,0
            4.133,43.68444,0
            4.13299,43.68413,0
            4.133,43.68393,0
            4.13301,43.68386,0
            4.13301,43.68384,0
            4.13321,43.68347,0
            4.13349,43.68275,0
            4.13357,43.68257,0
            4.13371,43.68229,0
            4.13403,43.68154,0
            4.13446,43.68061,0
            4.13462,43.68034,0
            4.13465,43.68025,0
            4.13484,43.67981,0
            4.13111,43.67918,0
            4.13484,43.67981,0
            4.13465,43.68025,0
            4.13462,43.68034,0
            4.13446,43.68061,0
            4.13403,43.68154,0
            4.13371,43.68229,0
            4.13357,43.68257,0
            4.13349,43.68275,0
            4.13321,43.68347,0
            4.13301,43.68384,0
            4.13301,43.68386,0
            4.133,43.68393,0
            4.13299,43.68413,0
            4.133,43.68444,0
            4.13319,43.6851,0
            4.13322,43.68514,0
            4.13325,43.6853,0
            4.1333,43.68548,0
            4.13328,43.68567,0
            4.13329,43.68575,0
            4.13326,43.68593,0
            4.13319,43.6862,0
            4.13318,43.68627,0
            4.13314,43.68636,0
            4.13302,43.68668,0
            4.13283,43.68731,0
            4.13274,43.68755,0
            4.13275,43.6876,0
            4.13271,43.68773,0
            4.1327,43.68784,0
            4.13271,43.68793,0
            4.13277,43.68798,0
            4.1328,43.68801,0
            4.13283,43.68808,0
            4.13288,43.68814,0
            4.1329,43.68817,0
            4.133,43.68822,0
            4.13305,43.68824,0
            4.13336,43.68839,0
            4.1335,43.68845,0
            4.13358,43.68849,0
            4.13366,43.68852,0
            4.13374,43.68856,0
            4.13383,43.68859,0
            4.13418,43.68874,0
            4.13427,43.68877,0
            4.13453,43.68889,0
            4.13454,43.68889,0
            4.13462,43.68892,0
            4.1347,43.68896,0
            4.13471,43.68896,0
            4.1348,43.68899,0
            4.13498,43.68907,0
            4.13508,43.6891,0
            4.13527,43.68918,0
            4.13536,43.68921,0
            4.13545,43.68925,0
            4.13554,43.68928,0
            4.13563,43.68932,0
            4.13579,43.68938,0
            4.13586,43.6894,0
            4.13594,43.68943,0
            4.13601,43.68945,0
            4.13602,43.68946,0
            4.13624,43.68954,0
            4.13674,43.68975,0
            4.13683,43.68978,0
            4.13692,43.68982,0
            4.13701,43.68985,0
            4.13703,43.68986,0
            4.13743,43.68997,0
            4.13754,43.68999,0
            4.13812,43.69016,0
            4.13817,43.69017,0
            4.13819,43.69018,0
            4.13823,43.69019,0
            4.13838,43.69024,0
            4.13843,43.69023,0
            4.13846,43.69025,0
            4.13848,43.69027,0
            4.1385,43.6903,0
            4.13849,43.69033,0
            4.13862,43.69039,0
            4.13871,43.69044,0
            4.13876,43.69048,0
            4.14082,43.69116,0
            4.14119,43.69127,0
            4.14269,43.69151,0
            4.14278,43.69153,0
            4.14307,43.69156,0
            4.14319,43.69156,0
            4.14341,43.69154,0
            4.14352,43.69152,0
            4.14363,43.69151,0
            4.14384,43.69145,0
            4.14394,43.69143,0
            4.14402,43.6914,0
            4.14412,43.69139,0
            4.1442,43.69139,0
            4.14428,43.6914,0
            4.14433,43.6914,0
            4.14437,43.69141,0
            4.14439,43.69142,0
            4.14442,43.69142,0
            4.14444,43.69143,0
            4.14447,43.69144,0
            4.14451,43.69143,0
            4.14455,43.69143,0
            4.14469,43.69139,0
            4.14481,43.69134,0
            4.14499,43.69125,0
            4.14509,43.69119,0
            4.14513,43.69117,0
            4.14596,43.69054,0
            4.14598,43.69053,0
            4.14683,43.68987,0
            4.14774,43.6892,0
            4.14782,43.68913,0
            4.14785,43.68911,0
            4.14787,43.6891,0
            4.1481,43.68893,0
            4.14876,43.68851,0
            4.14942,43.68816,0
            4.15015,43.68787,0
            4.15091,43.68763,0
            4.15175,43.68744,0
            4.15229,43.68735,0
            4.15253,43.68728,0
            4.15263,43.68726,0
            4.15292,43.68717,0
            4.15298,43.68714,0
            4.15301,43.68713,0
            4.15325,43.68701,0
            4.15341,43.68692,0
            4.15346,43.6869,0
            4.15358,43.68683,0
            4.15381,43.68667,0
            4.154,43.68651,0
            4.1541,43.68641,0
            4.15414,43.68638,0
            4.15415,43.68636,0
            4.15419,43.68632,0
            4.15423,43.68624,0
            4.15425,43.68619,0
            4.15423,43.68613,0
            4.15423,43.68605,0
            4.15424,43.686,0
            4.15425,43.68597,0
            4.15427,43.68593,0
            4.15433,43.68584,0
            4.15441,43.68578,0
            4.15449,43.68574,0
            4.15459,43.6857,0
            4.1547,43.68568,0
            4.15482,43.68568,0
            4.15489,43.68569,0
            4.15503,43.68573,0
            4.15513,43.68578,0
            4.15516,43.68581,0
            4.15521,43.68584,0
            4.15523,43.68588,0
            4.15526,43.68591,0
            4.15527,43.68594,0
            4.15528,43.68596,0
            4.15531,43.68607,0
            4.15528,43.68621,0
            4.15526,43.68624,0
            4.15526,43.68631,0
            4.15529,43.68642,0
            4.15548,43.68667,0
            4.15551,43.68672,0
            4.15557,43.68687,0
            4.15561,43.68699,0
            4.15564,43.68705,0
            4.15566,43.6871,0
            4.15569,43.68715,0
            4.15569,43.68716,0
            4.15574,43.68721,0
            4.1558,43.68728,0
            4.15592,43.68739,0
            4.15744,43.68844,0
            4.15749,43.6885,0
            4.16163,43.69129,0
            4.16174,43.69134,0
            4.16235,43.69175,0
            4.16314,43.69233,0
            4.16319,43.69239,0
            4.1632,43.69239,0
            4.16339,43.69252,0
            4.1635,43.69258,0
            4.1636,43.69262,0
            4.1639,43.69277,0
            4.16391,43.69277,0
            4.16412,43.69285,0
            4.16421,43.69289,0
            4.16489,43.69315,0
            4.16495,43.69318,0
            4.16731,43.69418,0
            4.16748,43.69426,0
            4.16755,43.69426,0
            4.1676,43.69428,0
            4.16766,43.69429,0
            4.16796,43.69439,0
            4.16802,43.6944,0
            4.16805,43.69438,0
            4.16808,43.69437,0
            4.16811,43.69437,0
            4.16815,43.69436,0
            4.16818,43.69436,0
            4.1682,43.69437,0
            4.16825,43.69437,0
            4.16828,43.69438,0
            4.16831,43.6944,0
            4.16834,43.69441,0
            4.16838,43.69445,0
            4.1684,43.69448,0
            4.16842,43.69452,0
            4.16842,43.69457,0
            4.16845,43.69464,0
            4.16848,43.69468,0
            4.16853,43.69473,0
            4.16858,43.69477,0
            4.16867,43.69482,0
            4.16868,43.69484,0
            4.16869,43.69485,0
            4.16869,43.69486,0
            4.16971,43.69539,0
            4.17235,43.69662,0
            4.17241,43.69664,0
            4.17408,43.69743,0
            4.17409,43.69743,0
            4.17947,43.69994,0
            4.17954,43.69998,0
            4.18281,43.7015,0
            4.18286,43.70153,0
            4.18516,43.70259,0
            4.18626,43.70312,0
            4.18647,43.70321,0
            4.1873,43.7036,0
            4.18802,43.7039,0
            4.18807,43.70393,0
            4.18813,43.70395,0
            4.1892,43.70447,0
            4.18952,43.7046,0
            4.18982,43.70471,0
            4.18986,43.70472,0
            4.19048,43.70494,0
            4.19078,43.70508,0
            4.19088,43.70514,0
            4.19127,43.70541,0
            4.19139,43.70548,0
            4.1915,43.70552,0
            4.19155,43.70552,0
            4.19158,43.70553,0
            4.19174,43.7055,0
            4.19181,43.7055,0
            4.19199,43.70552,0
            4.19206,43.70554,0
            4.19213,43.70557,0
            4.1922,43.70562,0
            4.19225,43.70565,0
            4.19229,43.70569,0
            4.19233,43.70574,0
            4.19238,43.70586,0
            4.19238,43.70592,0
            4.19237,43.70597,0
            4.19233,43.70607,0
            4.19236,43.70616,0
            4.19241,43.70626,0
            4.19249,43.70637,0
            4.19256,43.70641,0
            4.19277,43.70657,0
            4.19292,43.70671,0
            4.19298,43.70678,0
            4.19302,43.70681,0
            4.19424,43.70812,0
            4.19446,43.70837,0
            4.1945,43.70844,0
            4.19686,43.71098,0
            4.19699,43.71111,0
            4.19707,43.71117,0
            4.19785,43.71193,0
            4.19844,43.71258,0
            4.19908,43.71335,0
            4.1991,43.71341,0
            4.20103,43.71549,0
            4.20174,43.71622,0
            4.20317,43.71779,0
            4.20362,43.71826,0
            4.2038,43.71843,0
            4.20411,43.71866,0
            4.20446,43.71888,0
            4.20609,43.71978,0
            4.20611,43.71978,0
            4.21205,43.72305,0
            4.2121,43.72307,0
            4.21217,43.72311,0
            4.21223,43.72313,0
            4.21226,43.72315,0
            4.21241,43.72323,0
            4.2125,43.72329,0
            4.21351,43.72386,0
            4.21375,43.72398,0
            4.21399,43.72412,0
            4.21495,43.72463,0
            4.21496,43.72463,0
            4.21496,43.72464,0
            4.21497,43.72464,0
            4.21498,43.72467,0
            4.21882,43.72677,0
            4.21888,43.72679,0
            4.21892,43.72681,0
            4.21893,43.72682,0
            4.21902,43.72686,0
            4.21982,43.72732,0
            4.21998,43.7274,0
            4.22012,43.72748,0
            4.22044,43.72762,0
            4.22057,43.72766,0
            4.22102,43.72777,0
            4.22099,43.72785,0
            4.22092,43.728,0
            4.22064,43.72852,0
            4.22061,43.72859,0
            4.22044,43.72893,0
            4.22028,43.72921,0
            4.22024,43.72933,0
            4.22017,43.72944,0
            4.22013,43.72952,0
            4.21996,43.72979,0
            4.21993,43.72983,0
            4.21987,43.72997,0
            4.21971,43.7303,0
            4.21943,43.73076,0
            4.21951,43.73084,0
            4.21968,43.73124,0
            4.21969,43.73181,0
            4.21976,43.73259,0
            4.21983,43.73314,0
            4.21982,43.73331,0
            4.21985,43.73448,0
            4.21982,43.73474,0
            4.21982,43.7348,0
            4.21981,43.73485,0
            4.21975,43.73535,0
            4.21973,43.73546,0
            4.21965,43.73566,0
            4.21962,43.73572,0
            4.21953,43.73594,0
            4.21944,43.73611,0
            4.21937,43.73621,0
            4.21911,43.73649,0
            4.21874,43.73686,0
            4.21874,43.73689,0
            4.21875,43.73691,0
            4.21874,43.73693,0
            4.21871,43.73696,0
            4.21868,43.73698,0
            4.21861,43.737,0
            4.21837,43.73725,0
            4.21831,43.73733,0
            4.2182,43.73746,0
            4.21807,43.73764,0
            4.21797,43.73784,0
            4.21786,43.73812,0
            4.21781,43.73828,0
            4.21769,43.73883,0
            4.21769,43.73887,0
            4.21764,43.73909,0
            4.21761,43.73918,0
            4.2176,43.73923,0
            4.2176,43.73925,0
            4.21757,43.73932,0
            4.21751,43.73953,0
            4.2174,43.73984,0
            4.21738,43.73988,0
            4.21725,43.74023,0
            4.21713,43.7405,0
            4.21706,43.7407,0
            4.21705,43.74071,0
            4.21686,43.74118,0
            4.21685,43.74122,0
            4.21697,43.74123,0
            4.21716,43.74074,0
            4.2173,43.74043,0
            4.21754,43.73997,0
            4.21759,43.73986,0
            4.21759,43.73985,0
            4.21767,43.73965,0
            4.21769,43.73962,0
            4.21772,43.73959,0
            4.21779,43.73954,0
            4.2179,43.73954,0
            4.21794,43.73955,0
            4.21798,43.73955,0
            4.21818,43.73962,0
            4.21847,43.73976,0
            4.21854,43.7398,0
            4.21886,43.73995,0
            4.21889,43.73996,0
            4.21893,43.73998,0
            4.21903,43.74,0
            4.21912,43.74,0
            4.21916,43.74025,0
            4.21914,43.74053,0
            4.21912,43.74108,0
            4.21908,43.74158,0
            4.21906,43.74215,0
            4.21915,43.74216,0
            4.21925,43.74216,0
            4.21993,43.7422,0
            4.2202,43.7422,0
            4.22025,43.74219,0
            4.22036,43.74218,0
            4.22072,43.74217,0
            4.22077,43.74216,0
            4.22137,43.74222,0
            4.2215,43.7417,0
            4.22152,43.74165,0
            4.22165,43.74122,0
            4.22179,43.74069,0
            4.22244,43.74084,0
            4.22319,43.74097,0
            4.22434,43.74113,0
            4.22454,43.74117,0
            4.22465,43.7412,0
            4.22473,43.74124,0
            4.22475,43.74126,0
            4.22509,43.74146,0
            4.22517,43.74152,0
            4.22532,43.74162,0
            4.22534,43.74164,0
            4.22539,43.74167,0
            4.22555,43.74175,0
            4.22586,43.74187,0
            4.22592,43.74153,0
            4.22593,43.74151,0
            4.22593,43.7415,0
            4.22597,43.74133,0
            4.22597,43.74119,0
            4.22598,43.74115,0
            4.22599,43.74113,0
            4.22608,43.74077,0
            4.2261,43.74074,0
            4.22613,43.74066,0
            4.22619,43.74056,0
            4.22622,43.74052,0
            4.22626,43.74048,0
            4.2263,43.74043,0
            4.22652,43.74025,0
            4.22667,43.74016,0
            4.22693,43.74003,0
            4.22698,43.74,0
            4.22735,43.73986,0
            4.22776,43.73972,0
            4.22787,43.73969,0
            4.22836,43.7395,0
            4.22837,43.7395,0
            4.22865,43.73938,0
            4.22878,43.73931,0
            4.22885,43.73928,0
            4.2291,43.73913,0
            4.22918,43.73909,0
            4.22976,43.73875,0
            4.22986,43.73868,0
            4.23075,43.73817,0
            4.23087,43.73809,0
            4.23128,43.73786,0
            4.23145,43.73775,0
            4.23165,43.73764,0
            4.23168,43.73762,0
            4.23169,43.73762,0
            4.23184,43.73753,0
            4.23188,43.7375,0
            4.23208,43.73739,0
            4.23213,43.73735,0
            4.23231,43.73724,0
            4.23352,43.73639,0
            4.23369,43.73626,0
            4.23412,43.73596,0
            4.23472,43.73558,0
            4.23478,43.73551,0
            4.23497,43.7354,0
            4.2351,43.73531,0
            4.23528,43.73516,0
            4.23528,43.73515,0
            4.23527,43.73513,0
            4.23527,43.73509,0
            4.23526,43.73507,0
            4.23527,43.73506,0
            4.23527,43.73502,0
            4.23529,43.73498,0
            4.23531,43.73496,0
            4.23532,43.73494,0
            4.23534,43.73493,0
            4.23536,43.73491,0
            4.23539,43.73489,0
            4.2354,43.73489,0
            4.23541,43.73488,0
            4.23543,43.73488,0
            4.23544,43.73487,0
            4.23546,43.73487,0
            4.23547,43.73486,0
            4.23549,43.73486,0
            4.23551,43.73485,0
            4.23557,43.73485,0
            4.23561,43.73484,0
            4.23564,43.73485,0
            4.23568,43.73485,0
            4.23571,43.73486,0
            4.23574,43.73486,0
            4.23577,43.73487,0
            4.23583,43.7349,0
            4.23584,43.73491,0
            4.23586,43.73492,0
            4.23588,43.73494,0
            4.2359,43.73495,0
            4.23591,43.73496,0
            4.23593,43.735,0
            4.23593,43.73501,0
            4.23594,43.73503,0
            4.23594,43.7351,0
            4.23591,43.73518,0
            4.23595,43.73524,0
            4.236,43.73529,0
            4.23606,43.73534,0
            4.23622,43.73545,0
            4.23706,43.73598,0
            4.23802,43.73656,0
            4.23806,43.73658,0
            4.23878,43.73702,0
            4.24074,43.73816,0
            4.24074,43.73817,0
            4.24122,43.73845,0
            4.2413,43.73852,0
            4.24308,43.73957,0
            4.24327,43.73969,0
            4.24565,43.74109,0
            4.24584,43.74121,0
            4.24604,43.74132,0
            4.24719,43.742,0
            4.24814,43.7426,0
            4.25289,43.74634,0
            4.2529,43.74635,0
            4.25303,43.74643,0
            4.25314,43.74651,0
            4.25363,43.74678,0
            4.25403,43.74696,0
            4.25409,43.74698,0
            4.25411,43.74699,0
            4.25454,43.74713,0
            4.25465,43.74714,0
            4.25507,43.74724,0
            4.25513,43.74725,0
            4.25522,43.74725,0
            4.25535,43.74722,0
            4.25543,43.74719,0
            4.25545,43.74717,0
            4.25551,43.74713,0
            4.25555,43.74711,0
            4.25558,43.74709,0
            4.25562,43.74708,0
            4.25566,43.74706,0
            4.2557,43.74706,0
            4.25574,43.74705,0
            4.25586,43.74705,0
            4.25589,43.74706,0
            4.25593,43.74706,0
            4.25597,43.74707,0
            4.256,43.74709,0
            4.25602,43.74709,0
            4.25606,43.74711,0
            4.25607,43.74712,0
            4.25609,43.74713,0
            4.2561,43.74714,0
            4.25612,43.74715,0
            4.25613,43.74716,0
            4.25616,43.74716,0
            4.25626,43.74717,0
            4.25634,43.74717,0
            4.25642,43.74716,0
            4.2565,43.74714,0
            4.25729,43.74688,0
            4.25743,43.74684,0
            4.25753,43.74682,0
            4.25793,43.74671,0
            4.25838,43.74663,0
            4.25851,43.74662,0
            4.25865,43.7466,0
            4.25879,43.74659,0
            4.25918,43.74659,0
            4.25968,43.74661,0
            4.2607,43.7467,0
            4.26154,43.74683,0
            4.26184,43.74689,0
            4.26186,43.74689,0
            4.26208,43.74693,0
            4.2621,43.74694,0
            4.26232,43.74698,0
            4.26287,43.74712,0
            4.26399,43.74746,0
            4.26461,43.74769,0
            4.2652,43.74794,0
            4.26572,43.74819,0
            4.26625,43.74847,0
            4.26669,43.74873,0
            4.2667,43.74874,0
            4.26709,43.74898,0
            4.26852,43.74995,0
            4.26853,43.74996,0
            4.2718,43.75218,0
            4.27187,43.75222,0
            4.27216,43.75242,0
            4.27223,43.75246,0
            4.27845,43.7567,0
            4.27858,43.7568,0
            4.27895,43.75713,0
            4.27925,43.75745,0
            4.2795,43.7578,0
            4.27963,43.75801,0
            4.2798,43.75836,0
            4.27987,43.75853,0
            4.27997,43.75888,0
            4.28001,43.75913,0
            4.28002,43.75915,0
            4.28004,43.75946,0
            4.28004,43.75963,0
            4.28003,43.7598,0
            4.28,43.76003,0
            4.27996,43.76025,0
            4.27989,43.76056,0
            4.27989,43.76059,0
            4.27942,43.76251,0
            4.27942,43.76253,0
            4.27933,43.76286,0
            4.27845,43.76651,0
            4.2784,43.76676,0
            4.27841,43.76685,0
            4.27839,43.76712,0
            4.27841,43.76734,0
            4.27842,43.7674,0
            4.27843,43.76743,0
            4.27846,43.76747,0
            4.2785,43.76751,0
            4.27857,43.76757,0
            4.27861,43.76758,0
            4.27864,43.7676,0
            4.27868,43.76761,0
            4.27871,43.76763,0
            4.27873,43.76765,0
            4.27876,43.76767,0
            4.2788,43.76771,0
            4.27884,43.76777,0
            4.27886,43.76783,0
            4.27886,43.7679,0
            4.27884,43.76796,0
            4.27883,43.76798,0
            4.27881,43.768,0
            4.2788,43.76802,0
            4.27876,43.76806,0
            4.27874,43.76807,0
            4.27872,43.76809,0
            4.2787,43.7681,0
            4.27869,43.76818,0
            4.27869,43.76822,0
            4.27868,43.76826,0
            4.27869,43.76833,0
            4.27876,43.76845,0
            4.27883,43.76855,0
            4.27909,43.76885,0
            4.27912,43.76891,0
            4.28308,43.77252,0
            4.28317,43.77257,0
            4.28345,43.77282,0
            4.28353,43.7729,0
            4.28418,43.77349,0
            4.28437,43.77365,0
            4.28619,43.7753,0
            4.28629,43.7754,0
            4.28873,43.77762,0
            4.28874,43.77762,0
            4.28883,43.7777,0
            4.2889,43.77775,0
            4.28896,43.7778,0
            4.28906,43.77786,0
            4.28922,43.77798,0
            4.29082,43.77902,0
            4.29094,43.77909,0
            4.29156,43.77949,0
            4.29161,43.77953,0
            4.29429,43.78127,0
            4.29441,43.78134,0
            4.2946,43.78147,0
            4.29464,43.78149,0
            4.2956,43.78212,0
            4.29582,43.78225,0
            4.29664,43.78279,0
            4.2967,43.78279,0
            4.29671,43.7828,0
            4.29719,43.78302,0
            4.29795,43.78324,0
            4.29831,43.78332,0
            4.2984,43.78333,0
            4.29856,43.78333,0
            4.29858,43.78332,0
            4.29859,43.78331,0
            4.2986,43.78331,0
            4.29862,43.7833,0
            4.29866,43.7833,0
            4.29867,43.78329,0
            4.29872,43.78329,0
            4.29874,43.7833,0
            4.29877,43.7833,0
            4.29878,43.78331,0
            4.29879,43.78331,0
            4.29881,43.78332,0
            4.29882,43.78332,0
            4.29884,43.78334,0
            4.29886,43.78335,0
            4.29887,43.78335,0
            4.29887,43.78336,0
            4.29888,43.78336,0
            4.29888,43.78337,0
            4.29889,43.78338,0
            4.29889,43.78339,0
            4.29904,43.7834,0
            4.2991,43.7834,0
            4.29917,43.78339,0
            4.29945,43.78337,0
            4.29984,43.78331,0
            4.30066,43.78311,0
            4.30068,43.78311,0
            4.30069,43.7831,0
            4.30071,43.7831,0
            4.30072,43.78311,0
            4.30074,43.78311,0
            4.3036,43.7824,0
            4.30481,43.78213,0
            4.30546,43.78201,0
            4.30602,43.78193,0
            4.30639,43.78189,0
            4.30717,43.78185,0
            4.30745,43.78185,0
            4.30767,43.78186,0
            4.30769,43.78187,0
            4.30786,43.78188,0
            4.30824,43.78192,0
            4.30877,43.782,0
            4.30896,43.78204,0
            4.30951,43.78218,0
            4.31004,43.78236,0
            4.31047,43.78254,0
            4.31111,43.78286,0
            4.31158,43.78314,0
            4.31184,43.78332,0
            4.312,43.78342,0
            4.31255,43.78382,0
            4.3132,43.78435,0
            4.31332,43.78446,0
            4.31642,43.78707,0
            4.31725,43.78781,0
            4.3178,43.7884,0
            4.3179,43.78853,0
            4.31802,43.78866,0
            4.31835,43.78912,0
            4.31861,43.78956,0
            4.31885,43.79005,0
            4.31904,43.79056,0
            4.3191,43.79076,0
            4.31919,43.79116,0
            4.31919,43.79122,0
            4.31921,43.79133,0
            4.31924,43.79166,0
            4.31926,43.79206,0
            4.3192,43.79278,0
            4.31918,43.79291,0
            4.31917,43.79291,0
            4.3191,43.79323,0
            4.31897,43.79366,0
            4.31883,43.79403,0
            4.31855,43.79465,0
            4.31853,43.79471,0
            4.31844,43.7949,0
            4.31836,43.79504,0
            4.31826,43.79526,0
            4.31805,43.79565,0
            4.31784,43.79608,0
            4.31774,43.79632,0
            4.31774,43.79639,0
            4.31773,43.79641,0
            4.31758,43.79692,0
            4.31747,43.79739,0
            4.31743,43.7977,0
            4.31741,43.79797,0
            4.3174,43.79881,0
            4.31742,43.79917,0
            4.31745,43.79948,0
            4.31746,43.79953,0
            4.31747,43.79955,0
            4.31748,43.79958,0
            4.31752,43.79964,0
            4.31761,43.79975,0
            4.31769,43.79979,0
            4.31778,43.79985,0
            4.3178,43.79988,0
            4.31782,43.7999,0
            4.31784,43.79993,0
            4.31784,43.79995,0
            4.31785,43.79997,0
            4.31785,43.79998,0
            4.31786,43.8,0
            4.31786,43.80003,0
            4.31787,43.80007,0
            4.31787,43.80008,0
            4.31786,43.80009,0
            4.31786,43.80012,0
            4.31785,43.80013,0
            4.31785,43.80014,0
            4.31783,43.80016,0
            4.31783,43.80026,0
            4.31782,43.80033,0
            4.31782,43.80043,0
            4.31783,43.80048,0
            4.31787,43.8006,0
            4.3179,43.80066,0
            4.31794,43.80076,0
            4.31808,43.80101,0
            4.3182,43.8012,0
            4.31828,43.80131,0
            4.31837,43.80141,0
            4.31845,43.80151,0
            4.32043,43.8035,0
            4.32058,43.80364,0
            4.32144,43.80451,0
            4.32222,43.80527,0
            4.32241,43.80544,0
            4.32273,43.8057,0
            4.32378,43.80646,0
            4.32387,43.80654,0
            4.32451,43.80698,0
            4.32478,43.80719,0
            4.32523,43.8075,0
            4.32528,43.80754,0
            4.32609,43.80811,0
            4.32618,43.80818,0
            4.32625,43.80822,0
            4.32625,43.80823,0
            4.32633,43.80834,0
            4.32853,43.80988,0
            4.32869,43.81,0
            4.32871,43.81002,0
            4.32949,43.81059,0
            4.3296,43.81062,0
            4.32967,43.81066,0
            4.33078,43.81147,0
            4.33097,43.81162,0
            4.33134,43.81188,0
            4.33135,43.8119,0
            4.33185,43.81227,0
            4.33193,43.81236,0
            4.33291,43.81306,0
            4.33305,43.81311,0
            4.33347,43.81342,0
            4.33363,43.81352,0
            4.33401,43.81378,0
            4.33417,43.81388,0
            4.33425,43.81391,0
            4.33433,43.81393,0
            4.33439,43.81394,0
            4.33447,43.81394,0
            4.33459,43.81388,0
            4.33464,43.81386,0
            4.3347,43.81385,0
            4.33488,43.81385,0
            4.33496,43.81387,0
            4.33506,43.81391,0
            4.33512,43.81397,0
            4.33536,43.81415,0
            4.3356,43.81429,0
            4.33586,43.8144,0
            4.33592,43.81443,0
            4.3361,43.8145,0
            4.33654,43.81462,0
            4.33889,43.81512,0
            4.339,43.81515,0
            4.33955,43.81522,0
            4.33957,43.81522,0
            4.34003,43.81529,0
            4.34024,43.81531,0
            4.34051,43.81531,0
            4.34057,43.81526,0
            4.34059,43.81525,0
            4.3407,43.81521,0
            4.34081,43.81519,0
            4.34097,43.81518,0
            4.34106,43.81519,0
            4.34113,43.81521,0
            4.34122,43.81525,0
            4.34137,43.81535,0
            4.3414,43.81541,0
            4.34144,43.81545,0
            4.34146,43.81556,0
            4.34158,43.81571,0
            4.34163,43.81576,0
            4.34167,43.81579,0
            4.34172,43.81582,0
            4.34182,43.81587,0
            4.34414,43.81655,0
            4.34415,43.81656,0
            4.34475,43.81675,0
            4.34682,43.81747,0
            4.34728,43.8176,0
            4.34733,43.81758,0
            4.34742,43.81756,0
            4.34755,43.81756,0
            4.3477,43.8176,0
            4.34773,43.81762,0
            4.34775,43.81763,0
            4.34776,43.81764,0
            4.34778,43.81765,0
            4.34783,43.8177,0
            4.34783,43.81772,0
            4.34785,43.81774,0
            4.34785,43.81777,0
            4.34797,43.81783,0
            4.34816,43.81795,0
            4.34831,43.81803,0
            4.34876,43.8182,0
            4.3489,43.81824,0
            4.34916,43.81833,0
            4.3493,43.81836,0
            4.3493,43.81837,0
            4.3494,43.81839,0
            4.34954,43.81844,0
            4.35059,43.81872,0
            4.35103,43.81882,0
            4.3511,43.81884,0
            4.35121,43.81886,0
            4.35131,43.8189,0
            4.35189,43.81901,0
            4.35206,43.81903,0
            4.35226,43.81904,0
            4.35228,43.81902,0
            4.35229,43.81902,0
            4.35231,43.81901,0
            4.35232,43.81901,0
            4.35233,43.819,0
            4.35234,43.819,0
            4.35236,43.81899,0
            4.35238,43.81899,0
            4.35241,43.81898,0
            4.35249,43.81898,0
            4.35251,43.81899,0
            4.35254,43.81899,0
            4.35256,43.819,0
            4.35258,43.819,0
            4.35261,43.81901,0
            4.35269,43.81907,0
            4.35274,43.81912,0
            4.35282,43.81916,0
            4.3529,43.81918,0
            4.35294,43.8192,0
            4.35299,43.81921,0
            4.35385,43.81932,0
            4.35403,43.81935,0
            4.35436,43.81939,0
            4.35453,43.81942,0
            4.35458,43.81942,0
            4.3547,43.81944,0
            4.35505,43.81948,0
            4.35642,43.81968,0
            4.35731,43.81983,0
            4.35756,43.81983,0
            4.35775,43.8198,0
            4.35784,43.81975,0
            4.35788,43.81974,0
            4.35793,43.81972,0
            4.35803,43.8197,0
            4.35813,43.8197,0
            4.35819,43.81971,0
            4.35835,43.81977,0
            4.35837,43.81978,0
            4.35845,43.81984,0
            4.35851,43.8199,0
            4.35852,43.81993,0
            4.35853,43.81995,0
            4.35854,43.81995,0
            4.35854,43.81998,0
            4.35866,43.82006,0
            4.35869,43.82009,0
            4.35871,43.8201,0
            4.35875,43.82011,0
            4.35878,43.82013,0
            4.35897,43.82018,0
            4.36024,43.82046,0
            4.36198,43.82088,0
            4.36266,43.82109,0
            4.3648,43.82183,0
            4.36483,43.82182,0
            4.36485,43.82181,0
            4.36486,43.8218,0
            4.36488,43.8218,0
            4.3649,43.82179,0
            4.36495,43.82179,0
            4.36498,43.82178,0
            4.365,43.82178,0
            4.36503,43.82179,0
            4.36506,43.82179,0
            4.36512,43.82181,0
            4.36514,43.82182,0
            4.36517,43.82183,0
            4.36519,43.82185,0
            4.36522,43.82186,0
            4.36524,43.82189,0
            4.36527,43.82192,0
            4.36528,43.82194,0
            4.36528,43.82196,0
            4.36529,43.82198,0
            4.36529,43.82203,0
            4.36552,43.82217,0
            4.36553,43.82217,0
            4.3656,43.82221,0
            4.36587,43.82231,0
            4.36602,43.82238,0
            4.36666,43.82264,0
            4.36669,43.82266,0
            4.36743,43.82301,0
            4.36768,43.82315,0
            4.3678,43.8232,0
            4.369,43.82382,0
            4.36923,43.82393,0
            4.36926,43.82395,0
            4.36931,43.82397,0
            4.36954,43.82403,0
            4.36967,43.82402,0
            4.36981,43.82407,0
            4.3699,43.82414,0
            4.36993,43.82417,0
            4.36996,43.82426,0
            4.36997,43.82431,0
            4.3702,43.82451,0
            4.37031,43.82459,0
            4.37032,43.8246,0
            4.3709,43.82498,0
            4.37093,43.82523,0
            4.37096,43.82531,0
            4.37102,43.82539,0
            4.37109,43.82546,0
            4.3712,43.82555,0
            4.37133,43.82564,0
            4.37142,43.82569,0
            4.3715,43.82572,0
            4.37161,43.82575,0
            4.37207,43.82581,0
            4.37222,43.82581,0
            4.37419,43.82696,0
            4.37444,43.82709,0
            4.37472,43.82722,0
            4.37473,43.82722,0
            4.37475,43.82721,0
            4.37485,43.82721,0
            4.37487,43.82722,0
            4.3749,43.82722,0
            4.37494,43.82724,0
            4.37495,43.82725,0
            4.37497,43.82725,0
            4.37498,43.82727,0
            4.375,43.82728,0
            4.37503,43.82731,0
            4.37504,43.82733,0
            4.37505,43.82734,0
            4.37505,43.82736,0
            4.37504,43.82736,0
            4.37504,43.82741,0
            4.37503,43.82742,0
            4.37503,43.82744,0
            4.37502,43.82745,0
            4.37502,43.82746,0
            4.375,43.82748,0
            4.375,43.82749,0
            4.37499,43.82749,0
            4.37497,43.82751,0
            4.37496,43.82751,0
            4.37492,43.82753,0
            4.3749,43.82753,0
            4.37486,43.82755,0
            4.37472,43.82755,0
            4.3747,43.82754,0
            4.37435,43.82765,0
            4.3743,43.82769,0
            4.37376,43.82801,0
            4.37368,43.82805,0
            4.37273,43.82861,0
            4.37251,43.82875,0
            4.37241,43.8288,0
            4.37206,43.82902,0
            4.37153,43.82932,0
            4.36992,43.83029,0
            4.36947,43.83054,0
            4.36939,43.8306,0
            4.36927,43.83067,0
            4.36909,43.83089,0
            4.36902,43.83107,0
            4.36841,43.83223,0
            4.36835,43.83232,0
            4.36831,43.83236,0
            4.36827,43.83242,0
            4.36826,43.83245,0
            4.36807,43.83287,0
            4.36794,43.83313,0
            4.36791,43.83317,0
            4.36784,43.83323,0
            4.36783,43.83332,0
            4.36781,43.83335,0
            4.3678,43.83338,0
            4.36777,43.83342,0
            4.36773,43.83345,0
            4.36769,43.83349,0
            4.36763,43.83353,0
            4.36753,43.83358,0
            4.36743,43.83368,0
            4.3673,43.83377,0
            4.36717,43.83368,0
            4.36669,43.83325,0
            4.36663,43.83319,0
            4.36645,43.83303,0
            4.36622,43.83286,0
            4.36616,43.83283,0
          </coordinates>
        </LineString>
      </Placemark>
      <Placemark>
        <name>Collioure</name>
        <styleUrl>#icon-1899-DB4436-nodesc</styleUrl>
        <Point>
          <coordinates>
            3.0782828,42.5270419,0
          </coordinates>
        </Point>
      </Placemark>
      <Placemark>
        <name>Perpignan</name>
        <styleUrl>#icon-1899-DB4436-nodesc</styleUrl>
        <Point>
          <coordinates>
            2.8800837,42.6961827,0
          </coordinates>
        </Point>
      </Placemark>
      <Placemark>
        <name>Narbonne train station</name>
        <styleUrl>#icon-1899-DB4436-nodesc</styleUrl>
        <Point>
          <coordinates>
            3.0035361,43.1882485,0
          </coordinates>
        </Point>
      </Placemark>
      <Placemark>
        <name>Gare de Port-la-Nouvelle train station</name>
        <styleUrl>#icon-1899-DB4436-nodesc</styleUrl>
        <Point>
          <coordinates>
            3.0392323,43.0199287,0
          </coordinates>
        </Point>
      </Placemark>
      <Placemark>
        <name>Gare de Frontignan, Boulevard de la République, Frontignan, France</name>
        <styleUrl>#icon-1899-DB4436-nodesc</styleUrl>
        <Point>
          <coordinates>
            3.7585649,43.4449543,0
          </coordinates>
        </Point>
      </Placemark>
      <Placemark>
        <name>Gare de Montpellier Saint Roch, Montpellier, France</name>
        <styleUrl>#icon-1899-DB4436-nodesc</styleUrl>
        <Point>
          <coordinates>
            3.8793775,43.6035137,0
          </coordinates>
        </Point>
      </Placemark>
      <Placemark>
        <name>Gare de Baillargues, Baillargues, France</name>
        <styleUrl>#icon-1899-DB4436-nodesc</styleUrl>
        <Point>
          <coordinates>
            4.0081796,43.6534341,0
          </coordinates>
        </Point>
      </Placemark>
      <Placemark>
        <name>Lunel Station, Rue de Verdun, Lunel, France</name>
        <styleUrl>#icon-1899-DB4436-nodesc</styleUrl>
        <Point>
          <coordinates>
            4.131112,43.6791822,0
          </coordinates>
        </Point>
      </Placemark>
      <Placemark>
        <name>Gare de Vergèze-Codognan, Rue de la Gare, Vergèze, France</name>
        <styleUrl>#icon-1899-DB4436-nodesc</styleUrl>
        <Point>
          <coordinates>
            4.2188175,43.7399285,0
          </coordinates>
        </Point>
      </Placemark>
      <Placemark>
        <name>Gare de Nîmes, Nîmes, France</name>
        <styleUrl>#icon-1899-DB4436-nodesc</styleUrl>
        <Point>
          <coordinates>
            4.3661621,43.8328261,0
          </coordinates>
        </Point>
      </Placemark>
    </Folder>
    <Folder>
      <name>Saturday, May 9 AM (TER 876532/TER 880118 - 7:13 AM)</name>
      <Placemark>
        <name>Saturday, May 9 AM (TER 876532/TER 880118 - 7:13 AM)</name>
        <styleUrl>#line-1267FF-5000-nodesc</styleUrl>
        <LineString>
          <tessellate>1</tessellate>
          <coordinates>
            4.36616,43.83283,0
            4.36612,43.83282,0
            4.36606,43.83285,0
            4.36525,43.83335,0
            4.36509,43.83346,0
            4.36415,43.83404,0
            4.36346,43.8345,0
            4.36338,43.83457,0
            4.36336,43.83461,0
            4.36336,43.83473,0
            4.36334,43.83499,0
            4.36561,43.8358,0
            4.36587,43.83588,0
            4.36594,43.83591,0
            4.36736,43.83641,0
            4.36797,43.83664,0
            4.36826,43.83673,0
            4.36831,43.83673,0
            4.36899,43.83691,0
            4.36967,43.83712,0
            4.37053,43.837,0
            4.37129,43.83692,0
            4.37159,43.83722,0
            4.372,43.83768,0
            4.3723,43.83804,0
            4.37253,43.83835,0
            4.3726,43.83846,0
            4.37273,43.83845,0
            4.37277,43.83844,0
            4.37543,43.83811,0
            4.37916,43.83791,0
            4.38041,43.83776,0
            4.38047,43.83776,0
            4.38063,43.83774,0
            4.38078,43.83771,0
            4.38511,43.83719,0
            4.38611,43.83709,0
            4.38632,43.83708,0
            4.38712,43.837,0
            4.38744,43.83694,0
            4.38777,43.83685,0
            4.38784,43.83682,0
            4.38795,43.83674,0
            4.38798,43.83671,0
            4.38807,43.83665,0
            4.38819,43.83662,0
            4.38831,43.83662,0
            4.38842,43.83665,0
            4.38851,43.83671,0
            4.38853,43.83672,0
            4.38873,43.83678,0
            4.38881,43.83679,0
            4.38893,43.83679,0
            4.39049,43.83664,0
            4.3907,43.83663,0
            4.39387,43.83633,0
            4.39398,43.83631,0
            4.39413,43.83624,0
            4.39418,43.8362,0
            4.39425,43.83616,0
            4.39429,43.83615,0
            4.39432,43.83615,0
            4.39436,43.83614,0
            4.3944,43.83614,0
            4.39445,43.83615,0
            4.39449,43.83615,0
            4.39453,43.83617,0
            4.39456,43.83618,0
            4.3946,43.83621,0
            4.3947,43.83623,0
            4.39482,43.83623,0
            4.39614,43.83612,0
            4.40322,43.83542,0
            4.40331,43.83542,0
            4.4044,43.83534,0
            4.40446,43.83533,0
            4.40562,43.83526,0
            4.4087,43.83496,0
            4.40888,43.83495,0
            4.40948,43.83489,0
            4.41223,43.83452,0
            4.41247,43.83448,0
            4.41455,43.83421,0
            4.41676,43.83398,0
            4.41697,43.83394,0
            4.41705,43.8339,0
            4.41707,43.83388,0
            4.41708,43.83386,0
            4.4171,43.83384,0
            4.41713,43.83382,0
            4.41715,43.8338,0
            4.41718,43.83378,0
            4.41728,43.83375,0
            4.41742,43.83375,0
            4.41753,43.83378,0
            4.41754,43.83378,0
            4.41756,43.83379,0
            4.41757,43.8338,0
            4.41758,43.8338,0
            4.41761,43.83383,0
            4.41762,43.83383,0
            4.41773,43.83385,0
            4.41794,43.83385,0
            4.41816,43.83383,0
            4.41823,43.83383,0
            4.41879,43.83377,0
            4.41886,43.83377,0
            4.42169,43.83348,0
            4.42305,43.83331,0
            4.42361,43.83326,0
            4.42541,43.83316,0
            4.42569,43.8331,0
            4.42582,43.83304,0
            4.42583,43.83303,0
            4.42584,43.83301,0
            4.42584,43.833,0
            4.42585,43.83298,0
            4.42586,43.83297,0
            4.42588,43.83296,0
            4.42589,43.83294,0
            4.4259,43.83293,0
            4.42593,43.83291,0
            4.42596,43.83288,0
            4.42605,43.83282,0
            4.42609,43.83281,0
            4.42613,43.83279,0
            4.42616,43.83278,0
            4.42618,43.83278,0
            4.4262,43.83277,0
            4.42625,43.83277,0
            4.42627,43.83276,0
            4.42637,43.83276,0
            4.42641,43.83277,0
            4.42644,43.83277,0
            4.42648,43.83278,0
            4.42651,43.83278,0
            4.42658,43.8328,0
            4.42661,43.83282,0
            4.42664,43.83283,0
            4.42673,43.83289,0
            4.42675,43.83291,0
            4.42678,43.83293,0
            4.4268,43.83296,0
            4.4269,43.833,0
            4.42697,43.83302,0
            4.42707,43.83303,0
            4.42727,43.83303,0
            4.42751,43.833,0
            4.42869,43.8329,0
            4.43268,43.83249,0
            4.43285,43.83248,0
            4.43328,43.83243,0
            4.43345,43.83242,0
            4.43905,43.83186,0
            4.44001,43.8318,0
            4.44021,43.83177,0
            4.44025,43.83175,0
            4.44029,43.83172,0
            4.4403,43.83171,0
            4.4403,43.8317,0
            4.44031,43.83168,0
            4.44035,43.83164,0
            4.44036,43.83162,0
            4.44038,43.8316,0
            4.44041,43.83158,0
            4.44043,43.83156,0
            4.44046,43.83154,0
            4.4406,43.8315,0
            4.44066,43.83149,0
            4.44078,43.83149,0
            4.44083,43.8315,0
            4.44094,43.83154,0
            4.44098,43.83156,0
            4.44105,43.83162,0
            4.44121,43.83163,0
            4.44178,43.83159,0
            4.44192,43.83157,0
            4.44799,43.83097,0
            4.44981,43.83067,0
            4.45307,43.83033,0
            4.45432,43.83029,0
            4.45549,43.83021,0
            4.46498,43.82923,0
            4.46536,43.82917,0
            4.46559,43.82911,0
            4.46575,43.82906,0
            4.46586,43.82901,0
            4.46594,43.82896,0
            4.46605,43.82884,0
            4.46607,43.82881,0
            4.46614,43.82874,0
            4.46619,43.82871,0
            4.46631,43.82866,0
            4.46644,43.82864,0
            4.46651,43.82864,0
            4.46656,43.82866,0
            4.46666,43.82868,0
            4.46671,43.82871,0
            4.46674,43.82872,0
            4.46676,43.82875,0
            4.4668,43.82879,0
            4.46683,43.82884,0
            4.46704,43.82895,0
            4.46722,43.82899,0
            4.46733,43.82899,0
            4.46771,43.82895,0
            4.46777,43.82895,0
            4.46806,43.82892,0
            4.46831,43.82891,0
            4.4684,43.8289,0
            4.46859,43.8289,0
            4.46889,43.82892,0
            4.46906,43.82894,0
            4.46969,43.8291,0
            4.47013,43.82924,0
            4.47056,43.82934,0
            4.47309,43.82981,0
            4.47403,43.82995,0
            4.47434,43.82998,0
            4.47503,43.83001,0
            4.47559,43.82998,0
            4.47607,43.82992,0
            4.47647,43.82985,0
            4.47691,43.82974,0
            4.47746,43.82954,0
            4.47809,43.82925,0
            4.47829,43.82914,0
            4.47889,43.82873,0
            4.47929,43.82834,0
            4.47945,43.82816,0
            4.47945,43.82815,0
            4.47952,43.82808,0
            4.47957,43.82801,0
            4.47957,43.828,0
            4.47964,43.82783,0
            4.47959,43.82778,0
            4.47958,43.82774,0
            4.47956,43.8277,0
            4.47956,43.82762,0
            4.47957,43.82758,0
            4.47959,43.82755,0
            4.4796,43.82754,0
            4.4796,43.82753,0
            4.47961,43.82752,0
            4.47961,43.82751,0
            4.47963,43.82749,0
            4.47964,43.82749,0
            4.47964,43.82748,0
            4.47968,43.82745,0
            4.47973,43.82742,0
            4.47977,43.82739,0
            4.47983,43.82738,0
            4.47988,43.82736,0
            4.47994,43.82735,0
            4.48005,43.82735,0
            4.48018,43.82738,0
            4.48026,43.82742,0
            4.48032,43.82746,0
            4.48035,43.82749,0
            4.48052,43.82756,0
            4.48061,43.82758,0
            4.48075,43.82759,0
            4.48116,43.82759,0
            4.48413,43.8273,0
            4.48418,43.8273,0
            4.48463,43.82726,0
            4.48466,43.82726,0
            4.48469,43.82725,0
            4.48562,43.82717,0
            4.48568,43.82716,0
            4.48572,43.82716,0
            4.49236,43.82649,0
            4.49368,43.82639,0
            4.49477,43.82627,0
            4.4953,43.82617,0
            4.49539,43.82613,0
            4.49554,43.82604,0
            4.49555,43.82603,0
            4.49555,43.82601,0
            4.49556,43.82599,0
            4.49556,43.82598,0
            4.49558,43.82596,0
            4.49559,43.82596,0
            4.49555,43.82573,0
            4.49545,43.82542,0
            4.49536,43.82522,0
            4.49536,43.82521,0
            4.49501,43.8246,0
            4.49484,43.82434,0
            4.49477,43.82422,0
            4.49472,43.82415,0
            4.49457,43.82389,0
            4.49455,43.82387,0
            4.49453,43.82382,0
            4.49448,43.82374,0
            4.49447,43.82373,0
            4.49421,43.82332,0
            4.49415,43.82324,0
            4.49406,43.82308,0
            4.49401,43.82302,0
            4.4939,43.82281,0
            4.49379,43.82263,0
            4.49362,43.82238,0
            4.49324,43.82176,0
            4.49303,43.82145,0
            4.49273,43.82106,0
            4.49238,43.82068,0
            4.49228,43.82066,0
            4.49221,43.82062,0
            4.4921,43.82057,0
            4.49201,43.82052,0
            4.49195,43.82054,0
            4.49181,43.82054,0
            4.49174,43.82052,0
            4.49167,43.82048,0
            4.49162,43.82044,0
            4.49159,43.82038,0
            4.49158,43.82035,0
            4.49158,43.82033,0
            4.49159,43.82028,0
            4.49158,43.82027,0
            4.49156,43.82022,0
            4.49144,43.82007,0
            4.49126,43.81989,0
            4.49067,43.81938,0
            4.4902,43.81882,0
            4.49016,43.81878,0
            4.49002,43.81861,0
            4.48948,43.81805,0
            4.48894,43.81744,0
            4.48932,43.81728,0
            4.48942,43.81722,0
            4.48956,43.81717,0
            4.48957,43.81717,0
            4.48957,43.81716,0
            4.48961,43.81715,0
            4.48964,43.81715,0
            4.48979,43.81712,0
            4.49276,43.81708,0
            4.49283,43.81707,0
            4.49544,43.81703,0
            4.4958,43.81704,0
            4.49599,43.81703,0
            4.49607,43.81702,0
            4.49617,43.817,0
            4.49749,43.8166,0
            4.49759,43.81658,0
            4.49781,43.81658,0
            4.50059,43.81697,0
            4.50338,43.81693,0
            4.50356,43.8169,0
            4.50357,43.8169,0
            4.50357,43.81688,0
            4.50358,43.81688,0
            4.50358,43.81687,0
            4.50359,43.81687,0
            4.50361,43.81685,0
            4.50362,43.81685,0
            4.50362,43.81684,0
            4.50364,43.81684,0
            4.50365,43.81683,0
            4.50368,43.81683,0
            4.50369,43.81682,0
            4.50376,43.81682,0
            4.50377,43.81683,0
            4.50379,43.81683,0
            4.5038,43.81684,0
            4.50382,43.81684,0
            4.50383,43.81685,0
            4.50384,43.81685,0
            4.50386,43.81687,0
            4.50387,43.81687,0
            4.50387,43.81688,0
            4.50388,43.81689,0
            4.50389,43.81689,0
            4.50389,43.8169,0
            4.5039,43.81691,0
            4.50446,43.8169,0
            4.50509,43.81693,0
            4.50523,43.8169,0
            4.50572,43.81683,0
            4.50587,43.81689,0
            4.50625,43.81668,0
            4.5063,43.81663,0
            4.50633,43.81659,0
            4.50633,43.81654,0
            4.50631,43.81649,0
            4.50612,43.81633,0
            4.50594,43.81621,0
            4.50567,43.81606,0
            4.50539,43.81585,0
            4.50496,43.81557,0
            4.50492,43.81556,0
            4.50488,43.81554,0
            4.50415,43.8155,0
            4.50382,43.81552,0
            4.50377,43.81553,0
            4.50375,43.81553,0
            4.5037,43.81555,0
            4.50367,43.81558,0
            4.50366,43.81562,0
            4.50366,43.81583,0
            4.50371,43.81629,0
            4.50369,43.81673,0
            4.50377,43.81683,0
            4.50379,43.81683,0
            4.5038,43.81684,0
            4.50382,43.81684,0
            4.50383,43.81685,0
            4.50384,43.81685,0
            4.50386,43.81687,0
            4.50387,43.81687,0
            4.50387,43.81688,0
            4.50388,43.81689,0
            4.50389,43.81689,0
            4.50389,43.8169,0
            4.5039,43.81691,0
            4.5039,43.81696,0
            4.50389,43.81696,0
            4.50389,43.81698,0
            4.50388,43.81699,0
            4.50388,43.817,0
            4.50387,43.817,0
            4.50387,43.81701,0
            4.50386,43.81701,0
            4.50386,43.81702,0
            4.50385,43.81702,0
            4.50383,43.81704,0
            4.50382,43.81704,0
            4.50381,43.81705,0
            4.50378,43.81705,0
            4.50377,43.81706,0
            4.50365,43.81706,0
            4.50364,43.81705,0
            4.50362,43.81705,0
            4.5036,43.81703,0
            4.50359,43.81703,0
            4.50358,43.81702,0
            4.50358,43.81701,0
            4.50357,43.81701,0
            4.50357,43.817,0
            4.50356,43.81699,0
            4.50356,43.81698,0
            4.50355,43.81697,0
            4.50355,43.81696,0
            4.50338,43.81693,0
            4.50059,43.81697,0
            4.49781,43.81658,0
            4.49759,43.81658,0
            4.49749,43.8166,0
            4.49617,43.817,0
            4.49607,43.81702,0
            4.49599,43.81703,0
            4.4958,43.81704,0
            4.49544,43.81703,0
            4.49283,43.81707,0
            4.49276,43.81708,0
            4.48979,43.81712,0
            4.48964,43.81715,0
            4.48961,43.81715,0
            4.48957,43.81716,0
            4.48957,43.81717,0
            4.48956,43.81717,0
            4.48942,43.81722,0
            4.48932,43.81728,0
            4.48894,43.81744,0
            4.48948,43.81805,0
            4.49002,43.81861,0
            4.49016,43.81878,0
            4.4902,43.81882,0
            4.49067,43.81938,0
            4.49121,43.81985,0
            4.49153,43.82002,0
            4.49164,43.82006,0
            4.4918,43.82009,0
            4.49185,43.82008,0
            4.49199,43.8201,0
            4.49206,43.82012,0
            4.49211,43.82014,0
            4.49212,43.82016,0
            4.49216,43.8202,0
            4.49218,43.82026,0
            4.49218,43.82032,0
            4.49217,43.82036,0
            4.49226,43.82052,0
            4.49232,43.82059,0
            4.49238,43.82068,0
            4.49273,43.82106,0
            4.49303,43.82145,0
            4.49324,43.82176,0
            4.49362,43.82238,0
            4.49379,43.82263,0
            4.4939,43.82281,0
            4.49401,43.82302,0
            4.49406,43.82308,0
            4.49415,43.82324,0
            4.49421,43.82332,0
            4.49447,43.82373,0
            4.49448,43.82374,0
            4.49453,43.82382,0
            4.49455,43.82387,0
            4.49457,43.82389,0
            4.49472,43.82415,0
            4.49477,43.82422,0
            4.49484,43.82434,0
            4.49501,43.8246,0
            4.49536,43.82521,0
            4.49536,43.82522,0
            4.49545,43.82542,0
            4.49553,43.82551,0
            4.49559,43.82559,0
            4.49564,43.82569,0
            4.49568,43.82573,0
            4.49574,43.82577,0
            4.4958,43.82579,0
            4.49585,43.82583,0
            4.49594,43.82583,0
            4.49596,43.82584,0
            4.49599,43.82584,0
            4.49601,43.82585,0
            4.49603,43.82585,0
            4.49607,43.82587,0
            4.49608,43.82587,0
            4.4961,43.82588,0
            4.49612,43.8259,0
            4.49613,43.8259,0
            4.49615,43.82592,0
            4.49631,43.82595,0
            4.4964,43.82598,0
            4.49653,43.826,0
            4.4969,43.82603,0
            4.49803,43.82597,0
            4.49941,43.82586,0
            4.49997,43.82584,0
            4.50033,43.82586,0
            4.50048,43.82588,0
            4.50094,43.82597,0
            4.50193,43.82631,0
            4.50245,43.82651,0
            4.50325,43.82678,0
            4.50351,43.82685,0
            4.50352,43.82685,0
            4.5036,43.82687,0
            4.50397,43.82693,0
            4.50418,43.82695,0
            4.50513,43.82699,0
            4.50524,43.827,0
            4.51352,43.82715,0
            4.51802,43.82718,0
            4.5218,43.82713,0
            4.52197,43.82712,0
            4.52243,43.82712,0
            4.52254,43.82711,0
            4.52688,43.82707,0
            4.52713,43.82708,0
            4.52862,43.82708,0
            4.52887,43.82709,0
            4.53484,43.82708,0
            4.53529,43.82713,0
            4.53852,43.82765,0
            4.53854,43.82766,0
            4.54049,43.82797,0
            4.54073,43.82802,0
            4.54693,43.829,0
            4.54749,43.829,0
            4.5475,43.82899,0
            4.5475,43.82898,0
            4.54753,43.82895,0
            4.54753,43.82894,0
            4.54754,43.82894,0
            4.54756,43.82893,0
            4.54757,43.82892,0
            4.54758,43.82892,0
            4.54759,43.82891,0
            4.54761,43.82891,0
            4.54762,43.8289,0
            4.54772,43.8289,0
            4.54774,43.82891,0
            4.54776,43.82891,0
            4.54777,43.82892,0
            4.54779,43.82892,0
            4.5478,43.82893,0
            4.54781,43.82893,0
            4.54783,43.82895,0
            4.54783,43.82896,0
            4.54784,43.82896,0
            4.54785,43.82897,0
            4.54785,43.82898,0
            4.54786,43.82898,0
            4.54786,43.82899,0
            4.54787,43.829,0
            4.54787,43.82907,0
            4.54822,43.82921,0
            4.5494,43.82943,0
            4.54969,43.8295,0
            4.5504,43.82963,0
            4.55117,43.8298,0
            4.55181,43.82997,0
            4.55236,43.83014,0
            4.55262,43.83021,0
            4.55359,43.8304,0
            4.55392,43.83048,0
            4.55417,43.83053,0
            4.55446,43.8306,0
            4.55479,43.83063,0
            4.55655,43.83061,0
            4.55984,43.83066,0
            4.55994,43.83067,0
            4.5609,43.83064,0
            4.56515,43.83025,0
            4.5655,43.83023,0
            4.56564,43.83023,0
            4.5657,43.83024,0
            4.56577,43.83024,0
            4.56594,43.83026,0
            4.56887,43.83072,0
            4.56952,43.83084,0
            4.56953,43.83084,0
            4.56989,43.83094,0
            4.57002,43.83096,0
            4.57021,43.83096,0
            4.57029,43.83095,0
            4.57033,43.83094,0
            4.57034,43.83093,0
            4.57034,43.83092,0
            4.57035,43.83092,0
            4.57035,43.83091,0
            4.57037,43.83089,0
            4.57037,43.83088,0
            4.57038,43.83088,0
            4.57039,43.83087,0
            4.5704,43.83087,0
            4.57041,43.83086,0
            4.57042,43.83086,0
            4.57044,43.83085,0
            4.57045,43.83085,0
            4.57046,43.83084,0
            4.57051,43.83083,0
            4.57053,43.83083,0
            4.57056,43.83082,0
            4.57062,43.83082,0
            4.57065,43.83083,0
            4.57068,43.83083,0
            4.57071,43.83084,0
            4.57073,43.83085,0
            4.57076,43.83086,0
            4.57078,43.83088,0
            4.5708,43.83089,0
            4.57097,43.83095,0
            4.57109,43.83098,0
            4.57136,43.83102,0
            4.57143,43.83104,0
            4.57423,43.83127,0
            4.5743,43.83127,0
            4.57588,43.8314,0
            4.57649,43.83141,0
            4.57653,43.8314,0
            4.57678,43.8314,0
            4.58002,43.83129,0
            4.58014,43.83128,0
            4.58191,43.83123,0
            4.58232,43.8312,0
            4.58249,43.83117,0
            4.5863,43.83022,0
            4.58854,43.8297,0
            4.5887,43.82965,0
            4.58875,43.82964,0
            4.58882,43.82961,0
            4.58905,43.82953,0
            4.58983,43.8292,0
            4.58997,43.82913,0
            4.5901,43.82908,0
            4.59018,43.82903,0
            4.59039,43.82893,0
            4.59045,43.82891,0
            4.59084,43.82867,0
            4.59129,43.82835,0
            4.59162,43.82804,0
            4.59185,43.82775,0
            4.59204,43.82749,0
            4.59264,43.82648,0
            4.59273,43.82635,0
            4.59284,43.82621,0
            4.59298,43.82607,0
            4.59303,43.82601,0
            4.59312,43.82594,0
            4.59343,43.82567,0
            4.59379,43.8254,0
            4.59402,43.82524,0
            4.59423,43.82511,0
            4.59442,43.82501,0
            4.59511,43.82472,0
            4.59515,43.82471,0
            4.5958,43.82444,0
            4.59595,43.82437,0
            4.59615,43.82426,0
            4.59646,43.82407,0
            4.59647,43.82406,0
            4.5996,43.82204,0
            4.59967,43.82196,0
            4.60002,43.82169,0
            4.60053,43.82133,0
            4.6011,43.82097,0
            4.60161,43.82069,0
            4.60174,43.82065,0
            4.60193,43.82055,0
            4.60252,43.82029,0
            4.60278,43.82019,0
            4.60339,43.82,0
            4.6037,43.81992,0
            4.60407,43.81985,0
            4.60458,43.81977,0
            4.6051,43.81972,0
            4.60523,43.8197,0
            4.60571,43.81966,0
            4.6061,43.81964,0
            4.60775,43.81961,0
            4.60806,43.81959,0
            4.60812,43.81958,0
            4.60837,43.81956,0
            4.60886,43.8195,0
            4.60889,43.8195,0
            4.60934,43.81942,0
            4.6095,43.81935,0
            4.60959,43.81933,0
            4.60982,43.81926,0
            4.60984,43.81925,0
            4.61028,43.81912,0
            4.61103,43.81883,0
            4.61114,43.81878,0
            4.61127,43.81873,0
            4.61137,43.81868,0
            4.61142,43.81865,0
            4.61151,43.81855,0
            4.61151,43.81844,0
            4.61152,43.81842,0
            4.61154,43.81836,0
            4.61155,43.81834,0
            4.61161,43.81828,0
            4.61164,43.81826,0
            4.61166,43.81824,0
            4.61169,43.81822,0
            4.61172,43.81821,0
            4.61171,43.81817,0
            4.61174,43.81808,0
            4.61177,43.81795,0
            4.61119,43.81539,0
            4.6111,43.81489,0
            4.61102,43.81406,0
            4.61095,43.81288,0
            4.61092,43.81205,0
            4.61087,43.81133,0
            4.61084,43.81127,0
            4.6107,43.8093,0
            4.61066,43.80904,0
            4.61058,43.80875,0
            4.61044,43.80833,0
            4.61033,43.80806,0
            4.61014,43.80764,0
            4.61013,43.80761,0
            4.6099,43.80717,0
            4.60932,43.80582,0
            4.60923,43.80556,0
            4.60914,43.80524,0
            4.60898,43.8048,0
            4.60893,43.80461,0
            4.60872,43.804,0
            4.60847,43.80313,0
            4.6082,43.80236,0
            4.60818,43.80228,0
            4.60815,43.80219,0
            4.60782,43.80095,0
            4.60783,43.80086,0
            4.60779,43.80068,0
            4.60776,43.80042,0
            4.60778,43.79989,0
            4.6078,43.79977,0
            4.60788,43.79943,0
            4.60792,43.79932,0
            4.60807,43.79898,0
            4.60817,43.79879,0
            4.60817,43.79878,0
            4.60824,43.79867,0
            4.60826,43.79865,0
            4.60834,43.79851,0
            4.6085,43.79828,0
            4.60854,43.79824,0
            4.60854,43.79822,0
            4.60857,43.79819,0
            4.60935,43.79705,0
            4.60941,43.79698,0
            4.61076,43.79504,0
            4.61118,43.79457,0
            4.61155,43.79422,0
            4.61212,43.79379,0
            4.61254,43.79353,0
            4.6131,43.79323,0
            4.61336,43.79311,0
            4.61358,43.79303,0
            4.61364,43.793,0
            4.61402,43.79286,0
            4.61433,43.79277,0
            4.61488,43.79263,0
            4.61546,43.79252,0
            4.6162,43.79243,0
            4.61684,43.7924,0
            4.61703,43.79241,0
            4.61742,43.79241,0
            4.6175,43.79242,0
            4.61774,43.79243,0
            4.61831,43.7925,0
            4.61894,43.79262,0
            4.62194,43.79339,0
            4.62214,43.79343,0
            4.62216,43.79344,0
            4.62289,43.79357,0
            4.62336,43.79363,0
            4.62337,43.79364,0
            4.62367,43.79367,0
            4.62385,43.79368,0
            4.62393,43.79369,0
            4.62454,43.79372,0
            4.62549,43.79371,0
            4.62632,43.79364,0
            4.62715,43.79351,0
            4.62805,43.79332,0
            4.6281,43.7933,0
            4.6287,43.79316,0
            4.62874,43.79313,0
            4.62915,43.793,0
            4.62942,43.79288,0
            4.62965,43.79274,0
            4.62965,43.79272,0
            4.62969,43.79264,0
            4.62971,43.79262,0
            4.62972,43.7926,0
            4.62974,43.79259,0
            4.62977,43.79256,0
            4.6298,43.79254,0
            4.62983,43.79253,0
            4.62986,43.79251,0
            4.63002,43.79247,0
            4.63011,43.79247,0
            4.63027,43.79251,0
            4.63035,43.79255,0
            4.63041,43.79255,0
            4.63046,43.79256,0
            4.6305,43.79256,0
            4.63057,43.79257,0
            4.63066,43.79257,0
            4.63092,43.79253,0
            4.6313,43.79244,0
            4.63531,43.79138,0
            4.63553,43.79131,0
            4.63562,43.79126,0
            4.63576,43.79116,0
            4.63577,43.79113,0
            4.63583,43.79104,0
            4.63589,43.791,0
            4.6359,43.79099,0
            4.63592,43.79098,0
            4.63595,43.79096,0
            4.63607,43.79093,0
            4.63615,43.79093,0
            4.63629,43.79096,0
            4.63634,43.79098,0
            4.63647,43.791,0
            4.63663,43.791,0
            4.63669,43.79099,0
            4.63676,43.79099,0
            4.63727,43.79087,0
            4.64262,43.78945,0
            4.64277,43.7894,0
            4.64311,43.78926,0
            4.64346,43.78906,0
            4.64353,43.78901,0
            4.64372,43.78885,0
            4.64376,43.78881,0
            4.64383,43.78871,0
            4.64383,43.78862,0
            4.64384,43.7886,0
            4.64386,43.78857,0
            4.64387,43.78854,0
            4.6439,43.78852,0
            4.64395,43.78847,0
            4.64398,43.78846,0
            4.64401,43.78844,0
            4.64415,43.7884,0
            4.64423,43.7884,0
            4.64426,43.78841,0
            4.6443,43.78841,0
            4.64434,43.78843,0
            4.6444,43.78843,0
            4.6445,43.78842,0
            4.64462,43.78839,0
            4.64487,43.78829,0
            4.64531,43.78808,0
            4.64533,43.78808,0
            4.64537,43.78807,0
            4.64542,43.78807,0
            4.64584,43.78788,0
            4.64618,43.78774,0
            4.64647,43.78766,0
            4.64705,43.78755,0
            4.64773,43.78748,0
            4.64853,43.78742,0
            4.64878,43.78741,0
            4.64987,43.78732,0
            4.65002,43.7873,0
            4.65085,43.78723,0
            4.651,43.78721,0
            4.65125,43.78719,0
            4.65204,43.7871,0
            4.65273,43.78704,0
            4.65369,43.78691,0
            4.65433,43.78678,0
            4.65464,43.78669,0
            4.6547,43.78665,0
            4.65497,43.78653,0
            4.65524,43.78639,0
            4.65525,43.78638,0
            4.65541,43.78628,0
            4.65551,43.78619,0
            4.65551,43.78616,0
            4.65552,43.78615,0
            4.65552,43.78612,0
            4.65553,43.78611,0
            4.65554,43.78609,0
            4.65554,43.78608,0
            4.65557,43.78606,0
            4.65561,43.78602,0
            4.65563,43.78601,0
            4.65566,43.78599,0
            4.65569,43.78598,0
            4.65572,43.78598,0
            4.65575,43.78597,0
            4.65578,43.78597,0
            4.6558,43.78596,0
            4.65584,43.78596,0
            4.65586,43.78597,0
            4.65591,43.78597,0
            4.65604,43.78603,0
            4.65606,43.78605,0
            4.65607,43.78607,0
            4.6561,43.7861,0
            4.6561,43.78612,0
            4.65611,43.78613,0
            4.65611,43.7862,0
            4.65621,43.78626,0
            4.65639,43.78635,0
            4.65658,43.78641,0
            4.6567,43.78644,0
            4.65737,43.78648,0
            4.65743,43.78649,0
            4.65746,43.78651,0
            4.65756,43.78654,0
            4.65768,43.7866,0
            4.65776,43.78666,0
            4.6578,43.7867,0
            4.65788,43.78676,0
            4.65797,43.78688,0
            4.65818,43.78733,0
            4.6582,43.78739,0
            4.65921,43.78982,0
            4.6594,43.79048,0
            4.65946,43.79082,0
            4.65947,43.79105,0
            4.65944,43.79152,0
            4.65937,43.7918,0
            4.65929,43.79205,0
            4.65924,43.79217,0
            4.65923,43.79218,0
            4.65909,43.79247,0
            4.65885,43.79282,0
            4.65864,43.79308,0
            4.65846,43.79325,0
            4.65804,43.79357,0
            4.65758,43.79388,0
            4.6571,43.79418,0
            4.65674,43.79443,0
            4.65663,43.79452,0
            4.6561,43.79501,0
            4.65601,43.79511,0
            4.65599,43.79514,0
            4.65578,43.79538,0
            4.65571,43.79549,0
            4.65569,43.79551,0
            4.65553,43.79572,0
            4.65523,43.79625,0
            4.65523,43.79626,0
            4.65515,43.79642,0
            4.65499,43.79691,0
            4.65491,43.79723,0
            4.65488,43.79784,0
            4.65486,43.798,0
            4.65481,43.79809,0
            4.65471,43.79823,0
            4.65466,43.79832,0
            4.65466,43.79834,0
            4.65463,43.7984,0
            4.65462,43.79847,0
            4.65461,43.79851,0
            4.65461,43.79867,0
            4.65465,43.79923,0
            4.65465,43.7993,0
            4.6547,43.79972,0
            4.65471,43.79986,0
            4.65472,43.7999,0
            4.65475,43.80033,0
            4.65474,43.80073,0
            4.65473,43.80076,0
            4.65472,43.80087,0
            4.65472,43.80112,0
            4.65476,43.80137,0
            4.65478,43.80141,0
            4.65482,43.80146,0
            4.65486,43.80149,0
            4.65493,43.80151,0
            4.65503,43.80151,0
            4.65536,43.80147,0
            4.65623,43.8014,0
            4.65652,43.80143,0
            4.65656,43.8014,0
            4.65669,43.80137,0
            4.65717,43.8014,0
            4.6572,43.80141,0
            4.65753,43.80144,0
            4.65761,43.80146,0
            4.65765,43.80145,0
            4.65778,43.80143,0
            4.65833,43.80155,0
            4.65866,43.80164,0
            4.65923,43.80182,0
            4.66197,43.80281,0
            4.66209,43.80274,0
            4.66214,43.80272,0
            4.66223,43.80267,0
            4.66229,43.80263,0
            4.66264,43.8025,0
            4.66268,43.80246,0
            4.6627,43.80246,0
            4.66271,43.80245,0
            4.66272,43.80245,0
            4.66273,43.80244,0
            4.66275,43.80244,0
            4.66309,43.80228,0
            4.6631,43.80227,0
            4.66319,43.80223,0
            4.66325,43.80221,0
            4.66358,43.80216,0
            4.66457,43.80194,0
            4.66468,43.80191,0
            4.66469,43.8019,0
            4.66499,43.80183,0
            4.665,43.80183,0
            4.66526,43.80177,0
            4.66526,43.80163,0
            4.66525,43.80157,0
            4.66523,43.80149,0
            4.66506,43.80104,0
            4.66506,43.80103,0
            4.66501,43.80093,0
            4.66491,43.80076,0
            4.66486,43.80062,0
            4.66491,43.80043,0
            4.66495,43.80036,0
            4.66501,43.80027,0
            4.66564,43.79921,0
            4.66564,43.79918,0
            4.66565,43.79917,0
            4.66565,43.79913,0
            4.66578,43.7989,0
            4.66581,43.79883,0
            4.66608,43.79854,0
            4.66625,43.7984,0
            4.66636,43.79835,0
            4.6667,43.79813,0
            4.66701,43.79789,0
            4.6671,43.7978,0
            4.66737,43.7975,0
            4.66776,43.79711,0
            4.66811,43.79679,0
            4.66846,43.79645,0
            4.66909,43.79574,0
            4.66921,43.79559,0
            4.66934,43.79545,0
            4.66938,43.79539,0
            4.66953,43.79522,0
            4.6696,43.79512,0
            4.66964,43.79508,0
            4.66973,43.79496,0
            4.66981,43.79488,0
            4.66998,43.79469,0
            4.67108,43.79336,0
            4.67309,43.79068,0
            4.67412,43.78941,0
            4.67467,43.7887,0
            4.675,43.78834,0
            4.67544,43.78791,0
            4.67549,43.78784,0
            4.67552,43.78781,0
            4.67569,43.7876,0
            4.67586,43.78737,0
            4.67598,43.78718,0
            4.6761,43.78693,0
            4.67614,43.78673,0
            4.6762,43.78658,0
            4.67623,43.78648,0
            4.67625,43.78643,0
            4.67628,43.7863,0
            4.67628,43.78623,0
            4.67627,43.78622,0
            4.67627,43.78621,0
            4.67626,43.7862,0
            4.67626,43.78619,0
            4.67625,43.78618,0
            4.67624,43.78618,0
            4.67624,43.78616,0
            4.67623,43.78615,0
            4.67623,43.78614,0
            4.67622,43.78613,0
            4.67622,43.7861,0
            4.67621,43.78609,0
            4.67621,43.78601,0
            4.67622,43.78598,0
            4.67624,43.78594,0
            4.6763,43.78585,0
            4.67633,43.78582,0
            4.67635,43.78581,0
            4.67637,43.78579,0
            4.67639,43.78578,0
            4.6764,43.78578,0
            4.67642,43.78577,0
            4.67643,43.78576,0
            4.67645,43.78575,0
            4.67648,43.78575,0
            4.67651,43.78574,0
            4.67653,43.78573,0
            4.67662,43.78573,0
            4.67665,43.78572,0
            4.67668,43.78572,0
            4.67691,43.78549,0
            4.67703,43.78531,0
            4.67712,43.78521,0
            4.67738,43.78495,0
            4.67751,43.78488,0
            4.67764,43.78478,0
            4.67791,43.78455,0
            4.67831,43.78409,0
            4.67866,43.78359,0
            4.67875,43.78344,0
            4.67876,43.78343,0
            4.67882,43.7833,0
            4.67892,43.78311,0
            4.67899,43.78293,0
            4.6792,43.7825,0
            4.67936,43.78227,0
            4.67948,43.78212,0
            4.6796,43.78199,0
            4.67985,43.78169,0
            4.68165,43.77934,0
            4.68205,43.77886,0
            4.68373,43.77702,0
            4.68388,43.77684,0
            4.68402,43.7767,0
            4.68428,43.77637,0
            4.68442,43.77622,0
            4.6851,43.77555,0
            4.68579,43.77495,0
            4.68589,43.77488,0
            4.68611,43.77468,0
            4.68618,43.77463,0
            4.68623,43.77458,0
            4.68636,43.77447,0
            4.68648,43.77435,0
            4.68685,43.77393,0
            4.68759,43.77315,0
            4.68818,43.77264,0
            4.68842,43.77241,0
            4.68853,43.77229,0
            4.68901,43.7717,0
            4.68928,43.77134,0
            4.68965,43.77081,0
            4.68999,43.77029,0
            4.69001,43.77027,0
            4.6903,43.76981,0
            4.69081,43.76889,0
            4.69081,43.76883,0
            4.69086,43.76871,0
            4.69084,43.76869,0
            4.69084,43.76867,0
            4.69083,43.76866,0
            4.69083,43.76861,0
            4.69084,43.7686,0
            4.69084,43.76859,0
            4.69085,43.76859,0
            4.69085,43.76858,0
            4.69087,43.76856,0
            4.69087,43.76855,0
            4.69089,43.76851,0
            4.69089,43.76847,0
            4.6909,43.7684,0
            4.6909,43.76834,0
            4.69089,43.76826,0
            4.69085,43.76809,0
            4.69084,43.76807,0
            4.69069,43.76766,0
            4.69068,43.76755,0
            4.69059,43.76733,0
            4.69058,43.76729,0
            4.69026,43.76658,0
            4.69,43.76613,0
            4.68984,43.7659,0
            4.68979,43.76581,0
            4.68873,43.76422,0
            4.68867,43.76414,0
            4.67737,43.74706,0
            4.67727,43.74689,0
            4.67264,43.73983,0
            4.67241,43.73951,0
            4.66903,43.73564,0
            4.66816,43.73475,0
            4.66689,43.73355,0
            4.66593,43.73275,0
            4.6645,43.73165,0
            4.66351,43.73094,0
            4.66327,43.73075,0
            4.66159,43.72952,0
            4.66122,43.72928,0
            4.66066,43.72895,0
            4.65837,43.72773,0
            4.65827,43.72767,0
            4.65817,43.72762,0
            4.65562,43.72618,0
            4.653,43.72465,0
            4.65264,43.72442,0
            4.65242,43.72426,0
            4.65211,43.72399,0
            4.65182,43.72371,0
            4.64886,43.72058,0
            4.64863,43.72035,0
            4.6485,43.72024,0
            4.6484,43.72014,0
            4.64838,43.72013,0
            4.64829,43.72005,0
            4.6482,43.71998,0
            4.64639,43.71873,0
            4.64604,43.71847,0
            4.64596,43.7184,0
            4.64568,43.71812,0
            4.64541,43.71779,0
            4.64305,43.71463,0
            4.64125,43.71207,0
            4.64111,43.71185,0
            4.64087,43.71143,0
            4.64067,43.71103,0
            4.64063,43.711,0
            4.64059,43.7109,0
            4.64052,43.71077,0
            4.63998,43.70963,0
            4.63991,43.70946,0
            4.63982,43.70921,0
            4.63979,43.70918,0
            4.63977,43.70914,0
            4.63969,43.70904,0
            4.63965,43.709,0
            4.63958,43.70895,0
            4.63956,43.70895,0
            4.63955,43.70894,0
            4.63954,43.70894,0
            4.63953,43.70893,0
            4.63951,43.70892,0
            4.6395,43.70892,0
            4.63949,43.70891,0
            4.6393,43.7089,0
            4.63895,43.7089,0
            4.63675,43.70914,0
            4.63549,43.70932,0
            4.63536,43.70933,0
            4.63531,43.70934,0
            4.63521,43.70934,0
            4.63516,43.70933,0
            4.63515,43.70932,0
            4.6349,43.70931,0
            4.63488,43.70933,0
            4.63487,43.70933,0
            4.63486,43.70934,0
            4.63485,43.70934,0
            4.63484,43.70935,0
            4.63483,43.70935,0
            4.63481,43.70936,0
            4.6348,43.70936,0
            4.63478,43.70937,0
            4.63461,43.70937,0
            4.63459,43.70936,0
            4.63458,43.70936,0
            4.63456,43.70935,0
            4.63433,43.70941,0
            4.63432,43.70942,0
            4.63429,43.70943,0
            4.63426,43.70943,0
            4.63422,43.70944,0
            4.63414,43.70945,0
            4.63408,43.70945,0
            4.63402,43.70946,0
            4.63243,43.70957,0
            4.63237,43.70957,0
            4.63203,43.7096,0
            4.63188,43.7096,0
            4.63149,43.70963,0
            4.63101,43.70965,0
            4.63047,43.70972,0
            4.63039,43.70974,0
            4.63035,43.70974,0
            4.63029,43.70976,0
            4.63027,43.70976,0
            4.63017,43.70979,0
            4.63016,43.70979,0
            4.62993,43.70985,0
            4.62992,43.70985,0
            4.6297,43.70991,0
            4.62969,43.70992,0
            4.62953,43.70996,0
            4.62947,43.70998,0
            4.62946,43.70998,0
            4.62904,43.71008,0
            4.62851,43.71016,0
            4.62825,43.71018,0
            4.6282,43.71019,0
            4.62768,43.71022,0
            4.62727,43.71022,0
            4.62701,43.7102,0
            4.62693,43.7102,0
            4.62677,43.71018,0
            4.62674,43.71018,0
            4.62668,43.71017,0
            4.62653,43.71016,0
            4.62644,43.71014,0
            4.62642,43.71014,0
            4.6263,43.71012,0
            4.62617,43.71011,0
            4.62606,43.71009,0
            4.62604,43.71009,0
            4.62598,43.71008,0
            4.62595,43.71007,0
            4.62577,43.71004,0
            4.62533,43.70994,0
            4.62532,43.70993,0
            4.62519,43.7099,0
            4.62509,43.70987,0
            4.62496,43.70984,0
            4.62493,43.70984,0
            4.62486,43.70982,0
            4.62485,43.70982,0
            4.62469,43.70979,0
            4.62464,43.70979,0
            4.62386,43.70968,0
            4.62373,43.70965,0
            4.62374,43.70956,0
            4.62376,43.70948,0
            4.62376,43.70946,0
            4.62385,43.70927,0
            4.62393,43.70913,0
            4.62393,43.70912,0
            4.62417,43.70875,0
            4.62418,43.70872,0
            4.62424,43.70864,0
            4.62424,43.70863,0
            4.62468,43.70794,0
            4.62491,43.70752,0
            4.62524,43.70683,0
            4.62532,43.70664,0
            4.62564,43.70577,0
            4.62571,43.70561,0
            4.62576,43.70547,0
            4.62577,43.70543,0
            4.62586,43.70518,0
            4.62613,43.70456,0
            4.62629,43.70426,0
            4.62649,43.70395,0
            4.6267,43.70357,0
            4.62673,43.70349,0
            4.62677,43.70343,0
            4.62678,43.7034,0
            4.62681,43.70335,0
            4.62685,43.70326,0
            4.62687,43.70323,0
            4.62731,43.70226,0
            4.62732,43.70223,0
            4.62734,43.7022,0
            4.62755,43.70171,0
            4.62756,43.70162,0
            4.62758,43.70151,0
            4.62758,43.70141,0
            4.62764,43.70111,0
            4.62853,43.69766,0
            4.62855,43.69761,0
            4.62893,43.69614,0
            4.62901,43.69593,0
            4.62918,43.69559,0
            4.6292,43.6955,0
            4.62926,43.6953,0
            4.63004,43.69223,0
            4.63005,43.69215,0
            4.6301,43.69137,0
            4.63051,43.68966,0
            4.63054,43.68932,0
            4.63058,43.68824,0
            4.63059,43.68815,0
            4.63059,43.68811,0
            4.63057,43.688,0
            4.6305,43.68779,0
            4.63029,43.68723,0
            4.62993,43.68642,0
            4.62989,43.68627,0
            4.62987,43.68595,0
            4.6299,43.68566,0
            4.6299,43.68563,0
            4.63008,43.68447,0
            4.63014,43.68417,0
            4.63034,43.68417,0
            4.63051,43.68421,0
            4.63084,43.68427,0
            4.631,43.68429,0
            4.63115,43.68432,0
            4.63151,43.68437,0
            4.63173,43.68438,0
            4.63181,43.68437,0
            4.63178,43.68464,0
            4.63178,43.68468,0
            4.63177,43.68477,0
            4.63176,43.68481,0
            4.63169,43.685,0
            4.63169,43.68501,0
            4.63167,43.68501,0
            4.63003,43.68481,0
            4.63008,43.68447,0
            4.63014,43.68417,0
            4.63034,43.68417,0
            4.63051,43.68421,0
            4.63084,43.68427,0
            4.631,43.68429,0
            4.63115,43.68432,0
            4.63151,43.68437,0
            4.63173,43.68438,0
            4.63181,43.68437,0
            4.63182,43.68396,0
            4.6318,43.68379,0
            4.63177,43.68367,0
            4.63176,43.68366,0
            4.63141,43.6828,0
            4.63129,43.68255,0
            4.63119,43.68247,0
            4.63111,43.68243,0
            4.63108,43.68242,0
            4.63106,43.6824,0
            4.63105,43.68238,0
            4.63104,43.68237,0
            4.63104,43.68235,0
            4.63106,43.68227,0
            4.63113,43.68217,0
            4.63136,43.68193,0
            4.6314,43.68183,0
            4.63138,43.68181,0
            4.63136,43.68178,0
            4.63134,43.68176,0
            4.63132,43.6817,0
            4.63132,43.68162,0
            4.63133,43.68159,0
            4.63134,43.68157,0
            4.63135,43.68156,0
            4.63136,43.68153,0
            4.63139,43.68151,0
            4.63141,43.68149,0
            4.63147,43.68145,0
            4.63151,43.68144,0
            4.63154,43.68142,0
            4.63157,43.68142,0
            4.63158,43.68141,0
            4.63174,43.68141,0
            4.63185,43.68144,0
            4.63189,43.68146,0
            4.63192,43.68148,0
            4.63195,43.68151,0
            4.6321,43.68149,0
            4.63217,43.68146,0
            4.63227,43.68143,0
            4.63246,43.68139,0
            4.63253,43.68136,0
            4.6326,43.68134,0
            4.63303,43.68118,0
            4.63329,43.68107,0
            4.63334,43.68104,0
            4.63338,43.68101,0
            4.63341,43.68097,0
            4.63387,43.68016,0
            4.63393,43.68002,0
            4.63398,43.6798,0
            4.63398,43.67971,0
            4.63399,43.67963,0
            4.63399,43.67946,0
            4.63394,43.67921,0
            4.63389,43.67904,0
            4.63379,43.67852,0
            4.63374,43.67835,0
            4.63373,43.67833,0
            4.63369,43.67814,0
            4.63348,43.67755,0
            4.63343,43.67744,0
            4.63343,43.67742,0
            4.63276,43.67571,0
            4.63276,43.6756,0
            4.63272,43.67546,0
            4.63269,43.67542,0
            4.63262,43.67526,0
            4.63252,43.67522,0
            4.63244,43.67518,0
            4.63236,43.67515,0
            4.63233,43.67513,0
            4.63231,43.67507,0
            4.63231,43.67505,0
            4.63233,43.67501,0
            4.63239,43.67499,0
            4.6325,43.67499,0
            4.63254,43.67501,0
            4.6327,43.67506,0
            4.63282,43.67504,0
            4.6353,43.67482,0
            4.63538,43.67482,0
            4.63609,43.67475,0
            4.63801,43.67461,0
            4.63818,43.67458,0
            4.63851,43.67449,0
            4.63861,43.67445,0
            4.63862,43.67445,0
            4.63888,43.67433,0
            4.63891,43.67432,0
            4.63924,43.6741,0
            4.63926,43.67409,0
            4.63943,43.67396,0
            4.63972,43.67368,0
            4.63978,43.67363,0
            4.64024,43.67319,0
            4.64087,43.67262,0
            4.64096,43.67255,0
            4.64097,43.67253,0
            4.64141,43.67214,0
            4.64169,43.67187,0
            4.64175,43.67178,0
            4.64175,43.67177,0
            4.64173,43.67177,0
            4.64173,43.67176,0
            4.64172,43.67176,0
            4.64172,43.67175,0
            4.64171,43.67175,0
            4.64171,43.6717,0
            4.64172,43.6717,0
            4.64172,43.67169,0
            4.64173,43.67169,0
            4.64178,43.67161,0
            4.64181,43.67158,0
            4.64182,43.67158,0
            4.64184,43.67156,0
            4.64193,43.67151,0
            4.64194,43.67151,0
            4.64194,43.6715,0
            4.64202,43.6715,0
            4.64202,43.67151,0
            4.64204,43.67151,0
            4.64204,43.67152,0
            4.64213,43.67151,0
            4.64249,43.6713,0
            4.64288,43.67105,0
            4.64299,43.67097,0
            4.64311,43.6709,0
            4.64329,43.67076,0
            4.64343,43.67058,0
            4.64399,43.66993,0
            4.64421,43.66963,0
            4.64452,43.66928,0
            4.64463,43.66908,0
            4.6449,43.66867,0
            4.64573,43.66753,0
            4.6458,43.66746,0
            4.64714,43.66571,0
            4.6472,43.66562,0
            4.64724,43.66552,0
            4.64724,43.66545,0
            4.64725,43.66538,0
            4.64723,43.66537,0
            4.64722,43.66536,0
            4.6472,43.66535,0
            4.64714,43.66529,0
            4.64712,43.66526,0
            4.64708,43.66518,0
            4.64708,43.66515,0
            4.64707,43.66513,0
            4.64707,43.66504,0
            4.64709,43.665,0
            4.64709,43.66498,0
            4.6471,43.66496,0
            4.64711,43.66493,0
            4.64706,43.66488,0
            4.64699,43.66478,0
            4.64696,43.66476,0
            4.64694,43.66474,0
            4.64675,43.66461,0
            4.64673,43.6646,0
            4.64672,43.66459,0
            4.64671,43.66459,0
            4.64671,43.66458,0
            4.64669,43.66454,0
            4.64647,43.66444,0
            4.64639,43.66441,0
            4.64631,43.66437,0
            4.64623,43.66434,0
            4.64566,43.66417,0
            4.64532,43.66409,0
            4.64529,43.66408,0
            4.64513,43.66405,0
            4.64506,43.66403,0
            4.64491,43.664,0
            4.64482,43.66399,0
            4.6448,43.66398,0
            4.64397,43.66387,0
            4.64327,43.66383,0
            4.64283,43.66382,0
            4.64236,43.66379,0
            4.64227,43.66379,0
            4.64214,43.66378,0
            4.64171,43.66372,0
            4.64163,43.6637,0
            4.64156,43.66369,0
            4.64138,43.66364,0
            4.64136,43.66364,0
            4.64101,43.66352,0
            4.6408,43.66343,0
            4.64068,43.66337,0
            4.64032,43.66316,0
            4.64029,43.66313,0
            4.64012,43.66301,0
            4.64009,43.66298,0
            4.64,43.66292,0
            4.63978,43.66272,0
            4.63959,43.66252,0
            4.63934,43.66222,0
            4.63874,43.66145,0
            4.63841,43.66098,0
            4.63835,43.66087,0
            4.63833,43.66082,0
            4.63831,43.66068,0
            4.63831,43.66063,0
            4.63834,43.66047,0
            4.63837,43.66042,0
            4.63839,43.66037,0
            4.63842,43.66032,0
            4.63849,43.66024,0
            4.63858,43.66015,0
            4.63863,43.66011,0
            4.63868,43.66008,0
            4.63881,43.66002,0
            4.63886,43.65999,0
            4.63892,43.65997,0
            4.63912,43.65992,0
            4.63918,43.65992,0
            4.63923,43.65991,0
            4.6395,43.65989,0
            4.63983,43.65995,0
            4.64058,43.66015,0
            4.64072,43.66018,0
            4.64085,43.66019,0
            4.64097,43.66021,0
            4.64107,43.66021,0
            4.64112,43.66022,0
            4.64127,43.66022,0
            4.64132,43.66021,0
            4.64138,43.66021,0
            4.64148,43.6602,0
            4.64173,43.66016,0
            4.64178,43.66016,0
            4.64189,43.66013,0
            4.64197,43.66012,0
            4.64213,43.66008,0
            4.64251,43.65996,0
            4.64273,43.65993,0
            4.64732,43.65817,0
            4.64748,43.65812,0
            4.64785,43.65797,0
            4.64786,43.65797,0
            4.64857,43.6577,0
            4.64861,43.65768,0
            4.64891,43.65757,0
            4.6491,43.65749,0
            4.64999,43.65716,0
            4.65018,43.65708,0
            4.65103,43.65676,0
            4.65107,43.65674,0
            4.65108,43.65674,0
            4.6528,43.65609,0
            4.65294,43.65603,0
            4.65428,43.65556,0
            4.65473,43.65542,0
            4.65481,43.65539,0
            4.65563,43.65515,0
            4.65685,43.65484,0
            4.6578,43.65462,0
            4.65796,43.65459,0
            4.65938,43.65426,0
            4.65944,43.65424,0
            4.65957,43.65422,0
            4.65989,43.65414,0
            4.65991,43.65414,0
            4.66013,43.65409,0
            4.66015,43.65408,0
            4.66031,43.65405,0
            4.6605,43.654,0
            4.66079,43.65394,0
            4.66123,43.65383,0
            4.66144,43.65379,0
            4.66249,43.65355,0
            4.66263,43.65351,0
            4.66293,43.65345,0
            4.66446,43.65309,0
            4.66467,43.65305,0
            4.66808,43.65227,0
            4.66822,43.65223,0
            4.67728,43.65015,0
            4.67739,43.65013,0
            4.67762,43.65007,0
            4.68449,43.6485,0
            4.6845,43.6485,0
            4.68634,43.64807,0
            4.68641,43.64806,0
            4.69601,43.64585,0
            4.69602,43.64585,0
            4.70168,43.64455,0
            4.7018,43.64453,0
            4.70403,43.64402,0
            4.70408,43.644,0
            4.70414,43.64399,0
            4.70705,43.64332,0
            4.70707,43.64332,0
            4.70756,43.6432,0
            4.70772,43.64317,0
            4.70866,43.64295,0
            4.70868,43.64295,0
            4.7119,43.64221,0
            4.71204,43.64217,0
            4.72571,43.63904,0
            4.72606,43.63895,0
            4.72731,43.63867,0
            4.72746,43.63863,0
            4.7278,43.63856,0
            4.73067,43.63789,0
            4.73156,43.63766,0
            4.7331,43.6372,0
            4.73325,43.63714,0
            4.73384,43.63694,0
            4.73398,43.63688,0
            4.73413,43.63683,0
            4.7343,43.63676,0
            4.73436,43.63674,0
            4.73441,43.63671,0
            4.73443,43.63671,0
            4.73534,43.63632,0
            4.73625,43.63588,0
            4.73637,43.63581,0
            4.737,43.63549,0
            4.73729,43.63533,0
            4.73891,43.63451,0
            4.73896,43.63448,0
            4.74176,43.63315,0
            4.74177,43.63315,0
            4.74178,43.63314,0
            4.74208,43.63301,0
            4.74222,43.63294,0
            4.74258,43.6328,0
            4.74275,43.63272,0
            4.74389,43.63225,0
            4.74491,43.63187,0
            4.74505,43.63181,0
            4.74652,43.6313,0
            4.74669,43.63125,0
            4.74703,43.63113,0
            4.74895,43.63057,0
            4.75051,43.63018,0
            4.75159,43.62996,0
            4.75175,43.62992,0
            4.75188,43.6299,0
            4.75202,43.62987,0
            4.75284,43.62973,0
            4.75287,43.62973,0
            4.75294,43.62971,0
            4.753,43.6297,0
            4.75306,43.6297,0
            4.75426,43.62953,0
            4.75442,43.62952,0
            4.75509,43.62944,0
            4.75526,43.62943,0
            4.75542,43.62941,0
            4.75591,43.62938,0
            4.75608,43.62936,0
            4.7564,43.62934,0
            4.75657,43.62934,0
            4.75756,43.6293,0
            4.75871,43.6293,0
            4.75887,43.62931,0
            4.75904,43.62931,0
            4.76066,43.6294,0
            4.76229,43.62958,0
            4.76309,43.62971,0
            4.76319,43.62972,0
            4.76343,43.62977,0
            4.76357,43.62979,0
            4.7642,43.62991,0
            4.76496,43.63008,0
            4.76502,43.6301,0
            4.76525,43.63015,0
            4.76584,43.63031,0
            4.76598,43.63034,0
            4.76659,43.63051,0
            4.76673,43.63056,0
            4.76701,43.63064,0
            4.76715,43.63069,0
            4.76729,43.63073,0
            4.76769,43.63087,0
            4.76773,43.63088,0
            4.76823,43.63106,0
            4.76974,43.63165,0
            4.77161,43.63243,0
            4.77221,43.63266,0
            4.77308,43.63294,0
            4.77438,43.63328,0
            4.77551,43.6335,0
            4.77653,43.63365,0
            4.77709,43.63371,0
            4.77728,43.63372,0
            4.77782,43.63377,0
            4.77835,43.63379,0
            4.77844,43.6338,0
            4.77945,43.63381,0
            4.77998,43.6338,0
            4.78168,43.63367,0
            4.78309,43.63346,0
            4.78416,43.63325,0
            4.79529,43.63077,0
            4.79755,43.63031,0
            4.79956,43.62997,0
            4.80011,43.62989,0
            4.80041,43.62986,0
            4.80093,43.62979,0
            4.80125,43.62976,0
            4.8013,43.62975,0
            4.802,43.62968,0
            4.80205,43.62968,0
            4.80257,43.62963,0
            4.8027,43.62963,0
            4.80285,43.62961,0
            4.80435,43.62953,0
            4.80651,43.62951,0
            4.80823,43.62958,0
            4.80838,43.62958,0
            4.80872,43.62961,0
            4.8088,43.62961,0
            4.8098,43.62969,0
            4.80994,43.62971,0
            4.81023,43.62973,0
            4.81033,43.62975,0
            4.81042,43.62975,0
            4.81053,43.62977,0
            4.81085,43.6298,0
            4.81202,43.62996,0
            4.81211,43.62998,0
            4.81213,43.62998,0
            4.81274,43.63007,0
            4.81282,43.63009,0
            4.81287,43.63009,0
            4.81366,43.63023,0
            4.81496,43.6305,0
            4.81614,43.63078,0
            4.81766,43.6312,0
            4.8187,43.63153,0
            4.81987,43.63194,0
            4.82065,43.63224,0
            4.82177,43.6327,0
            4.82196,43.63279,0
            4.82198,43.63279,0
            4.82355,43.63351,0
            4.82366,43.63357,0
            4.82558,43.6345,0
            4.82561,43.63451,0
            4.82568,43.63455,0
            4.82737,43.63535,0
            4.82809,43.63567,0
            4.82812,43.63569,0
            4.82875,43.63596,0
            4.82916,43.63612,0
            4.82934,43.6362,0
            4.83046,43.63661,0
            4.83113,43.63683,0
            4.83132,43.63682,0
            4.83189,43.63694,0
            4.83237,43.63694,0
            4.83242,43.63693,0
            4.83253,43.63692,0
            4.83261,43.6369,0
            4.83267,43.63689,0
            4.83269,43.63688,0
            4.83278,43.63686,0
            4.83297,43.6368,0
            4.83298,43.63679,0
            4.83305,43.63677,0
            4.83306,43.63677,0
            4.8332,43.63671,0
            4.83364,43.63656,0
            4.8337,43.63655,0
            4.83372,43.63654,0
            4.83377,43.63654,0
            4.83382,43.63653,0
            4.83391,43.63653,0
            4.83396,43.63654,0
            4.83402,43.63654,0
            4.83413,43.63657,0
            4.83423,43.63661,0
            4.83434,43.63667,0
            4.83439,43.63671,0
            4.83442,43.63675,0
            4.83446,43.63679,0
            4.83448,43.63683,0
            4.83448,43.63684,0
            4.8345,43.63687,0
            4.8345,43.63689,0
            4.83451,43.63692,0
            4.83452,43.63698,0
            4.83452,43.63704,0
            4.83448,43.63719,0
            4.83434,43.63763,0
            4.83431,43.6377,0
            4.83425,43.63788,0
            4.83424,43.6379,0
            4.83419,43.63804,0
            4.83415,43.63813,0
            4.83412,43.63818,0
            4.83409,43.63822,0
            4.83408,43.63824,0
            4.83406,43.63826,0
            4.83404,43.6383,0
            4.834,43.63834,0
            4.83396,43.63837,0
            4.83394,43.63839,0
            4.83391,43.6384,0
            4.83388,43.63843,0
            4.83384,43.63845,0
            4.83378,43.63847,0
            4.83372,43.6385,0
            4.83365,43.63852,0
            4.83347,43.63855,0
            4.83324,43.63855,0
            4.83321,43.63854,0
            4.8332,43.63854,0
            4.83301,43.6385,0
            4.83287,43.63846,0
            4.83206,43.63808,0
            4.83122,43.63765,0
            4.83065,43.63738,0
            4.83046,43.63728,0
            4.83033,43.63722,0
            4.83028,43.63721,0
            4.8301,43.63715,0
            4.83004,43.63714,0
            4.82985,43.63714,0
            4.82978,43.63715,0
            4.82971,43.63717,0
            4.82964,43.6372,0
            4.82958,43.63722,0
            4.82952,43.63726,0
            4.82945,43.63733,0
            4.82942,43.63737,0
            4.8294,43.63741,0
            4.82938,43.63747,0
            4.82937,43.63753,0
            4.82938,43.63754,0
            4.82942,43.63762,0
            4.82942,43.63768,0
            4.82951,43.63775,0
            4.82962,43.63782,0
            4.83008,43.63802,0
            4.83052,43.63818,0
            4.83061,43.63825,0
            4.83096,43.63839,0
            4.8313,43.63851,0
            4.83172,43.63864,0
            4.83199,43.63871,0
            4.83208,43.63874,0
            4.8322,43.63876,0
            4.83223,43.63877,0
            4.83241,43.63881,0
            4.83299,43.63888,0
            4.83376,43.63891,0
            4.83383,43.6389,0
            4.83395,43.6389,0
            4.83447,43.63886,0
            4.83484,43.63881,0
            4.83519,43.63875,0
            4.83521,43.63874,0
            4.83626,43.63857,0
            4.83714,43.63846,0
            4.83778,43.63843,0
            4.8384,43.63843,0
            4.83863,43.63845,0
            4.84071,43.63854,0
            4.84477,43.63858,0
            4.84484,43.63856,0
            4.8465,43.63858,0
            4.8481,43.63867,0
            4.84813,43.63868,0
            4.84819,43.63869,0
            4.85167,43.63884,0
            4.85178,43.63885,0
            4.85669,43.63907,0
            4.85682,43.63907,0
            4.87092,43.6397,0
            4.88205,43.63974,0
            4.8823,43.63975,0
            4.88479,43.63976,0
            4.88502,43.63975,0
            4.88528,43.63975,0
            4.88536,43.63974,0
            4.88553,43.63974,0
            4.88801,43.63962,0
            4.88877,43.6396,0
            4.90017,43.63966,0
            4.90042,43.63967,0
            4.91293,43.63978,0
            4.91301,43.63976,0
            4.914,43.63983,0
            4.91417,43.63983,0
            4.91455,43.63981,0
            4.91457,43.63979,0
            4.91459,43.63978,0
            4.91461,43.63976,0
            4.91463,43.63975,0
            4.91466,43.63973,0
            4.91468,43.63972,0
            4.91471,43.63971,0
            4.91481,43.63969,0
            4.91485,43.63962,0
            4.91489,43.63957,0
            4.91491,43.63949,0
            4.91494,43.63943,0
            4.91505,43.639,0
            4.91512,43.63892,0
            4.91516,43.63882,0
            4.91519,43.63877,0
            4.91524,43.63866,0
            4.91527,43.63858,0
            4.91527,43.63857,0
            4.91529,43.63855,0
            4.9153,43.63851,0
            4.9162,43.63647,0
            4.91729,43.63389,0
            4.91814,43.632,0
            4.91818,43.63189,0
            4.91845,43.6313,0
            4.91874,43.63051,0
            4.91907,43.62975,0
            4.91911,43.62964,0
            4.92052,43.62638,0
            4.92066,43.62603,0
            4.92406,43.61816,0
            4.92445,43.61731,0
            4.9246,43.61692,0
            4.92474,43.61662,0
            4.92706,43.61126,0
            4.92752,43.61024,0
            4.92757,43.61011,0
            4.92783,43.60955,0
            4.92796,43.60934,0
            4.92797,43.60931,0
            4.92799,43.60929,0
            4.92802,43.60922,0
            4.92806,43.60917,0
            4.92868,43.60827,0
            4.92915,43.60766,0
            4.93003,43.60642,0
            4.9303,43.60601,0
            4.93032,43.60599,0
            4.93033,43.60597,0
            4.93174,43.60396,0
            4.93178,43.60384,0
            4.93181,43.60377,0
            4.93182,43.6037,0
            4.93177,43.60359,0
            4.93177,43.60355,0
            4.93179,43.60352,0
            4.93183,43.60349,0
            4.93185,43.60347,0
            4.9319,43.60344,0
            4.93196,43.60342,0
            4.93203,43.60342,0
            4.93209,43.60343,0
            4.93212,43.60343,0
            4.93218,43.60345,0
            4.93221,43.60348,0
            4.93224,43.60352,0
            4.93237,43.60356,0
            4.93267,43.60359,0
            4.93307,43.60357,0
            4.93364,43.60351,0
            4.93605,43.6031,0
            4.93614,43.60307,0
            4.93638,43.60302,0
            4.93661,43.60296,0
            4.94224,43.60171,0
            4.94241,43.60166,0
            4.95812,43.59623,0
            4.95819,43.5962,0
            4.95956,43.59571,0
            4.95968,43.59566,0
            4.96333,43.59436,0
            4.96358,43.59425,0
            4.96433,43.59397,0
            4.96514,43.59369,0
            4.96597,43.59346,0
            4.9723,43.59126,0
            4.97231,43.59126,0
            4.97856,43.58907,0
            4.97857,43.58906,0
            4.97868,43.58903,0
            4.97878,43.58899,0
            4.97945,43.58876,0
            4.97946,43.58876,0
            4.98011,43.58854,0
            4.98032,43.58845,0
            4.98053,43.58833,0
            4.98155,43.58763,0
            4.9816,43.58754,0
            4.98165,43.58748,0
            4.98161,43.58742,0
            4.98161,43.58739,0
            4.9816,43.58736,0
            4.9816,43.58733,0
            4.98162,43.58727,0
            4.98167,43.58722,0
            4.98168,43.58722,0
            4.98169,43.58721,0
            4.98171,43.5872,0
            4.98172,43.5872,0
            4.98173,43.58719,0
            4.9818,43.58717,0
            4.98184,43.58717,0
            4.98187,43.58716,0
            4.98191,43.58716,0
            4.98195,43.58717,0
            4.98199,43.58717,0
            4.98203,43.58718,0
            4.98206,43.5872,0
            4.98209,43.58721,0
            4.98215,43.58725,0
            4.98235,43.58727,0
            4.98241,43.58727,0
            4.98244,43.58726,0
            4.9825,43.58726,0
            4.98257,43.58724,0
            4.98287,43.58721,0
            4.983,43.58719,0
            4.98313,43.58718,0
            4.98327,43.58716,0
            4.9837,43.58707,0
            4.98415,43.58696,0
            4.98454,43.58684,0
            4.98476,43.58676,0
            4.98487,43.58674,0
            4.98492,43.58672,0
            4.985,43.5867,0
            4.98509,43.58666,0
            4.9861,43.58629,0
            4.98626,43.58624,0
            4.98642,43.58618,0
            4.98657,43.58614,0
            4.98671,43.58609,0
            4.9884,43.58561,0
            4.98845,43.5856,0
            4.98863,43.58555,0
            4.98901,43.58542,0
            4.98918,43.58535,0
            4.99005,43.58505,0
            4.99123,43.5847,0
            4.99123,43.58464,0
            4.99124,43.58464,0
            4.99124,43.58463,0
            4.99125,43.58462,0
            4.99125,43.58461,0
            4.99126,43.58461,0
            4.99126,43.5846,0
            4.99128,43.5846,0
            4.99128,43.58459,0
            4.9913,43.58459,0
            4.99131,43.58458,0
            4.9914,43.58458,0
            4.99141,43.58459,0
            4.99143,43.58459,0
            4.99143,43.5846,0
            4.99144,43.5846,0
            4.99145,43.58461,0
            4.99216,43.58432,0
            4.99271,43.58413,0
            4.99303,43.584,0
            4.99331,43.58386,0
            4.99402,43.58347,0
            4.99469,43.58308,0
            4.9948,43.58303,0
            4.99497,43.58294,0
            4.99503,43.5829,0
            4.99545,43.58268,0
            4.99564,43.58257,0
            4.9957,43.58255,0
            4.99589,43.58243,0
            4.9963,43.58282,0
            4.99632,43.58283,0
            4.9968,43.5833,0
            4.99684,43.58329,0
            4.99689,43.58327,0
            5.00131,43.58262,0
            5.00104,43.58164,0
            5.00102,43.58159,0
            5.00092,43.58124,0
            5.00091,43.58122,0
            5.00088,43.58112,0
            5.00088,43.58109,0
            5.00083,43.58093,0
            5.00083,43.58091,0
            5.00077,43.58074,0
            5.00076,43.58064,0
            5.00073,43.5805,0
            5.00071,43.58046,0
            5.00065,43.58029,0
            5.0006,43.58018,0
            5.00053,43.58032,0
            5.00047,43.58033,0
            5.00045,43.58034,0
            5.00043,43.58034,0
            5.0004,43.58035,0
            4.99966,43.58036,0
            4.99958,43.58054,0
            4.99951,43.58061,0
            4.99948,43.58062,0
            4.99951,43.58061,0
            4.99958,43.58054,0
            4.99966,43.58036,0
            5.0004,43.58035,0
            5.00043,43.58034,0
            5.00045,43.58034,0
            5.00047,43.58033,0
            5.00053,43.58032,0
            5.0006,43.58018,0
            5.00056,43.5801,0
            5.0005,43.58,0
            5.00049,43.57999,0
            5.00046,43.57999,0
            5.00046,43.57998,0
            5.00044,43.57998,0
            5.00042,43.57996,0
            5.00041,43.57996,0
            5.00041,43.57995,0
            5.0004,43.57995,0
            5.0004,43.57994,0
            5.00039,43.57993,0
            5.00039,43.57992,0
            5.00038,43.57991,0
            5.00038,43.5799,0
            5.00039,43.5799,0
            5.00039,43.57988,0
            5.0004,43.57987,0
            5.0004,43.57986,0
            5.00041,43.57986,0
            5.00041,43.57985,0
            5.00042,43.57985,0
            5.00042,43.57984,0
            5.00043,43.57984,0
            5.00044,43.57983,0
            5.00045,43.57983,0
            5.00046,43.57982,0
            5.00048,43.57982,0
            5.00048,43.57981,0
            5.00055,43.57981,0
            5.00056,43.57982,0
            5.00059,43.57982,0
            5.00059,43.57983,0
            5.00061,43.57983,0
            5.00064,43.57986,0
            5.00086,43.57985,0
            5.00094,43.57982,0
            5.00109,43.57979,0
            5.00163,43.57962,0
            5.00243,43.57934,0
            5.00263,43.57928,0
            5.0029,43.57918,0
            5.0042,43.57889,0
            5.00455,43.57883,0
            5.00504,43.57878,0
            5.00509,43.57878,0
            5.00715,43.57859,0
            5.00831,43.57846,0
            5.00863,43.57841,0
            5.00891,43.57838,0
            5.00966,43.57833,0
            5.01007,43.57827,0
            5.01043,43.57818,0
            5.01077,43.57806,0
            5.0109,43.578,0
            5.01144,43.5777,0
            5.01184,43.57744,0
            5.01185,43.57743,0
            5.01232,43.57711,0
            5.01265,43.57694,0
            5.01282,43.5769,0
            5.0137,43.57681,0
            5.01398,43.57674,0
            5.01405,43.57671,0
            5.01406,43.57671,0
            5.01415,43.57667,0
            5.01621,43.57514,0
            5.01682,43.57472,0
            5.01742,43.57426,0
            5.01774,43.57396,0
            5.01784,43.57384,0
            5.01789,43.57374,0
            5.01801,43.57359,0
            5.0183,43.57314,0
            5.01838,43.57303,0
            5.01847,43.57287,0
            5.01865,43.57261,0
            5.01879,43.57239,0
            5.01885,43.57228,0
            5.0189,43.57221,0
            5.01893,43.57205,0
            5.01893,43.57201,0
            5.01892,43.57198,0
            5.01892,43.57195,0
            5.01889,43.57189,0
            5.01879,43.57174,0
            5.01869,43.57174,0
            5.01867,43.57173,0
            5.01866,43.57173,0
            5.01864,43.57172,0
            5.01861,43.57171,0
            5.01859,43.5717,0
            5.01858,43.57169,0
            5.01854,43.57167,0
            5.01853,43.57166,0
            5.0185,43.5716,0
            5.0185,43.57158,0
            5.01849,43.57156,0
            5.01849,43.57149,0
            5.0185,43.57146,0
            5.01851,43.57144,0
            5.01857,43.57138,0
            5.01859,43.57137,0
            5.01862,43.57135,0
            5.01868,43.57133,0
            5.01871,43.57133,0
            5.01874,43.57132,0
            5.01882,43.57132,0
            5.01885,43.57133,0
            5.01888,43.57133,0
            5.01891,43.57134,0
            5.01899,43.5713,0
            5.01906,43.57128,0
            5.01912,43.57125,0
            5.01918,43.57123,0
            5.01943,43.57109,0
            5.01957,43.57102,0
            5.02089,43.57026,0
            5.02112,43.57014,0
            5.02147,43.56994,0
            5.02199,43.56959,0
            5.0228,43.56894,0
            5.02285,43.56893,0
            5.0241,43.56788,0
            5.02424,43.56775,0
            5.0244,43.56755,0
            5.02451,43.56734,0
            5.02458,43.56718,0
            5.02463,43.56709,0
            5.02501,43.56626,0
            5.02524,43.56579,0
            5.02532,43.5656,0
            5.02543,43.56542,0
            5.02557,43.56524,0
            5.02575,43.56504,0
            5.02593,43.5649,0
            5.02704,43.56412,0
            5.02719,43.56399,0
            5.02736,43.56386,0
            5.02772,43.56361,0
            5.02775,43.56358,0
            5.02799,43.56339,0
            5.02849,43.56304,0
            5.02865,43.56291,0
            5.02872,43.56287,0
            5.02916,43.56242,0
            5.02928,43.56228,0
            5.02939,43.56217,0
            5.02957,43.56196,0
            5.02981,43.56162,0
            5.03028,43.56089,0
            5.03028,43.56087,0
            5.0303,43.56085,0
            5.03105,43.55967,0
            5.03162,43.55872,0
            5.03165,43.55861,0
            5.03177,43.55829,0
            5.03183,43.55807,0
            5.03215,43.55709,0
            5.0324,43.5564,0
            5.0325,43.55616,0
            5.03257,43.55602,0
            5.0326,43.55597,0
            5.03261,43.55592,0
            5.03268,43.55577,0
            5.03279,43.55557,0
            5.03301,43.55522,0
            5.03324,43.55491,0
            5.03351,43.55461,0
            5.03392,43.55425,0
            5.03443,43.55386,0
            5.03444,43.55385,0
            5.03637,43.55239,0
            5.03638,43.55238,0
            5.03688,43.552,0
            5.03737,43.55167,0
            5.03744,43.55161,0
            5.03789,43.55139,0
            5.03797,43.55136,0
            5.03818,43.55126,0
            5.03819,43.55126,0
            5.03869,43.55103,0
            5.03906,43.55083,0
            5.0392,43.55074,0
            5.03944,43.55055,0
            5.03978,43.5502,0
            5.03979,43.55018,0
            5.03988,43.55007,0
            5.03999,43.54989,0
            5.04023,43.54944,0
            5.04044,43.54901,0
            5.0406,43.54871,0
            5.04076,43.54837,0
            5.0409,43.54799,0
            5.04094,43.54793,0
            5.04101,43.54766,0
            5.04105,43.5474,0
            5.0411,43.54693,0
            5.04111,43.54677,0
            5.04141,43.544,0
            5.04141,43.54397,0
            5.04146,43.5436,0
            5.04153,43.54323,0
            5.0416,43.54296,0
            5.0416,43.54287,0
            5.04169,43.54256,0
            5.04169,43.54252,0
            5.04168,43.54246,0
            5.04166,43.54239,0
            5.04165,43.54239,0
            5.04164,43.54238,0
            5.04162,43.54238,0
            5.04161,43.54237,0
            5.0416,43.54237,0
            5.0416,43.54236,0
            5.04159,43.54236,0
            5.04157,43.54235,0
            5.04156,43.54234,0
            5.04155,43.54232,0
            5.04152,43.54229,0
            5.04152,43.54227,0
            5.04151,43.54226,0
            5.04151,43.54222,0
            5.0415,43.54221,0
            5.04151,43.54219,0
            5.04151,43.54216,0
            5.04152,43.54215,0
            5.04152,43.54214,0
            5.04153,43.54212,0
            5.04154,43.54211,0
            5.04156,43.5421,0
            5.04158,43.54208,0
            5.0416,43.54207,0
            5.04161,43.54206,0
            5.04165,43.54204,0
            5.04167,43.54204,0
            5.04169,43.54203,0
            5.04175,43.54203,0
            5.04177,43.54202,0
            5.04178,43.54202,0
            5.04191,43.54197,0
            5.04197,43.54194,0
            5.042,43.54192,0
            5.04214,43.54178,0
            5.04233,43.54151,0
            5.04242,43.54143,0
            5.04244,43.54138,0
            5.04251,43.54129,0
            5.04279,43.54085,0
            5.04291,43.54069,0
            5.04309,43.54041,0
            5.0431,43.5404,0
            5.04337,43.54,0
            5.04365,43.53967,0
            5.04382,43.53949,0
            5.04396,43.53936,0
            5.04399,43.53934,0
            5.04411,43.53922,0
            5.04414,43.5392,0
            5.04441,43.53898,0
            5.04462,43.53883,0
            5.04466,43.53881,0
            5.04491,43.53864,0
            5.04508,43.53855,0
            5.04593,43.53803,0
            5.04601,43.538,0
            5.04623,43.5379,0
            5.0463,43.53788,0
            5.04644,43.53781,0
            5.0465,43.53777,0
            5.04664,43.53769,0
            5.04671,43.53766,0
            5.04671,43.53765,0
            5.04672,43.53763,0
            5.04672,43.53759,0
            5.04673,43.53757,0
            5.04675,43.53755,0
            5.04676,43.53753,0
            5.04678,43.53751,0
            5.0468,43.5375,0
            5.04681,43.53749,0
            5.04685,43.53747,0
            5.04687,43.53747,0
            5.04689,43.53746,0
            5.04692,43.53745,0
            5.04704,43.53734,0
            5.04713,43.53717,0
            5.04721,43.53706,0
            5.04729,43.53686,0
            5.04738,43.5366,0
            5.04741,43.53648,0
            5.04753,43.53524,0
            5.04758,43.535,0
            5.04763,43.53482,0
            5.04781,43.53449,0
            5.04797,43.53425,0
            5.04829,43.53391,0
            5.04877,43.53352,0
            5.04924,43.53316,0
            5.04953,43.53297,0
            5.0499,43.53276,0
            5.05019,43.53263,0
            5.05086,43.53227,0
            5.0511,43.5321,0
            5.05189,43.53148,0
            5.05208,43.53136,0
            5.05235,43.53122,0
            5.05256,43.53113,0
            5.05266,43.53108,0
            5.05277,43.53104,0
            5.05284,43.531,0
            5.05295,43.53095,0
            5.05297,43.53093,0
            5.05309,43.53087,0
            5.05375,43.53048,0
            5.05376,43.53047,0
            5.05482,43.52984,0
            5.05509,43.52971,0
            5.05565,43.52952,0
            5.05654,43.52929,0
            5.05675,43.52922,0
            5.05872,43.52849,0
            5.05913,43.52835,0
            5.05938,43.52829,0
            5.05953,43.52827,0
            5.05988,43.52824,0
            5.06011,43.52823,0
            5.06089,43.52826,0
            5.06099,43.52827,0
            5.06117,43.52827,0
            5.06355,43.52818,0
            5.06431,43.52813,0
            5.06481,43.52808,0
            5.06928,43.52753,0
            5.0699,43.52742,0
            5.07083,43.52723,0
            5.07085,43.52723,0
            5.0717,43.5271,0
            5.07197,43.52707,0
            5.07292,43.52693,0
            5.07335,43.52685,0
            5.07359,43.52682,0
            5.07362,43.52682,0
            5.07409,43.52677,0
            5.07422,43.52675,0
            5.07442,43.52673,0
            5.07447,43.52673,0
            5.07451,43.52672,0
            5.0747,43.52671,0
            5.07485,43.52671,0
            5.07498,43.5267,0
            5.07509,43.52671,0
            5.07534,43.52671,0
            5.07568,43.52674,0
            5.07607,43.52679,0
            5.07744,43.52707,0
            5.07764,43.52712,0
            5.07839,43.52727,0
            5.07849,43.52728,0
            5.07849,43.52729,0
            5.07908,43.52733,0
            5.08146,43.52729,0
            5.08356,43.5273,0
            5.08401,43.52733,0
            5.08475,43.52741,0
            5.08477,43.52742,0
            5.08564,43.52753,0
            5.08844,43.52771,0
            5.08996,43.52774,0
            5.09177,43.52784,0
            5.09182,43.52783,0
            5.09288,43.52787,0
            5.09351,43.52793,0
            5.09376,43.52798,0
            5.0943,43.52813,0
            5.09461,43.52823,0
            5.09466,43.52826,0
            5.0957,43.52859,0
            5.09678,43.529,0
            5.09717,43.52913,0
            5.09718,43.52914,0
            5.09719,43.52914,0
            5.09813,43.52938,0
            5.09815,43.52938,0
            5.09924,43.52963,0
            5.0995,43.52971,0
            5.09959,43.52973,0
            5.09972,43.52977,0
            5.09973,43.52978,0
            5.10009,43.5299,0
            5.10017,43.52994,0
            5.10115,43.53034,0
            5.10154,43.53048,0
            5.10398,43.53118,0
            5.1045,43.53136,0
            5.10579,43.53187,0
            5.10616,43.53199,0
            5.10837,43.53255,0
            5.10871,43.53261,0
            5.1088,43.53262,0
            5.10897,43.53265,0
            5.10957,43.53268,0
            5.11051,43.53269,0
            5.11056,43.5327,0
            5.11079,43.53272,0
            5.11095,43.53276,0
            5.11114,43.53283,0
            5.11124,43.53288,0
            5.11125,43.53289,0
            5.11132,43.53294,0
            5.11135,43.53297,0
            5.11139,43.53302,0
            5.11142,43.53305,0
            5.11148,43.53313,0
            5.11155,43.53328,0
            5.11164,43.53353,0
            5.11169,43.53362,0
            5.11171,43.53367,0
            5.11178,43.53377,0
            5.11183,43.53382,0
            5.11183,43.53383,0
            5.11193,43.53393,0
            5.11197,43.53396,0
            5.112,43.53399,0
            5.11214,43.53409,0
            5.11241,43.53423,0
            5.11597,43.53579,0
            5.1162,43.53588,0
            5.12552,43.53995,0
            5.12573,43.54005,0
            5.12986,43.54185,0
            5.13004,43.54192,0
            5.13025,43.54202,0
            5.13089,43.54229,0
            5.1311,43.54239,0
            5.13323,43.54331,0
            5.13344,43.54341,0
            5.13784,43.54532,0
            5.13802,43.54539,0
            5.13807,43.5454,0
            5.13811,43.54542,0
            5.13817,43.54543,0
            5.13822,43.54545,0
            5.13843,43.5455,0
            5.13852,43.54551,0
            5.13861,43.54553,0
            5.14042,43.54583,0
            5.14052,43.54584,0
            5.1453,43.54666,0
            5.14562,43.54669,0
            5.14601,43.54668,0
            5.14756,43.54654,0
            5.14778,43.54653,0
            5.14838,43.54648,0
            5.14842,43.54648,0
            5.14849,43.54647,0
            5.1513,43.54655,0
            5.15154,43.54657,0
            5.15173,43.54661,0
            5.1518,43.54662,0
            5.15196,43.54667,0
            5.15201,43.54668,0
            5.15224,43.54676,0
            5.15232,43.54678,0
            5.15243,43.54683,0
            5.15268,43.54692,0
            5.1527,43.54692,0
            5.15392,43.54736,0
            5.15414,43.54743,0
            5.15424,43.54745,0
            5.15434,43.54748,0
            5.15446,43.5475,0
            5.15523,43.54756,0
            5.15537,43.54758,0
            5.15683,43.54768,0
            5.15713,43.54768,0
            5.15722,43.54767,0
            5.15729,43.54767,0
            5.16025,43.54733,0
            5.16064,43.54725,0
            5.16096,43.54717,0
            5.16256,43.54672,0
            5.163,43.54665,0
            5.16346,43.54662,0
            5.16356,43.54662,0
            5.16367,43.54663,0
            5.16375,43.54663,0
            5.16402,43.54665,0
            5.16426,43.54668,0
            5.16452,43.54673,0
            5.16468,43.54677,0
            5.17063,43.54862,0
            5.17127,43.5488,0
            5.17165,43.54888,0
            5.1732,43.54916,0
            5.17345,43.54919,0
            5.17355,43.54921,0
            5.174,43.54925,0
            5.17648,43.54932,0
            5.17814,43.54932,0
            5.17855,43.54936,0
            5.17862,43.54938,0
            5.17872,43.5494,0
            5.17878,43.54942,0
            5.17884,43.54943,0
            5.17928,43.54959,0
            5.17965,43.5497,0
            5.17991,43.54974,0
            5.18039,43.54977,0
            5.18051,43.54977,0
            5.1806,43.54978,0
            5.18069,43.54978,0
            5.18098,43.54973,0
            5.18109,43.54972,0
            5.18118,43.54972,0
            5.18126,43.54971,0
            5.18131,43.54971,0
            5.18143,43.54967,0
            5.18146,43.54963,0
            5.18154,43.54957,0
            5.18159,43.54954,0
            5.1817,43.5495,0
            5.18182,43.54948,0
            5.18193,43.54939,0
            5.18199,43.54933,0
            5.18213,43.54915,0
            5.18219,43.54906,0
            5.18313,43.54781,0
            5.18319,43.54777,0
            5.18323,43.54773,0
            5.18337,43.54753,0
            5.18391,43.54683,0
            5.18392,43.54682,0
            5.18655,43.54336,0
            5.18659,43.5433,0
            5.18677,43.54308,0
            5.18699,43.54278,0
            5.187,43.54277,0
            5.18997,43.53888,0
            5.18999,43.53886,0
            5.19223,43.53593,0
            5.19224,43.53591,0
            5.19255,43.53551,0
            5.19261,43.53539,0
            5.19286,43.53504,0
            5.19293,43.53493,0
            5.19326,43.53446,0
            5.19327,43.53444,0
            5.19332,43.53439,0
            5.19338,43.53431,0
            5.19356,43.53403,0
            5.19363,43.53395,0
            5.19426,43.53302,0
            5.19434,43.53294,0
            5.19438,43.53287,0
            5.19513,43.53174,0
            5.19531,43.53144,0
            5.19548,43.53112,0
            5.1955,43.53107,0
            5.19559,43.5309,0
            5.19566,43.53075,0
            5.19567,43.53072,0
            5.19584,43.53035,0
            5.19606,43.52976,0
            5.19613,43.52954,0
            5.19632,43.52875,0
            5.19634,43.52862,0
            5.19644,43.52757,0
            5.19643,43.5275,0
            5.19642,43.52748,0
            5.19642,43.52722,0
            5.1964,43.52703,0
            5.19639,43.52702,0
            5.19635,43.52681,0
            5.19629,43.52657,0
            5.19625,43.52651,0
            5.19623,43.5265,0
            5.1962,43.52648,0
            5.19618,43.52647,0
            5.19616,43.52645,0
            5.19615,43.52643,0
            5.19613,43.52641,0
            5.19612,43.52639,0
            5.19612,43.52637,0
            5.19611,43.52635,0
            5.19611,43.52629,0
            5.19612,43.52627,0
            5.19612,43.52625,0
            5.19614,43.52623,0
            5.19615,43.52621,0
            5.1962,43.52616,0
            5.19621,43.52616,0
            5.19621,43.52615,0
            5.19622,43.52615,0
            5.19623,43.52614,0
            5.19624,43.52614,0
            5.19625,43.52613,0
            5.19626,43.52613,0
            5.19635,43.52603,0
            5.19639,43.52597,0
            5.19645,43.52585,0
            5.19649,43.52571,0
            5.19654,43.52559,0
            5.19657,43.52547,0
            5.19659,43.52536,0
            5.19661,43.5253,0
            5.19664,43.52513,0
            5.19664,43.5251,0
            5.19668,43.52475,0
            5.19681,43.52428,0
            5.1969,43.52404,0
            5.19692,43.52397,0
            5.19695,43.5239,0
            5.197,43.52383,0
            5.19705,43.52372,0
            5.19736,43.52318,0
            5.19845,43.52144,0
            5.19848,43.52135,0
            5.19876,43.52088,0
            5.19955,43.51963,0
            5.19964,43.51946,0
            5.20062,43.51783,0
            5.20097,43.51719,0
            5.20121,43.51679,0
            5.20137,43.51657,0
            5.20372,43.5124,0
            5.20376,43.51232,0
            5.20406,43.51183,0
            5.20406,43.51182,0
            5.20443,43.51128,0
            5.20499,43.51054,0
            5.20499,43.51053,0
            5.20628,43.50879,0
            5.20629,43.50877,0
            5.20753,43.50709,0
            5.2089,43.50516,0
            5.20997,43.50373,0
            5.21007,43.50351,0
            5.21049,43.50293,0
            5.21123,43.50197,0
            5.21165,43.50146,0
            5.2126,43.50017,0
            5.2127,43.50005,0
            5.21502,43.49689,0
            5.21503,43.49687,0
            5.21751,43.49353,0
            5.21752,43.49351,0
            5.21758,43.49343,0
            5.2177,43.49311,0
            5.21778,43.49295,0
            5.21778,43.49293,0
            5.21779,43.49291,0
            5.2178,43.49288,0
            5.2178,43.49284,0
            5.21781,43.49282,0
            5.21781,43.4927,0
            5.2178,43.49267,0
            5.2178,43.49264,0
            5.21779,43.49263,0
            5.21778,43.49261,0
            5.21777,43.49258,0
            5.21775,43.49256,0
            5.21773,43.49253,0
            5.2177,43.4925,0
            5.21758,43.49242,0
            5.21754,43.4924,0
            5.21739,43.49235,0
            5.21736,43.49235,0
            5.21732,43.49234,0
            5.21718,43.49234,0
            5.21714,43.49235,0
            5.21711,43.49235,0
            5.217,43.49238,0
            5.21698,43.49239,0
            5.21695,43.49241,0
            5.21692,43.49242,0
            5.21689,43.49244,0
            5.21687,43.49245,0
            5.21684,43.49247,0
            5.21682,43.49249,0
            5.2168,43.4925,0
            5.21677,43.49253,0
            5.21676,43.49255,0
            5.21674,43.49257,0
            5.21673,43.49259,0
            5.21672,43.4926,0
            5.21669,43.49266,0
            5.21669,43.49268,0
            5.21668,43.49271,0
            5.21668,43.49282,0
            5.21671,43.49288,0
            5.21671,43.4929,0
            5.21673,43.49292,0
            5.21674,43.49294,0
            5.21677,43.49297,0
            5.21678,43.49299,0
            5.21679,43.49299,0
            5.2168,43.493,0
            5.21681,43.49302,0
            5.21683,43.49303,0
            5.21686,43.49306,0
            5.21696,43.49311,0
            5.21699,43.49312,0
            5.21703,43.49314,0
            5.21706,43.49315,0
            5.21708,43.49316,0
            5.21711,43.49316,0
            5.21714,43.49317,0
            5.21717,43.49317,0
            5.21719,43.49318,0
            5.21722,43.49318,0
            5.21725,43.49319,0
            5.21729,43.49319,0
            5.21743,43.49323,0
            5.21813,43.49321,0
            5.21821,43.4932,0
            5.21845,43.4932,0
            5.21853,43.49319,0
            5.21868,43.49319,0
            5.21917,43.49316,0
            5.21921,43.49315,0
            5.21926,43.49315,0
            5.22159,43.49286,0
            5.22182,43.49284,0
            5.22194,43.49282,0
            5.22217,43.4928,0
            5.22229,43.49278,0
            5.22249,43.49276,0
            5.22257,43.49276,0
            5.22273,43.49274,0
            5.22281,43.49274,0
            5.22297,43.49272,0
            5.22305,43.49272,0
            5.22321,43.4927,0
            5.22329,43.4927,0
            5.22346,43.49268,0
            5.22354,43.49268,0
            5.22362,43.49267,0
            5.22378,43.49267,0
            5.22386,43.49266,0
            5.22403,43.49266,0
            5.22411,43.49265,0
            5.22473,43.49265,0
            5.22482,43.49264,0
            5.22492,43.49265,0
            5.22566,43.49265,0
            5.22578,43.49266,0
            5.22619,43.49266,0
            5.22628,43.49267,0
            5.22656,43.49267,0
            5.22666,43.49268,0
            5.22675,43.49268,0
            5.23217,43.49295,0
            5.23227,43.49295,0
            5.23305,43.49306,0
            5.23311,43.49308,0
            5.23342,43.49314,0
            5.23355,43.49318,0
            5.23368,43.49321,0
            5.23416,43.49338,0
            5.23445,43.4935,0
            5.23454,43.49355,0
            5.23467,43.49361,0
            5.2347,43.49363,0
            5.23494,43.49375,0
            5.23554,43.49411,0
            5.2362,43.49454,0
            5.2363,43.49457,0
            5.23633,43.49457,0
            5.23651,43.49468,0
            5.23665,43.49474,0
            5.23677,43.4948,0
            5.23683,43.49482,0
            5.23695,43.49487,0
            5.23698,43.49487,0
            5.23711,43.49491,0
            5.23725,43.49494,0
            5.23728,43.49495,0
            5.23733,43.49496,0
            5.23736,43.49496,0
            5.23745,43.49498,0
            5.2376,43.49499,0
            5.23787,43.49499,0
            5.238,43.49498,0
            5.23812,43.49496,0
            5.23825,43.49493,0
            5.23855,43.49483,0
            5.2387,43.49475,0
            5.23887,43.49464,0
            5.23906,43.49445,0
            5.2392,43.49424,0
            5.23931,43.494,0
            5.23946,43.49356,0
            5.23952,43.49333,0
            5.23956,43.49321,0
            5.23956,43.4932,0
            5.23961,43.49302,0
            5.23963,43.49291,0
            5.23966,43.49281,0
            5.23969,43.49263,0
            5.23971,43.49255,0
            5.23977,43.49223,0
            5.23978,43.49223,0
            5.23984,43.4922,0
            5.23994,43.49156,0
            5.23995,43.49153,0
            5.23996,43.49142,0
            5.24007,43.49074,0
            5.24007,43.49073,0
            5.24013,43.49038,0
            5.24013,43.49031,0
            5.24019,43.49,0
            5.2402,43.48991,0
            5.24026,43.48956,0
            5.2403,43.48922,0
            5.24045,43.48829,0
            5.24046,43.48818,0
            5.24053,43.48773,0
            5.24053,43.48768,0
            5.24055,43.4876,0
            5.24074,43.48611,0
            5.24074,43.48603,0
            5.2408,43.48526,0
            5.24082,43.48459,0
            5.24082,43.48405,0
            5.2408,43.48378,0
            5.2408,43.48366,0
            5.24079,43.48354,0
            5.24079,43.48349,0
            5.24078,43.48346,0
            5.24077,43.48331,0
            5.24073,43.48301,0
            5.24072,43.48288,0
            5.24062,43.48229,0
            5.24039,43.48135,0
            5.24032,43.48115,0
            5.24032,43.48113,0
            5.24025,43.48091,0
            5.24003,43.48033,0
            5.24002,43.48033,0
            5.2397,43.47961,0
            5.23967,43.47956,0
            5.23962,43.47945,0
            5.23944,43.47912,0
            5.23893,43.47829,0
            5.23864,43.47788,0
            5.23858,43.47781,0
            5.23834,43.47749,0
            5.23774,43.47677,0
            5.23769,43.47672,0
            5.23765,43.47667,0
            5.23701,43.47598,0
            5.23701,43.47597,0
            5.23681,43.47576,0
            5.2366,43.47552,0
            5.2365,43.47542,0
            5.23633,43.47522,0
            5.2363,43.47519,0
            5.23595,43.47477,0
            5.23577,43.47453,0
            5.23571,43.47446,0
            5.2356,43.4743,0
            5.23553,43.47421,0
            5.23535,43.47395,0
            5.23503,43.47344,0
            5.23502,43.47341,0
            5.23474,43.4729,0
            5.23454,43.47248,0
            5.23445,43.47226,0
            5.23445,43.47225,0
            5.23436,43.47204,0
            5.23425,43.47174,0
            5.23422,43.47164,0
            5.2342,43.4716,0
            5.23419,43.47156,0
            5.23417,43.47152,0
            5.23416,43.47146,0
            5.234,43.47091,0
            5.23386,43.47022,0
            5.23386,43.4702,0
            5.23385,43.47019,0
            5.23383,43.47001,0
            5.23382,43.47,0
            5.23379,43.46974,0
            5.23375,43.46904,0
            5.23375,43.46842,0
            5.23377,43.46824,0
            5.23378,43.46804,0
            5.23384,43.46752,0
            5.234,43.46645,0
            5.23402,43.46627,0
            5.23429,43.46459,0
            5.2343,43.46448,0
            5.23444,43.46362,0
            5.23444,43.46359,0
            5.23496,43.46036,0
            5.23496,43.46035,0
            5.23509,43.45966,0
            5.23509,43.45965,0
            5.23512,43.45954,0
            5.23517,43.4593,0
            5.23517,43.45928,0
            5.23521,43.45912,0
            5.23521,43.4591,0
            5.23541,43.45827,0
            5.23546,43.4581,0
            5.23553,43.45781,0
            5.23613,43.45601,0
            5.2364,43.45531,0
            5.23648,43.45513,0
            5.23658,43.45487,0
            5.23665,43.45472,0
            5.23668,43.45464,0
            5.23679,43.45441,0
            5.23684,43.45428,0
            5.23715,43.45363,0
            5.23719,43.45353,0
            5.23754,43.45285,0
            5.23762,43.45271,0
            5.2377,43.45254,0
            5.23776,43.45243,0
            5.23786,43.45227,0
            5.23812,43.4518,0
            5.23822,43.45165,0
            5.23832,43.45147,0
            5.23884,43.45063,0
            5.23945,43.44973,0
            5.23989,43.44912,0
            5.23996,43.44904,0
            5.24011,43.44883,0
            5.24023,43.44868,0
            5.24023,43.44867,0
            5.24059,43.44821,0
            5.2409,43.44784,0
            5.24095,43.44777,0
            5.24187,43.44668,0
            5.24198,43.44657,0
            5.24225,43.44627,0
            5.24244,43.44608,0
            5.24263,43.44587,0
            5.24296,43.44555,0
            5.24302,43.44548,0
            5.24334,43.44518,0
            5.24342,43.44509,0
            5.24481,43.4438,0
            5.24517,43.44349,0
            5.24545,43.44324,0
            5.24548,43.44322,0
            5.24551,43.44319,0
            5.24554,43.44317,0
            5.24561,43.44311,0
            5.24561,43.4431,0
            5.24566,43.44307,0
            5.24567,43.44305,0
            5.24637,43.44246,0
            5.24643,43.4424,0
            5.24648,43.44237,0
            5.24668,43.44219,0
            5.24865,43.44056,0
            5.24869,43.44052,0
            5.25072,43.4388,0
            5.25079,43.43873,0
            5.25083,43.4387,0
            5.25104,43.43851,0
            5.25105,43.43851,0
            5.25114,43.43842,0
            5.25135,43.43824,0
            5.25146,43.43813,0
            5.25197,43.43767,0
            5.25207,43.43757,0
            5.25208,43.43757,0
            5.2523,43.43735,0
            5.25254,43.43713,0
            5.2536,43.43608,0
            5.25376,43.43591,0
            5.25393,43.43575,0
            5.25403,43.43564,0
            5.25407,43.43561,0
            5.25411,43.43556,0
            5.25657,43.43307,0
            5.25661,43.43304,0
            5.25693,43.4327,0
            5.25867,43.43094,0
            5.25873,43.43089,0
            5.25877,43.43084,0
            5.25987,43.42972,0
            5.26002,43.42958,0
            5.26248,43.42707,0
            5.26258,43.42698,0
            5.2642,43.42536,0
            5.26422,43.42535,0
            5.26429,43.42527,0
            5.26435,43.42522,0
            5.2648,43.42479,0
            5.26481,43.42477,0
            5.26532,43.42429,0
            5.26608,43.42361,0
            5.26619,43.42352,0
            5.26634,43.42338,0
            5.26752,43.42237,0
            5.26837,43.42169,0
            5.2684,43.42167,0
            5.26871,43.42141,0
            5.2699,43.42051,0
            5.26997,43.42047,0
            5.27104,43.4197,0
            5.2711,43.41965,0
            5.27138,43.41946,0
            5.27144,43.41943,0
            5.2723,43.41884,0
            5.27308,43.41833,0
            5.27316,43.41829,0
            5.2734,43.41813,0
            5.27462,43.41738,0
            5.27466,43.41735,0
            5.27619,43.41639,0
            5.27659,43.41611,0
            5.27677,43.416,0
            5.27689,43.41591,0
            5.27737,43.41559,0
            5.27761,43.41541,0
            5.27781,43.41528,0
            5.27795,43.41517,0
            5.27831,43.41492,0
            5.28014,43.41353,0
            5.28017,43.4135,0
            5.28073,43.41307,0
            5.28144,43.41248,0
            5.28173,43.41226,0
            5.28178,43.41223,0
            5.2836,43.41081,0
            5.28416,43.41041,0
            5.28425,43.41033,0
            5.28498,43.4098,0
            5.28515,43.40969,0
            5.28531,43.40957,0
            5.28566,43.40933,0
            5.28615,43.40902,0
            5.28619,43.40899,0
            5.28699,43.40851,0
            5.28702,43.4085,0
            5.28727,43.40835,0
            5.2874,43.40829,0
            5.28766,43.40814,0
            5.28792,43.40801,0
            5.28804,43.40794,0
            5.28858,43.40767,0
            5.28934,43.40732,0
            5.29114,43.40656,0
            5.29131,43.4065,0
            5.29142,43.40645,0
            5.2916,43.40639,0
            5.29167,43.40636,0
            5.29266,43.40603,0
            5.29478,43.40546,0
            5.29606,43.40517,0
            5.29616,43.40514,0
            5.29857,43.40465,0
            5.2987,43.40463,0
            5.29888,43.40459,0
            5.29997,43.4044,0
            5.30041,43.4043,0
            5.30069,43.40426,0
            5.30072,43.40425,0
            5.30277,43.40393,0
            5.30385,43.40379,0
            5.30389,43.40379,0
            5.30452,43.40372,0
            5.30459,43.40372,0
            5.30525,43.40365,0
            5.30686,43.40353,0
            5.30698,43.40353,0
            5.30773,43.40349,0
            5.30862,43.40348,0
            5.30955,43.40349,0
            5.31035,43.40352,0
            5.31042,43.40353,0
            5.31053,43.40353,0
            5.3107,43.40354,0
            5.3108,43.40354,0
            5.31186,43.40361,0
            5.31239,43.40367,0
            5.31242,43.40367,0
            5.31291,43.40372,0
            5.31385,43.40385,0
            5.31386,43.40386,0
            5.31397,43.40387,0
            5.31441,43.40394,0
            5.31505,43.40407,0
            5.31529,43.40411,0
            5.31601,43.40426,0
            5.31759,43.40463,0
            5.32053,43.4054,0
            5.32073,43.40546,0
            5.32076,43.40546,0
            5.3212,43.40558,0
            5.32123,43.40558,0
            5.3221,43.40581,0
            5.32334,43.4061,0
            5.32336,43.4061,0
            5.32384,43.40621,0
            5.32393,43.40622,0
            5.32422,43.40628,0
            5.32425,43.40629,0
            5.32524,43.40647,0
            5.32689,43.40668,0
            5.32797,43.40677,0
            5.32866,43.40679,0
            5.32877,43.4068,0
            5.32894,43.4068,0
            5.32907,43.40681,0
            5.32986,43.40681,0
            5.33005,43.4068,0
            5.33036,43.4068,0
            5.33125,43.40676,0
            5.33149,43.40674,0
            5.33155,43.40674,0
            5.33313,43.40658,0
            5.33392,43.40646,0
            5.33499,43.40626,0
            5.33512,43.40622,0
            5.33538,43.40617,0
            5.33569,43.40609,0
            5.33593,43.40604,0
            5.33594,43.40603,0
            5.33614,43.40599,0
            5.33742,43.40562,0
            5.33779,43.40549,0
            5.3378,43.40548,0
            5.33789,43.40546,0
            5.33802,43.40541,0
            5.33826,43.40534,0
            5.33826,43.40533,0
            5.33871,43.40519,0
            5.33876,43.40517,0
            5.33948,43.40494,0
            5.33955,43.40491,0
            5.34062,43.40457,0
            5.34069,43.40454,0
            5.34077,43.40452,0
            5.34084,43.40449,0
            5.34206,43.4041,0
            5.34208,43.40409,0
            5.34386,43.4035,0
            5.34438,43.40331,0
            5.34466,43.40319,0
            5.34478,43.40313,0
            5.34515,43.40298,0
            5.34554,43.40279,0
            5.34576,43.40267,0
            5.34609,43.40247,0
            5.34647,43.40222,0
            5.34658,43.40214,0
            5.34669,43.40207,0
            5.34708,43.40177,0
            5.34722,43.40165,0
            5.3473,43.40159,0
            5.34766,43.40126,0
            5.34771,43.40122,0
            5.34797,43.40096,0
            5.34808,43.40086,0
            5.34864,43.40022,0
            5.34895,43.39982,0
            5.34902,43.3997,0
            5.34928,43.3993,0
            5.34933,43.3992,0
            5.34943,43.39903,0
            5.34948,43.39892,0
            5.34956,43.39878,0
            5.34976,43.39835,0
            5.34988,43.39802,0
            5.34992,43.39788,0
            5.34993,43.39787,0
            5.34993,43.39785,0
            5.34995,43.3978,0
            5.35009,43.39726,0
            5.35009,43.39725,0
            5.35011,43.39719,0
            5.35046,43.39577,0
            5.35049,43.39568,0
            5.35051,43.39558,0
            5.3508,43.39444,0
            5.3508,43.39443,0
            5.35082,43.39436,0
            5.35091,43.3939,0
            5.35091,43.39389,0
            5.35098,43.39382,0
            5.351,43.39358,0
            5.35101,43.39357,0
            5.35103,43.39339,0
            5.35106,43.39321,0
            5.35108,43.39295,0
            5.35108,43.39242,0
            5.35107,43.39231,0
            5.35107,43.39221,0
            5.35106,43.39214,0
            5.35106,43.39206,0
            5.35105,43.39195,0
            5.35105,43.39182,0
            5.35104,43.39174,0
            5.35104,43.39164,0
            5.35103,43.39154,0
            5.35103,43.39128,0
            5.35102,43.39123,0
            5.35096,43.38988,0
            5.35096,43.38975,0
            5.35095,43.3897,0
            5.35095,43.38952,0
            5.35094,43.38943,0
            5.35092,43.38885,0
            5.35091,43.38874,0
            5.3509,43.38825,0
            5.35085,43.38737,0
            5.35084,43.3873,0
            5.35084,43.38712,0
            5.35083,43.38703,0
            5.35081,43.38651,0
            5.35079,43.38507,0
            5.3508,43.38499,0
            5.35081,43.38476,0
            5.35083,43.38456,0
            5.35085,43.38446,0
            5.35085,43.38443,0
            5.35091,43.38411,0
            5.35092,43.3841,0
            5.35092,43.38408,0
            5.351,43.38371,0
            5.35102,43.38365,0
            5.35102,43.38363,0
            5.35105,43.38354,0
            5.3511,43.38335,0
            5.3511,43.38333,0
            5.35129,43.38283,0
            5.35138,43.38262,0
            5.35146,43.38246,0
            5.35147,43.38245,0
            5.35147,43.38243,0
            5.3516,43.38219,0
            5.35161,43.38218,0
            5.35169,43.38205,0
            5.35171,43.382,0
            5.35194,43.38164,0
            5.35198,43.38159,0
            5.35203,43.3815,0
            5.35219,43.38129,0
            5.35252,43.38089,0
            5.35276,43.38062,0
            5.35286,43.38052,0
            5.35287,43.38052,0
            5.35316,43.38023,0
            5.35342,43.37999,0
            5.3536,43.37985,0
            5.3537,43.37976,0
            5.35384,43.37965,0
            5.35386,43.37963,0
            5.35414,43.37943,0
            5.35415,43.37942,0
            5.35456,43.37914,0
            5.35457,43.37913,0
            5.35469,43.37906,0
            5.35477,43.379,0
            5.35495,43.3789,0
            5.35496,43.37889,0
            5.35502,43.37885,0
            5.35541,43.37864,0
            5.35636,43.37817,0
            5.35641,43.37815,0
            5.35731,43.3777,0
            5.35732,43.37769,0
            5.35755,43.37756,0
            5.35774,43.37744,0
            5.35783,43.37739,0
            5.35835,43.37706,0
            5.35869,43.37681,0
            5.35896,43.37657,0
            5.35912,43.37644,0
            5.35933,43.37624,0
            5.35962,43.37593,0
            5.35997,43.37551,0
            5.36035,43.37494,0
            5.36067,43.37432,0
            5.36087,43.37378,0
            5.36091,43.37365,0
            5.361,43.37328,0
            5.36106,43.37291,0
            5.36107,43.37277,0
            5.36109,43.37265,0
            5.36109,43.37253,0
            5.3611,43.37243,0
            5.3611,43.3722,0
            5.36105,43.37146,0
            5.36104,43.3714,0
            5.36103,43.37119,0
            5.36102,43.37114,0
            5.36093,43.36996,0
            5.3609,43.36973,0
            5.36069,43.36688,0
            5.36068,43.36687,0
            5.36055,43.36509,0
            5.36055,43.3649,0
            5.36054,43.36489,0
            5.36055,43.36466,0
            5.36056,43.36465,0
            5.36056,43.36445,0
            5.3606,43.36411,0
            5.36061,43.36408,0
            5.36062,43.36396,0
            5.36069,43.36364,0
            5.36069,43.36362,0
            5.36082,43.36312,0
            5.36088,43.36296,0
            5.36088,43.36295,0
            5.36105,43.36246,0
            5.36105,43.36244,0
            5.3615,43.36116,0
            5.36152,43.36108,0
            5.362,43.35971,0
            5.36201,43.35967,0
            5.36302,43.35678,0
            5.36305,43.35667,0
            5.36321,43.35623,0
            5.36322,43.35618,0
            5.36339,43.35573,0
            5.36348,43.35552,0
            5.36358,43.35532,0
            5.36362,43.35522,0
            5.36369,43.3551,0
            5.36383,43.35483,0
            5.36414,43.35432,0
            5.36449,43.35383,0
            5.36478,43.35347,0
            5.36538,43.35283,0
            5.36543,43.35279,0
            5.36579,43.35244,0
            5.36609,43.35219,0
            5.36647,43.35185,0
            5.36704,43.35137,0
            5.36711,43.3513,0
            5.36714,43.35128,0
            5.36723,43.3512,0
            5.3673,43.35115,0
            5.36743,43.35103,0
            5.36751,43.35097,0
            5.36791,43.35062,0
            5.36799,43.35056,0
            5.3709,43.34806,0
            5.37094,43.34802,0
            5.37194,43.34717,0
            5.37196,43.34714,0
            5.37229,43.34687,0
            5.37231,43.34684,0
            5.37328,43.346,0
            5.37335,43.34593,0
            5.37368,43.34564,0
            5.37433,43.34502,0
            5.37456,43.34477,0
            5.37479,43.3445,0
            5.37516,43.344,0
            5.37544,43.34355,0
            5.37568,43.3431,0
            5.37584,43.34277,0
            5.37602,43.34234,0
            5.37611,43.34207,0
            5.37623,43.34166,0
            5.37621,43.34156,0
            5.37626,43.34128,0
            5.3763,43.34094,0
            5.37632,43.34053,0
            5.37638,43.34011,0
            5.37652,43.33948,0
            5.37654,43.33936,0
            5.37659,43.33919,0
            5.37661,43.3391,0
            5.37665,43.33883,0
            5.37667,43.33876,0
            5.37761,43.33143,0
            5.37761,43.33141,0
            5.37776,43.33026,0
            5.37777,43.33014,0
            5.37778,43.33013,0
            5.37794,43.32879,0
            5.37795,43.32876,0
            5.37797,43.32858,0
            5.37799,43.32848,0
            5.37799,43.32845,0
            5.37803,43.32809,0
            5.37804,43.32805,0
            5.37835,43.32561,0
            5.37837,43.32533,0
            5.37837,43.32511,0
            5.37835,43.32466,0
            5.37832,43.32448,0
            5.3783,43.32428,0
            5.37827,43.32412,0
            5.37821,43.32366,0
            5.37795,43.32203,0
            5.37788,43.32166,0
            5.37785,43.32145,0
            5.37782,43.32131,0
            5.37774,43.3208,0
            5.37773,43.32078,0
            5.37762,43.3201,0
            5.37762,43.32009,0
            5.37759,43.31992,0
            5.37759,43.31991,0
            5.37746,43.31916,0
            5.37745,43.31906,0
            5.3773,43.31828,0
            5.37726,43.31811,0
            5.37696,43.31644,0
            5.37695,43.31634,0
            5.37676,43.31524,0
            5.37675,43.3152,0
            5.37641,43.31321,0
            5.3764,43.31318,0
            5.37637,43.31296,0
            5.37632,43.31272,0
            5.37632,43.3127,0
            5.3763,43.31261,0
            5.37565,43.30872,0
            5.37564,43.30868,0
            5.37564,43.30866,0
            5.37541,43.30735,0
            5.37541,43.30733,0
            5.37533,43.3068,0
            5.37529,43.30644,0
            5.3752,43.30587,0
            5.37519,43.30584,0
            5.37507,43.30518,0
            5.37505,43.30503,0
            5.37503,43.30496,0
            5.37499,43.30474,0
            5.37496,43.30463,0
            5.37495,43.30454,0
            5.37508,43.30452,0
            5.37554,43.30442,0
            5.37578,43.30438,0
            5.37603,43.30435,0
            5.3761,43.30433,0
            5.37674,43.30421,0
            5.37734,43.30408,0
            5.37755,43.30405,0
            5.37764,43.30403,0
            5.37777,43.30401,0
            5.3782,43.30383,0
            5.37821,43.30382,0
            5.37833,43.30377,0
            5.37857,43.30363,0
            5.37859,43.30361,0
            5.3787,43.30353,0
            5.37871,43.30351,0
            5.37879,43.30343,0
            5.37883,43.3034,0
            5.37892,43.30331,0
            5.37896,43.30325,0
            5.37912,43.30314,0
            5.3792,43.30306,0
            5.37937,43.30293,0
            5.37942,43.30284,0
            5.37942,43.30281,0
            5.37947,43.30267,0
            5.3795,43.30261,0
            5.37955,43.30256,0
            5.37956,43.30249,0
            5.37958,43.3024,0
            5.37966,43.30213,0
            5.3797,43.30202,0
            5.37974,43.30184,0
            5.37975,43.30177,0
            5.37981,43.3015,0
            5.37981,43.30148,0
            5.37982,43.30145,0
            5.37984,43.30142,0
            5.37989,43.3014,0
            5.37992,43.3014,0
            5.37996,43.30139,0
            5.38006,43.30139,0
            5.38022,43.3014,0
            5.38023,43.30141,0
            5.38064,43.30148,0
            5.38082,43.30149,0
            5.38318,43.30184,0
            5.38326,43.30184,0
            5.3833,43.30185,0
            5.38332,43.30186,0
            5.38335,43.30187,0
            5.38337,43.30189,0
            5.38347,43.30218,0
            5.38337,43.30231,0
            5.38334,43.30234,0
            5.38333,43.30236,0
            5.38332,43.30237,0
            5.38329,43.30237,0
            5.38328,43.30238,0
            5.38318,43.30237,0
            5.38308,43.30237,0
            5.38239,43.30228,0
            5.38237,43.30227,0
            5.38209,43.30223,0
            5.38178,43.3022,0
            5.38154,43.30245,0
            5.38143,43.30254,0
            5.38136,43.30249,0
            5.38077,43.30218,0
            5.38074,43.30215,0
            5.38074,43.30212,0
            5.38076,43.30208,0
            5.38078,43.30206,0
            5.38082,43.30204,0
            5.38084,43.30204,0
            5.38087,43.30203,0
            5.3809,43.30203,0
            5.38096,43.30202,0
            5.38105,43.30204,0
            5.38173,43.30213,0
            5.38198,43.30215,0
            5.38293,43.30228,0
            5.38295,43.30228,0
            5.38318,43.30232,0
            5.38322,43.30232,0
            5.38328,43.30231,0
            5.38337,43.30231,0
            5.38347,43.30218,0
            5.38331,43.30215,0
            5.38252,43.30207,0
            5.38244,43.30207,0
            5.3824,43.30208,0
            5.38133,43.30196,0
            5.3813,43.30196,0
            5.38128,43.30195,0
            5.38097,43.30195,0
            5.38096,43.30196,0
            5.38085,43.30198,0
            5.38073,43.30201,0
            5.38061,43.30206,0
            5.38055,43.30208,0
            5.38033,43.30219,0
            5.38029,43.30222,0
            5.38024,43.30225,0
            5.3802,43.30228,0
            5.37989,43.30258,0
            5.37987,43.30261,0
            5.37983,43.30265,0
            5.37975,43.30276,0
            5.37972,43.30281,0
            5.37965,43.3029,0
            5.37961,43.30296,0
            5.37948,43.30313,0
            5.37931,43.3033,0
            5.37923,43.30337,0
            5.37923,43.30338,0
            5.37903,43.30358,0
            5.37885,43.30372,0
            5.37863,43.30386,0
            5.37856,43.30389,0
            5.37856,43.3039,0
            5.37793,43.30405,0
            5.37783,43.30408,0
            5.37761,43.30412,0
            5.37754,43.30414,0
            5.37645,43.30436,0
            5.37638,43.30437,0
            5.37631,43.30439,0
            5.37565,43.3045,0
            5.37556,43.30451,0
            5.37537,43.30455,0
            5.37525,43.30462,0
            5.37522,43.30465,0
            5.37521,43.30468,0
            5.3752,43.30473,0
            5.37521,43.30478,0
            5.37522,43.30487,0
            5.37523,43.30492,0
            5.3753,43.3055,0
            5.37532,43.30559,0
            5.37532,43.30563,0
            5.37539,43.30611,0
            5.37541,43.30632,0
            5.37543,43.30645,0
            5.37544,43.30658,0
            5.37546,43.3067,0
            5.37546,43.30677,0
            5.37548,43.30687,0
            5.37549,43.3069,0
            5.37554,43.30724,0
            5.37556,43.30732,0
            5.37557,43.30739,0
            5.37558,43.30743,0
            5.37586,43.30905,0
            5.37587,43.30909,0
            5.37622,43.31113,0
            5.37624,43.31131,0
            5.37668,43.31388,0
            5.37668,43.31389,0
            5.37693,43.31532,0
            5.37695,43.3154,0
            5.37695,43.31543,0
            5.37704,43.31597,0
            5.37705,43.316,0
            5.37753,43.31885,0
            5.37756,43.31898,0
            5.37758,43.31914,0
            5.37781,43.32052,0
            5.37789,43.32083,0
            5.37818,43.32258,0
            5.37819,43.32267,0
            5.37828,43.32317,0
            5.37829,43.32328,0
            5.37848,43.32441,0
            5.37848,43.32446,0
            5.3785,43.3246,0
            5.37853,43.32502,0
            5.37853,43.32532,0
            5.37852,43.32551,0
            5.3785,43.32565,0
            5.37849,43.32579,0
            5.37846,43.326,0
            5.37845,43.32613,0
            5.37831,43.32719,0
            5.37829,43.3273,0
            5.37826,43.32761,0
            5.37824,43.32772,0
            5.37821,43.32799,0
            5.3782,43.32802,0
            5.37793,43.3302,0
            5.3779,43.33036,0
            5.37769,43.33207,0
            5.37769,43.3321,0
            5.37764,43.33246,0
            5.37764,43.33252,0
            5.37743,43.33412,0
            5.37741,43.33421,0
            5.37699,43.33757,0
            5.37698,43.33758,0
            5.37698,43.33761,0
            5.37696,43.33773,0
            5.37696,43.33782,0
            5.37692,43.33794,0
            5.37688,43.33827,0
            5.37687,43.33878,0
            5.37688,43.33896,0
            5.37697,43.33976,0
            5.37697,43.34004,0
            5.37696,43.34013,0
            5.37696,43.34022,0
            5.37694,43.34033,0
            5.37694,43.3404,0
            5.37693,43.34042,0
            5.37693,43.34046,0
            5.37692,43.34049,0
            5.37688,43.34066,0
            5.37686,43.34072,0
            5.37682,43.34088,0
            5.37639,43.34218,0
            5.37638,43.3422,0
            5.37622,43.34269,0
            5.37603,43.34314,0
            5.3759,43.34337,0
            5.37589,43.3434,0
            5.37566,43.34376,0
            5.37555,43.34396,0
            5.37548,43.34407,0
            5.37547,43.34408,0
            5.37537,43.34424,0
            5.37534,43.34428,0
            5.37532,43.34433,0
            5.37502,43.34469,0
            5.37483,43.34489,0
            5.37479,43.34492,0
            5.37473,43.34498,0
            5.37438,43.34529,0
            5.37424,43.34543,0
            5.37419,43.34547,0
            5.37407,43.34552,0
            5.37403,43.34555,0
            5.37341,43.34611,0
            5.37302,43.34644,0
            5.37296,43.3465,0
            5.37284,43.34659,0
            5.37246,43.34691,0
            5.37244,43.34692,0
            5.3698,43.34918,0
            5.3698,43.34919,0
            5.3694,43.34952,0
            5.36922,43.34969,0
            5.36892,43.34993,0
            5.36881,43.35004,0
            5.36873,43.3501,0
            5.36869,43.35014,0
            5.3686,43.35021,0
            5.36817,43.35058,0
            5.36814,43.3506,0
            5.36785,43.35085,0
            5.36785,43.35086,0
            5.36781,43.35089,0
            5.36765,43.35103,0
            5.36756,43.3511,0
            5.36741,43.35124,0
            5.36738,43.35126,0
            5.36673,43.35181,0
            5.36642,43.35209,0
            5.36634,43.35215,0
            5.36626,43.35223,0
            5.36617,43.3523,0
            5.36578,43.35264,0
            5.36532,43.35309,0
            5.36529,43.35313,0
            5.36509,43.35334,0
            5.36476,43.35373,0
            5.36476,43.35374,0
            5.3646,43.35394,0
            5.3642,43.35452,0
            5.36419,43.35453,0
            5.36382,43.35518,0
            5.36375,43.35532,0
            5.36375,43.35533,0
            5.3637,43.35543,0
            5.3636,43.35566,0
            5.36357,43.35571,0
            5.36355,43.35577,0
            5.36352,43.35583,0
            5.36343,43.35609,0
            5.36337,43.35623,0
            5.36333,43.35635,0
            5.36332,43.3564,0
            5.36325,43.35658,0
            5.36281,43.35786,0
            5.3628,43.3579,0
            5.36275,43.35803,0
            5.36268,43.35825,0
            5.36265,43.35832,0
            5.36242,43.359,0
            5.36239,43.35907,0
            5.36238,43.35912,0
            5.36189,43.36052,0
            5.36188,43.36057,0
            5.36186,43.36061,0
            5.36122,43.36248,0
            5.36122,43.36249,0
            5.36115,43.36266,0
            5.36098,43.36316,0
            5.36091,43.36344,0
            5.3609,43.36346,0
            5.3609,43.36348,0
            5.36089,43.36349,0
            5.36086,43.36367,0
            5.36082,43.36383,0
            5.36079,43.364,0
            5.36079,43.36405,0
            5.36078,43.36406,0
            5.36072,43.3646,0
            5.36071,43.36476,0
            5.36071,43.36519,0
            5.36072,43.3654,0
            5.36073,43.36543,0
            5.36073,43.36553,0
            5.36078,43.36605,0
            5.36078,43.3661,0
            5.36085,43.3669,0
            5.36085,43.36694,0
            5.36086,43.367,0
            5.36094,43.36805,0
            5.36095,43.3681,0
            5.36096,43.36844,0
            5.36097,43.36845,0
            5.36098,43.36855,0
            5.36099,43.36878,0
            5.36106,43.36959,0
            5.36106,43.36965,0
            5.36107,43.36968,0
            5.36107,43.36975,0
            5.36109,43.36989,0
            5.36124,43.37187,0
            5.36126,43.37203,0
            5.36125,43.37263,0
            5.36121,43.37308,0
            5.36108,43.37362,0
            5.361,43.37387,0
            5.36072,43.37459,0
            5.36065,43.3747,0
            5.3605,43.37498,0
            5.36021,43.37542,0
            5.36005,43.37563,0
            5.36004,43.37564,0
            5.36003,43.37566,0
            5.35985,43.37588,0
            5.3595,43.37627,0
            5.35923,43.37653,0
            5.35922,43.37653,0
            5.35902,43.37672,0
            5.35899,43.37674,0
            5.35898,43.37675,0
            5.35858,43.37706,0
            5.35838,43.3772,0
            5.35787,43.37753,0
            5.35754,43.37772,0
            5.35753,43.37772,0
            5.3573,43.37785,0
            5.35657,43.37821,0
            5.3565,43.37825,0
            5.35624,43.37837,0
            5.35623,43.37838,0
            5.35562,43.37868,0
            5.35561,43.37868,0
            5.35504,43.37899,0
            5.35503,43.379,0
            5.35503,43.37901,0
            5.35446,43.37937,0
            5.35441,43.37941,0
            5.3544,43.37941,0
            5.35406,43.37966,0
            5.35381,43.37986,0
            5.3538,43.37986,0
            5.35333,43.38026,0
            5.35312,43.38046,0
            5.35277,43.38082,0
            5.35264,43.38098,0
            5.35253,43.3811,0
            5.35236,43.38131,0
            5.35236,43.38132,0
            5.35206,43.38172,0
            5.35197,43.38187,0
            5.35195,43.38189,0
            5.35195,43.3819,0
            5.35177,43.38221,0
            5.35176,43.38222,0
            5.35174,43.38227,0
            5.35164,43.38244,0
            5.35159,43.38255,0
            5.35155,43.38262,0
            5.35154,43.38266,0
            5.35153,43.38267,0
            5.35145,43.38284,0
            5.35134,43.38312,0
            5.35134,43.38313,0
            5.35133,43.38315,0
            5.35122,43.38348,0
            5.35108,43.38399,0
            5.35108,43.38401,0
            5.35106,43.38408,0
            5.35104,43.38422,0
            5.35104,43.38425,0
            5.351,43.38451,0
            5.351,43.38458,0
            5.35097,43.38494,0
            5.35096,43.38495,0
            5.35096,43.38535,0
            5.35099,43.38628,0
            5.351,43.38638,0
            5.35102,43.38711,0
            5.35103,43.38717,0
            5.35103,43.38729,0
            5.35104,43.38735,0
            5.35104,43.38753,0
            5.35109,43.38851,0
            5.35109,43.38861,0
            5.35115,43.38973,0
            5.35117,43.38992,0
            5.35117,43.38999,0
            5.35118,43.39013,0
            5.35118,43.39031,0
            5.35119,43.39041,0
            5.35119,43.39054,0
            5.35125,43.39172,0
            5.35125,43.39186,0
            5.35126,43.3919,0
            5.35126,43.39208,0
            5.35132,43.39334,0
            5.35132,43.39352,0
            5.35135,43.3942,0
            5.35139,43.39434,0
            5.35141,43.39439,0
            5.35142,43.39452,0
            5.35143,43.39458,0
            5.35143,43.39465,0
            5.35144,43.39473,0
            5.35145,43.39476,0
            5.35146,43.39488,0
            5.35152,43.39522,0
            5.35165,43.39569,0
            5.35167,43.39574,0
            5.3517,43.39584,0
            5.35185,43.39622,0
            5.35186,43.39623,0
            5.35186,43.39625,0
            5.35205,43.39666,0
            5.35223,43.39701,0
            5.35224,43.39702,0
            5.35229,43.39712,0
            5.3524,43.39729,0
            5.3524,43.3973,0
            5.35243,43.39734,0
            5.35249,43.39744,0
            5.35271,43.39776,0
            5.35277,43.39786,0
            5.35283,43.39794,0
            5.35314,43.3984,0
            5.3532,43.39848,0
            5.35477,43.40083,0
            5.35507,43.40124,0
            5.35544,43.40168,0
            5.35595,43.40221,0
            5.35661,43.4028,0
            5.35719,43.40325,0
            5.35836,43.40404,0
            5.35847,43.4041,0
            5.35853,43.40414,0
            5.35858,43.40418,0
            5.35909,43.40451,0
            5.35911,43.40452,0
            5.35936,43.40469,0
            5.35942,43.40472,0
            5.36037,43.40536,0
            5.36105,43.40585,0
            5.36115,43.40594,0
            5.36129,43.40604,0
            5.36174,43.40644,0
            5.36195,43.40664,0
            5.36205,43.40675,0
            5.36207,43.40676,0
            5.36209,43.40678,0
            5.36209,43.40679,0
            5.36215,43.40685,0
            5.36255,43.40731,0
            5.36288,43.40776,0
            5.36294,43.40787,0
            5.36315,43.40818,0
            5.36321,43.4083,0
            5.36325,43.40836,0
            5.36338,43.4086,0
            5.36343,43.40867,0
            5.36352,43.40885,0
            5.36352,43.40886,0
            5.36361,43.40903,0
            5.3637,43.40924,0
            5.36375,43.40934,0
            5.36394,43.40984,0
            5.36398,43.41,0
            5.36399,43.41002,0
            5.36403,43.41014,0
            5.36406,43.41028,0
            5.36407,43.41029,0
            5.36416,43.41071,0
            5.36429,43.41142,0
            5.36433,43.41171,0
            5.36436,43.41183,0
            5.36441,43.41216,0
            5.36448,43.41253,0
            5.36453,43.41287,0
            5.36461,43.41331,0
            5.36462,43.4134,0
            5.36474,43.41412,0
            5.36475,43.41415,0
            5.36482,43.41452,0
            5.36482,43.41454,0
            5.36503,43.41562,0
            5.36515,43.41604,0
            5.3653,43.4165,0
            5.36553,43.41705,0
            5.36554,43.41706,0
            5.36565,43.41728,0
            5.36573,43.4174,0
            5.36588,43.41767,0
            5.36608,43.41799,0
            5.36622,43.41818,0
            5.36625,43.41823,0
            5.36673,43.41885,0
            5.36683,43.41895,0
            5.36693,43.41908,0
            5.36707,43.41921,0
            5.36712,43.41927,0
            5.36726,43.41941,0
            5.36765,43.41977,0
            5.36821,43.42025,0
            5.36859,43.42053,0
            5.3686,43.42054,0
            5.36896,43.42078,0
            5.36991,43.42134,0
            5.37292,43.42297,0
            5.37309,43.42307,0
            5.3731,43.42307,0
            5.37658,43.42498,0
            5.37671,43.42504,0
            5.37678,43.42508,0
            5.37753,43.42541,0
            5.37801,43.4256,0
            5.37856,43.42579,0
            5.37931,43.42602,0
            5.37949,43.42606,0
            5.37949,43.42607,0
            5.37988,43.42616,0
            5.38038,43.4263,0
            5.38044,43.42631,0
            5.38181,43.42668,0
            5.38195,43.42671,0
            5.38376,43.42721,0
            5.38386,43.42723,0
            5.38546,43.42768,0
            5.38547,43.42768,0
            5.38653,43.42799,0
            5.38668,43.42795,0
            5.38784,43.42826,0
            5.38962,43.42877,0
            5.3897,43.4288,0
            5.39227,43.42947,0
            5.39243,43.42952,0
            5.39249,43.42953,0
            5.39267,43.42958,0
            5.39319,43.42969,0
            5.39394,43.42981,0
            5.39443,43.42985,0
            5.39444,43.42986,0
            5.39475,43.42988,0
            5.39492,43.42988,0
            5.39505,43.42989,0
            5.39568,43.42989,0
            5.39621,43.42986,0
            5.39647,43.42983,0
            5.39662,43.42982,0
            5.39675,43.4298,0
            5.39679,43.4298,0
            5.39741,43.42969,0
            5.39743,43.42969,0
            5.39802,43.42956,0
            5.39817,43.42951,0
            5.39823,43.4295,0
            5.39839,43.42945,0
            5.39844,43.42944,0
            5.39853,43.4294,0
            5.39918,43.42918,0
            5.39944,43.42908,0
            5.39948,43.42907,0
            5.40076,43.42861,0
            5.40084,43.42859,0
            5.40089,43.42857,0
            5.40131,43.42844,0
            5.40172,43.42834,0
            5.40177,43.42834,0
            5.40208,43.42827,0
            5.40267,43.42819,0
            5.40282,43.42818,0
            5.40297,43.42816,0
            5.40313,43.42815,0
            5.40328,43.42815,0
            5.40344,43.42814,0
            5.40391,43.42814,0
            5.40407,43.42815,0
            5.4042,43.42815,0
            5.40423,43.42816,0
            5.40469,43.42819,0
            5.40502,43.42823,0
            5.40517,43.42826,0
            5.40532,43.42828,0
            5.40548,43.42831,0
            5.40564,43.42835,0
            5.4058,43.42838,0
            5.40625,43.4285,0
            5.40727,43.42881,0
            5.40738,43.42885,0
            5.40761,43.42891,0
            5.40791,43.42901,0
            5.40794,43.42901,0
            5.40824,43.42911,0
            5.41786,43.43203,0
            5.41995,43.43275,0
            5.42036,43.43291,0
            5.42057,43.43298,0
            5.42072,43.43304,0
            5.42087,43.43302,0
            5.42089,43.43302,0
            5.42249,43.43359,0
            5.42255,43.43362,0
            5.42331,43.43393,0
            5.42336,43.43394,0
            5.42345,43.43394,0
            5.4235,43.43393,0
            5.42356,43.43393,0
            5.42381,43.43388,0
            5.42384,43.43387,0
            5.42388,43.43388,0
            5.42395,43.43389,0
            5.42406,43.43377,0
            5.42423,43.43362,0
            5.42433,43.4336,0
            5.42438,43.4336,0
            5.42448,43.43362,0
            5.42458,43.43366,0
            5.42474,43.43377,0
            5.42475,43.43377,0
            5.42487,43.43386,0
            5.42515,43.43404,0
            5.42526,43.4341,0
            5.42544,43.43417,0
            5.42554,43.43419,0
            5.42569,43.43421,0
            5.42569,43.43434,0
            5.4257,43.43436,0
            5.4257,43.43437,0
            5.42571,43.43438,0
            5.42601,43.43456,0
            5.42602,43.43456,0
            5.42617,43.43467,0
            5.42602,43.43456,0
            5.42601,43.43456,0
            5.42571,43.43438,0
            5.4257,43.43437,0
            5.4257,43.43436,0
            5.42569,43.43434,0
            5.42569,43.43421,0
            5.42554,43.43419,0
            5.42544,43.43417,0
            5.42526,43.4341,0
            5.42515,43.43404,0
            5.42487,43.43386,0
            5.42475,43.43377,0
            5.42474,43.43377,0
            5.42458,43.43366,0
            5.42448,43.43362,0
            5.42438,43.4336,0
            5.42433,43.4336,0
            5.42423,43.43362,0
            5.42406,43.43377,0
            5.42395,43.43389,0
            5.42399,43.43393,0
            5.42402,43.43398,0
            5.4241,43.43421,0
            5.42416,43.43431,0
            5.42419,43.43433,0
            5.42421,43.43435,0
            5.42425,43.43438,0
            5.425,43.43479,0
            5.4253,43.43498,0
            5.42535,43.435,0
            5.42613,43.4355,0
            5.42614,43.4355,0
            5.42614,43.43551,0
            5.42616,43.4356,0
            5.42715,43.43618,0
            5.42716,43.43619,0
            5.42755,43.43641,0
            5.42766,43.43648,0
            5.4277,43.4365,0
            5.42774,43.43653,0
            5.42812,43.43677,0
            5.4288,43.43723,0
            5.42901,43.43736,0
            5.4308,43.43866,0
            5.43087,43.43872,0
            5.43089,43.43873,0
            5.43958,43.44516,0
            5.43962,43.4452,0
            5.43994,43.44541,0
            5.43994,43.44542,0
            5.43998,43.44544,0
            5.44045,43.44575,0
            5.44105,43.44609,0
            5.44157,43.44636,0
            5.44198,43.44655,0
            5.44626,43.4484,0
            5.44794,43.44916,0
            5.44803,43.44921,0
            5.4492,43.44974,0
            5.44923,43.44975,0
            5.45028,43.45025,0
            5.45045,43.45035,0
            5.45086,43.45057,0
            5.45122,43.4508,0
            5.45158,43.45106,0
            5.45179,43.45123,0
            5.45181,43.45124,0
            5.45211,43.45152,0
            5.45211,43.45153,0
            5.45231,43.45172,0
            5.45244,43.45188,0
            5.45248,43.45192,0
            5.45265,43.45213,0
            5.45267,43.45214,0
            5.45283,43.45234,0
            5.45285,43.45236,0
            5.45291,43.45244,0
            5.45301,43.45255,0
            5.45314,43.45271,0
            5.45347,43.45305,0
            5.45369,43.45324,0
            5.45403,43.45348,0
            5.45404,43.45348,0
            5.45444,43.45371,0
            5.45465,43.4538,0
            5.45475,43.45385,0
            5.45476,43.45386,0
            5.45566,43.45424,0
            5.4557,43.45425,0
            5.45698,43.4548,0
            5.45709,43.45484,0
            5.45739,43.45497,0
            5.45846,43.45535,0
            5.46044,43.45593,0
            5.46063,43.45594,0
            5.46077,43.45597,0
            5.46111,43.45608,0
            5.46113,43.45608,0
            5.46115,43.45609,0
            5.46144,43.45618,0
            5.46181,43.45631,0
            5.46183,43.45632,0
            5.46184,43.45632,0
            5.46215,43.45646,0
            5.4625,43.45664,0
            5.46279,43.45682,0
            5.46285,43.45685,0
            5.4631,43.45701,0
            5.46318,43.45703,0
            5.46332,43.45703,0
            5.46336,43.45702,0
            5.46337,43.45702,0
            5.46338,43.45701,0
            5.4634,43.457,0
            5.46341,43.457,0
            5.46343,43.45699,0
            5.46344,43.45699,0
            5.46346,43.45698,0
            5.46359,43.45698,0
            5.46363,43.45695,0
            5.46366,43.45691,0
            5.46377,43.4568,0
            5.46378,43.45678,0
            5.4643,43.45624,0
            5.46488,43.45557,0
            5.46489,43.45553,0
            5.46489,43.4555,0
            5.46488,43.45546,0
            5.46479,43.45543,0
            5.4646,43.45534,0
            5.46456,43.45531,0
            5.46449,43.45524,0
            5.46447,43.45521,0
            5.46447,43.45517,0
            5.46448,43.45514,0
            5.46452,43.45508,0
            5.46454,43.455,0
            5.4646,43.45488,0
            5.46535,43.45359,0
            5.46533,43.45355,0
            5.46533,43.45354,0
            5.46534,43.45353,0
            5.46534,43.45352,0
            5.46524,43.4535,0
            5.46521,43.45347,0
            5.46476,43.4533,0
            5.46473,43.45328,0
            5.46467,43.45323,0
            5.4646,43.45315,0
            5.46447,43.45295,0
            5.46441,43.45287,0
            5.46438,43.45282,0
            5.46435,43.45278,0
            5.46433,43.45273,0
            5.46428,43.45267,0
            5.46425,43.45261,0
            5.46415,43.45244,0
            5.46407,43.45232,0
            5.46397,43.45213,0
            5.46389,43.45201,0
            5.46383,43.4519,0
            5.46359,43.45197,0
            5.46331,43.45201,0
            5.46317,43.45189,0
            5.46312,43.45189,0
            5.46273,43.45201,0
            5.46284,43.45205,0
            5.46289,43.4521,0
            5.46293,43.45215,0
            5.46346,43.45305,0
            5.46348,43.4531,0
            5.46346,43.45316,0
            5.46344,43.4532,0
            5.46344,43.45326,0
            5.46347,43.45331,0
            5.4635,43.45335,0
            5.46365,43.45346,0
            5.46433,43.45382,0
            5.46446,43.4539,0
            5.46454,43.45394,0
            5.46474,43.454,0
            5.46457,43.45437,0
            5.46452,43.45441,0
            5.46449,43.45451,0
            5.46446,43.45458,0
            5.46443,43.4546,0
            5.46438,43.45462,0
            5.46427,43.45464,0
            5.46424,43.45468,0
            5.46421,43.45471,0
            5.46416,43.45472,0
            5.4641,43.45472,0
            5.46405,43.45473,0
            5.464,43.45472,0
            5.46393,43.45472,0
            5.46384,43.45474,0
            5.46379,43.45478,0
            5.46407,43.45484,0
            5.46414,43.45492,0
            5.46416,43.45497,0
            5.46416,43.45501,0
            5.46415,43.45504,0
            5.46415,43.45507,0
            5.46413,43.45515,0
            5.46408,43.45525,0
            5.46405,43.4553,0
            5.46401,43.45534,0
            5.46396,43.45537,0
            5.46384,43.45541,0
            5.46361,43.45547,0
            5.46351,43.45549,0
            5.4635,43.45549,0
            5.46337,43.45553,0
            5.46329,43.45554,0
            5.46327,43.45554,0
            5.46329,43.45554,0
            5.46337,43.45553,0
            5.4635,43.45549,0
            5.46351,43.45549,0
            5.46361,43.45547,0
            5.46384,43.45541,0
            5.46396,43.45537,0
            5.46401,43.45534,0
            5.46405,43.4553,0
            5.46408,43.45525,0
            5.46413,43.45515,0
            5.46415,43.45507,0
            5.46415,43.45504,0
            5.46416,43.45501,0
            5.46416,43.45497,0
            5.46414,43.45492,0
            5.46407,43.45484,0
            5.46379,43.45478,0
            5.46384,43.45474,0
            5.46393,43.45472,0
            5.464,43.45472,0
            5.46405,43.45473,0
            5.4641,43.45472,0
            5.46416,43.45472,0
            5.46421,43.45471,0
            5.46424,43.45468,0
            5.46427,43.45464,0
            5.46438,43.45462,0
            5.46443,43.4546,0
            5.46446,43.45458,0
            5.46449,43.45451,0
            5.46452,43.45441,0
            5.46457,43.45437,0
            5.46474,43.454,0
            5.46454,43.45394,0
            5.46446,43.4539,0
            5.46433,43.45382,0
            5.46365,43.45346,0
            5.4635,43.45335,0
            5.46347,43.45331,0
            5.46344,43.45326,0
            5.46344,43.4532,0
            5.46346,43.45316,0
            5.46348,43.4531,0
            5.46346,43.45305,0
            5.46293,43.45215,0
            5.46289,43.4521,0
            5.46284,43.45205,0
            5.46273,43.45201,0
            5.46312,43.45189,0
            5.46317,43.45189,0
            5.46331,43.45201,0
            5.46359,43.45197,0
            5.46383,43.4519,0
            5.46389,43.45201,0
            5.46397,43.45213,0
            5.46407,43.45232,0
            5.46415,43.45244,0
            5.46425,43.45261,0
            5.46428,43.45267,0
            5.46433,43.45273,0
            5.46435,43.45278,0
            5.46438,43.45282,0
            5.46441,43.45287,0
            5.46447,43.45295,0
            5.4646,43.45315,0
            5.46467,43.45323,0
            5.46473,43.45328,0
            5.46476,43.4533,0
            5.46521,43.45347,0
            5.46525,43.45345,0
            5.46537,43.45349,0
            5.46538,43.45348,0
            5.46544,43.45345,0
            5.46549,43.45345,0
            5.46556,43.45347,0
            5.46559,43.45349,0
            5.46561,43.45352,0
            5.46562,43.45355,0
            5.46562,43.45359,0
            5.46561,43.45361,0
            5.46558,43.45364,0
            5.46551,43.45366,0
            5.46547,43.45366,0
            5.46544,43.45365,0
            5.46538,43.45373,0
            5.46511,43.45419,0
            5.4651,43.4542,0
            5.46508,43.45425,0
            5.4647,43.45486,0
            5.46468,43.4549,0
            5.46466,43.45498,0
            5.46466,43.45502,0
            5.46469,43.45507,0
            5.46483,43.4551,0
            5.46496,43.45516,0
            5.46505,43.45521,0
            5.46508,43.45525,0
            5.46511,43.45528,0
            5.46514,43.45533,0
            5.46515,43.45536,0
            5.46514,43.4554,0
            5.46514,43.45542,0
            5.46512,43.45543,0
            5.46509,43.45545,0
            5.46506,43.45546,0
            5.46502,43.45552,0
            5.46467,43.45595,0
            5.46424,43.45643,0
            5.46421,43.45647,0
            5.46414,43.45654,0
            5.46414,43.45655,0
            5.46413,43.45655,0
            5.46408,43.45661,0
            5.46391,43.45679,0
            5.46388,43.45683,0
            5.46387,43.45684,0
            5.46371,43.45705,0
            5.46374,43.45707,0
            5.46375,43.45712,0
            5.46375,43.45718,0
            5.46373,43.45721,0
            5.46372,43.45723,0
            5.46378,43.45739,0
            5.46383,43.45748,0
            5.46384,43.45751,0
            5.46386,43.45754,0
            5.46389,43.45756,0
            5.46392,43.45759,0
            5.46405,43.45768,0
            5.46468,43.45816,0
            5.46471,43.45819,0
            5.46482,43.45828,0
            5.46499,43.45845,0
            5.46507,43.45854,0
            5.46515,43.45865,0
            5.46536,43.45898,0
            5.4654,43.45906,0
            5.46544,43.45912,0
            5.4655,43.45924,0
            5.46552,43.45929,0
            5.46569,43.45964,0
            5.46569,43.45977,0
            5.46581,43.46008,0
            5.46589,43.46032,0
            5.46595,43.46058,0
            5.46596,43.46065,0
            5.46597,43.46069,0
            5.466,43.46094,0
            5.46602,43.46144,0
            5.46599,43.46284,0
            5.46604,43.46291,0
            5.46606,43.46299,0
            5.46606,43.46323,0
            5.46607,43.46333,0
            5.46607,43.46357,0
            5.46608,43.46369,0
            5.46608,43.46387,0
            5.4661,43.46425,0
            5.46612,43.46437,0
            5.46615,43.46445,0
            5.46623,43.46453,0
            5.46633,43.46455,0
            5.46642,43.46459,0
            5.46646,43.46463,0
            5.4665,43.46468,0
            5.46654,43.46478,0
            5.46654,43.46484,0
            5.46652,43.4649,0
            5.46651,43.46491,0
            5.4665,43.46493,0
            5.46649,43.46494,0
            5.46647,43.46495,0
            5.46645,43.46498,0
            5.46644,43.46498,0
            5.46639,43.465,0
            5.46612,43.46505,0
            5.46605,43.46505,0
            5.46581,43.46508,0
            5.46567,43.46508,0
            5.46562,43.46507,0
            5.46559,43.46506,0
            5.46558,43.46506,0
            5.46551,43.46503,0
            5.46542,43.46496,0
            5.46519,43.46493,0
            5.46497,43.46493,0
            5.46486,43.46494,0
            5.46474,43.46496,0
            5.46471,43.46496,0
            5.4646,43.46498,0
            5.46412,43.46511,0
            5.46395,43.46517,0
            5.4638,43.46524,0
            5.46376,43.46525,0
            5.46359,43.46533,0
            5.46256,43.4659,0
            5.46243,43.46601,0
            5.46225,43.46618,0
            5.46206,43.46639,0
            5.46191,43.4666,0
            5.4617,43.46692,0
            5.46153,43.46725,0
            5.46149,43.46737,0
            5.46124,43.4684,0
            5.46116,43.4688,0
            5.46094,43.46959,0
            5.46094,43.4696,0
            5.46078,43.47006,0
            5.46069,43.47025,0
            5.46062,43.47037,0
            5.46058,43.47045,0
            5.46052,43.47051,0
            5.4605,43.47054,0
            5.46037,43.47068,0
            5.46007,43.47094,0
            5.45962,43.47116,0
            5.45929,43.47128,0
            5.45905,43.47134,0
            5.45883,43.47138,0
            5.45864,43.4714,0
            5.45809,43.47142,0
            5.45666,43.47142,0
            5.45637,43.47143,0
            5.45612,43.47142,0
            5.45548,43.47142,0
            5.45525,43.47141,0
            5.45495,43.47137,0
            5.45451,43.47127,0
            5.4527,43.47071,0
            5.45259,43.47071,0
            5.45251,43.4707,0
            5.45207,43.47068,0
            5.45169,43.47072,0
            5.45144,43.47077,0
            5.45081,43.47099,0
            5.4507,43.47105,0
            5.45008,43.47132,0
            5.44958,43.47152,0
            5.44877,43.47176,0
            5.44861,43.47177,0
            5.44836,43.47183,0
            5.44795,43.47189,0
            5.44708,43.47195,0
            5.44584,43.472,0
            5.44548,43.47198,0
            5.44411,43.47186,0
            5.44373,43.47186,0
            5.4434,43.4719,0
            5.44302,43.47199,0
            5.44217,43.47227,0
            5.44172,43.47236,0
            5.44074,43.47247,0
            5.4405,43.47252,0
            5.44023,43.47261,0
            5.44013,43.47266,0
            5.43989,43.47274,0
            5.43982,43.47277,0
            5.43909,43.473,0
            5.43791,43.47331,0
            5.43782,43.47332,0
            5.43715,43.4735,0
            5.43689,43.4736,0
            5.4367,43.47369,0
            5.43669,43.4737,0
            5.43499,43.47453,0
            5.43461,43.47469,0
            5.4343,43.47477,0
            5.4342,43.47479,0
            5.43402,43.47481,0
            5.4339,43.47485,0
            5.43374,43.47485,0
            5.43315,43.47489,0
            5.4327,43.47495,0
            5.43242,43.47503,0
            5.43218,43.47511,0
            5.43207,43.47516,0
            5.43176,43.47534,0
            5.43161,43.47544,0
            5.43099,43.47594,0
            5.43058,43.47619,0
            5.4295,43.47663,0
            5.42941,43.47666,0
            5.42872,43.47695,0
            5.42868,43.47696,0
            5.42719,43.47755,0
            5.42661,43.47782,0
            5.42619,43.47808,0
            5.42578,43.4784,0
            5.42529,43.47882,0
            5.42523,43.47886,0
            5.42517,43.47889,0
            5.42512,43.47893,0
            5.42472,43.47914,0
            5.42452,43.47923,0
            5.4242,43.47943,0
            5.4235,43.47998,0
            5.42338,43.48005,0
            5.42337,43.48006,0
            5.42309,43.48026,0
            5.42308,43.48026,0
            5.42294,43.48036,0
            5.42282,43.48043,0
            5.42262,43.48053,0
            5.42261,43.48053,0
            5.42222,43.48069,0
            5.42217,43.4807,0
            5.42203,43.48074,0
            5.42201,43.48075,0
            5.42194,43.48076,0
            5.42152,43.48085,0
            5.41864,43.48133,0
            5.41863,43.48133,0
            5.41837,43.48141,0
            5.41826,43.48146,0
            5.41813,43.48151,0
            5.41802,43.48157,0
            5.41782,43.48171,0
            5.41763,43.48188,0
            5.41742,43.48216,0
            5.41711,43.4825,0
            5.41694,43.48263,0
            5.41676,43.48275,0
            5.41676,43.48276,0
            5.41661,43.48285,0
            5.41623,43.48302,0
            5.41608,43.48307,0
            5.41573,43.48315,0
            5.41515,43.48324,0
            5.41451,43.48336,0
            5.41444,43.48336,0
            5.41433,43.48339,0
            5.414,43.4835,0
            5.41361,43.48368,0
            5.41358,43.48369,0
            5.41342,43.48378,0
            5.4132,43.48392,0
            5.41319,43.48392,0
            5.41296,43.48408,0
            5.41226,43.48463,0
            5.4115,43.48533,0
            5.41116,43.48568,0
            5.41088,43.48601,0
            5.41046,43.48654,0
            5.40925,43.48827,0
            5.40879,43.4889,0
            5.40867,43.48903,0
            5.4085,43.48917,0
            5.40822,43.48943,0
            5.4081,43.48959,0
            5.40808,43.48961,0
            5.40781,43.49011,0
            5.40763,43.4905,0
            5.40748,43.49105,0
            5.40747,43.49112,0
            5.40746,43.49115,0
            5.40746,43.49118,0
            5.40745,43.49118,0
            5.40736,43.49123,0
            5.40732,43.49151,0
            5.40727,43.492,0
            5.40722,43.49236,0
            5.40717,43.49287,0
            5.40703,43.494,0
            5.40703,43.49405,0
            5.40698,43.49439,0
            5.40698,43.49444,0
            5.40692,43.49494,0
            5.4069,43.49503,0
            5.40681,43.49576,0
            5.40681,43.49584,0
            5.40676,43.4964,0
            5.40675,43.49666,0
            5.40673,43.49682,0
            5.40671,43.49733,0
            5.40672,43.49815,0
            5.40676,43.49865,0
            5.40677,43.49869,0
            5.40688,43.49944,0
            5.40698,43.49994,0
            5.40707,43.50029,0
            5.40714,43.50051,0
            5.40717,43.50064,0
            5.40732,43.5011,0
            5.40773,43.50207,0
            5.40812,43.50289,0
            5.4086,43.50371,0
            5.40874,43.50391,0
            5.40875,43.50393,0
            5.40881,43.50401,0
            5.40882,43.50403,0
            5.40893,43.50418,0
            5.40894,43.50421,0
            5.4091,43.50441,0
            5.40916,43.5045,0
            5.40918,43.50452,0
            5.40926,43.50462,0
            5.40933,43.50472,0
            5.40959,43.50503,0
            5.4096,43.50505,0
            5.4102,43.50572,0
            5.41077,43.50629,0
            5.41126,43.50674,0
            5.41135,43.50681,0
            5.41137,43.50682,0
            5.4116,43.50703,0
            5.41166,43.50707,0
            5.41178,43.50718,0
            5.41188,43.50726,0
            5.41189,43.50726,0
            5.41199,43.50735,0
            5.41208,43.50742,0
            5.4121,43.50743,0
            5.41219,43.5075,0
            5.41221,43.50752,0
            5.41232,43.5076,0
            5.41234,43.50762,0
            5.41241,43.50767,0
            5.41243,43.50769,0
            5.41314,43.50819,0
            5.4132,43.50822,0
            5.41363,43.5085,0
            5.4138,43.50857,0
            5.41383,43.50859,0
            5.41448,43.50895,0
            5.41462,43.50904,0
            5.41469,43.50907,0
            5.41525,43.50937,0
            5.41574,43.50961,0
            5.41595,43.5097,0
            5.41606,43.50976,0
            5.4168,43.51008,0
            5.41682,43.51008,0
            5.4171,43.5102,0
            5.41717,43.51022,0
            5.41774,43.51044,0
            5.41831,43.51064,0
            5.41861,43.51073,0
            5.41881,43.5108,0
            5.42016,43.51117,0
            5.4204,43.51122,0
            5.42042,43.51122,0
            5.42049,43.51124,0
            5.42087,43.51132,0
            5.42102,43.51136,0
            5.42271,43.51171,0
            5.42286,43.51175,0
            5.42301,43.51178,0
            5.42368,43.51199,0
            5.42383,43.51205,0
            5.42396,43.51209,0
            5.42417,43.51217,0
            5.42445,43.51229,0
            5.42457,43.51228,0
            5.42688,43.51333,0
            5.42737,43.51357,0
            5.42784,43.51383,0
            5.42827,43.51411,0
            5.42884,43.51455,0
            5.4305,43.51594,0
            5.4317,43.5169,0
            5.43171,43.5169,0
            5.43177,43.51696,0
            5.43178,43.51696,0
            5.43182,43.517,0
            5.43187,43.51704,0
            5.43189,43.51705,0
            5.43192,43.51708,0
            5.43259,43.51765,0
            5.43298,43.51793,0
            5.43309,43.51799,0
            5.43344,43.51824,0
            5.43346,43.51825,0
            5.43349,43.51828,0
            5.43351,43.51829,0
            5.43357,43.51835,0
            5.43358,43.51837,0
            5.43384,43.51865,0
            5.43389,43.51877,0
            5.43391,43.51884,0
            5.43394,43.51892,0
            5.43395,43.51896,0
            5.43396,43.51898,0
            5.43397,43.51901,0
            5.43398,43.51903,0
            5.434,43.51905,0
            5.43401,43.51907,0
            5.4351,43.52022,0
            5.43523,43.52034,0
            5.43526,43.52036,0
            5.43639,43.52157,0
            5.43645,43.52165,0
            5.43651,43.52176,0
            5.43656,43.52187,0
            5.43661,43.52204,0
            5.43667,43.52218,0
            5.43684,43.52253,0
            5.43687,43.52268,0
            5.43727,43.52353,0
            5.43728,43.52365,0
            5.43747,43.52414,0
            5.43752,43.52429,0
            5.43756,43.52435,0
            5.43757,43.52438,0
            5.43759,43.52441,0
            5.43761,43.52443,0
            5.43765,43.52449,0
            5.43773,43.52457,0
            5.43908,43.5262,0
            5.43912,43.52624,0
            5.43914,43.52625,0
            5.43915,43.52626,0
            5.43916,43.52626,0
            5.43927,43.52632,0
            5.4393,43.52633,0
            5.43933,43.52633,0
            5.43935,43.52635,0
            5.43937,43.52636,0
            5.43942,43.52641,0
            5.43953,43.52645,0
            5.43962,43.52647,0
            5.43992,43.52647,0
            5.44019,43.52643,0
            5.44024,43.52641,0
            5.44028,43.5264,0
            5.44035,43.52637,0
            5.44041,43.52635,0
            5.44053,43.52629,0
            5.44078,43.52619,0
            5.44079,43.52618,0
            5.44089,43.52614,0
            5.44109,43.52603,0
            5.44118,43.52599,0
            5.44123,43.52598,0
            5.44126,43.52596,0
            5.44134,43.52593,0
            5.44141,43.52591,0
            5.44143,43.52591,0
            5.44162,43.52587,0
            5.442,43.52583,0
            5.44213,43.5258,0
            5.44216,43.52579,0
            5.44222,43.52578,0
            5.44238,43.52571,0
            5.44282,43.52549,0
            5.44349,43.52507,0
            5.44408,43.52474,0
            5.44413,43.52472,0
            5.44417,43.52469,0
            5.44422,43.52467,0
            5.44425,43.52464,0
            5.44431,43.52461,0
            5.44432,43.52459,0
            5.44437,43.52454,0
            5.44442,43.52445,0
            5.44443,43.52441,0
            5.44457,43.524,0
            5.44464,43.52384,0
            5.44466,43.52381,0
            5.44466,43.5238,0
            5.44467,43.52379,0
            5.44468,43.52377,0
            5.4447,43.52375,0
            5.44472,43.52372,0
            5.44475,43.52369,0
            5.44483,43.52359,0
            5.44484,43.52359,0
            5.44487,43.52355,0
            5.4449,43.52353,0
            5.44496,43.52347,0
            5.44554,43.52308,0
          </coordinates>
        </LineString>
      </Placemark>
      <Placemark>
        <name>Gare de Nîmes, Nîmes, France</name>
        <styleUrl>#icon-1899-DB4436-nodesc</styleUrl>
        <Point>
          <coordinates>
            4.3661621,43.8328261,0
          </coordinates>
        </Point>
      </Placemark>
      <Placemark>
        <name>Nîmes Pont du Gard, Manduel, France</name>
        <styleUrl>#icon-1899-DB4436-nodesc</styleUrl>
        <Point>
          <coordinates>
            4.5063341,43.8165858,0
          </coordinates>
        </Point>
      </Placemark>
      <Placemark>
        <name>Tarascon-sur-Rhône, Tarascon, France</name>
        <styleUrl>#icon-1899-DB4436-nodesc</styleUrl>
        <Point>
          <coordinates>
            4.6571955,43.8014053,0
          </coordinates>
        </Point>
      </Placemark>
      <Placemark>
        <name><![CDATA[Gare d'Arles, Arles, France]]></name>
        <styleUrl>#icon-1899-DB4436-nodesc</styleUrl>
        <Point>
          <coordinates>
            4.6317587,43.6848084,0
          </coordinates>
        </Point>
      </Placemark>
      <Placemark>
        <name>Gare de Miramas, Miramas, France</name>
        <styleUrl>#icon-1899-DB4436-nodesc</styleUrl>
        <Point>
          <coordinates>
            4.9994822,43.5806176,0
          </coordinates>
        </Point>
      </Placemark>
      <Placemark>
        <name>Marseille Saint-Charles, Square Narvik, Marseille, France</name>
        <styleUrl>#icon-1899-DB4436-nodesc</styleUrl>
        <Point>
          <coordinates>
            5.3814348,43.3025408,0
          </coordinates>
        </Point>
      </Placemark>
      <Placemark>
        <name>Gare de Simiane, Simiane-Collongue, France</name>
        <styleUrl>#icon-1899-DB4436-nodesc</styleUrl>
        <Point>
          <coordinates>
            5.4261659,43.4346703,0
          </coordinates>
        </Point>
      </Placemark>
      <Placemark>
        <name>Gare de Gardanne, Gardanne, France</name>
        <styleUrl>#icon-1899-DB4436-nodesc</styleUrl>
        <Point>
          <coordinates>
            5.463269,43.455544,0
          </coordinates>
        </Point>
      </Placemark>
      <Placemark>
        <name><![CDATA[Gare d'Aix-en-Provence Ville, Rue Gustave Desplaces, Aix-en-Provence, France]]></name>
        <styleUrl>#icon-1899-DB4436-nodesc</styleUrl>
        <Point>
          <coordinates>
            5.4455428,43.5230754,0
          </coordinates>
        </Point>
      </Placemark>
    </Folder>
    <Folder>
      <name>Saturday, May 9 PM</name>
      <Placemark>
        <name>Saturday, May 9 PM</name>
        <styleUrl>#line-1267FF-5000-nodesc</styleUrl>
        <LineString>
          <tessellate>1</tessellate>
          <coordinates>
            5.38143,43.30254,0
            5.38136,43.30249,0
            5.38077,43.30218,0
            5.38074,43.30215,0
            5.38074,43.30212,0
            5.38076,43.30208,0
            5.38078,43.30206,0
            5.38082,43.30204,0
            5.38084,43.30204,0
            5.38087,43.30203,0
            5.3809,43.30203,0
            5.38096,43.30202,0
            5.38105,43.30204,0
            5.38173,43.30213,0
            5.38198,43.30215,0
            5.38293,43.30228,0
            5.38295,43.30228,0
            5.38318,43.30232,0
            5.38322,43.30232,0
            5.38328,43.30231,0
            5.38337,43.30231,0
            5.38347,43.30218,0
            5.38355,43.30224,0
            5.38426,43.30263,0
            5.38464,43.3028,0
            5.38481,43.3029,0
            5.38534,43.30318,0
            5.38712,43.30406,0
            5.38724,43.30409,0
            5.38903,43.30433,0
            5.38986,43.30455,0
            5.38987,43.30456,0
            5.39016,43.30466,0
            5.39052,43.30482,0
            5.39156,43.30533,0
            5.3922,43.30459,0
            5.39297,43.30376,0
            5.39297,43.30375,0
            5.39309,43.30361,0
            5.3931,43.30359,0
            5.39313,43.30357,0
            5.39356,43.30306,0
            5.39447,43.30205,0
            5.39516,43.30229,0
            5.39518,43.3023,0
            5.39541,43.30237,0
            5.39546,43.30239,0
            5.39552,43.30224,0
            5.39589,43.30163,0
            5.39597,43.30153,0
            5.39602,43.30148,0
            5.39613,43.30154,0
            5.39647,43.30162,0
            5.39658,43.30163,0
            5.39723,43.30174,0
            5.39726,43.30174,0
            5.39746,43.30177,0
            5.39788,43.3018,0
            5.39794,43.3018,0
            5.39806,43.30181,0
            5.39811,43.30182,0
            5.40035,43.30192,0
            5.40039,43.30193,0
            5.40054,43.30193,0
            5.40054,43.30188,0
            5.40055,43.30178,0
            5.40072,43.30171,0
            5.40239,43.30181,0
            5.40258,43.30183,0
            5.40246,43.30297,0
            5.40244,43.30306,0
            5.40244,43.30311,0
            5.40349,43.30326,0
            5.40353,43.30327,0
            5.40373,43.30329,0
            5.40378,43.30329,0
            5.40397,43.30332,0
            5.40411,43.30333,0
            5.40533,43.3035,0
            5.40649,43.3037,0
            5.4066,43.30373,0
            5.40691,43.30377,0
            5.40702,43.3038,0
            5.40709,43.30383,0
            5.4072,43.30389,0
            5.40726,43.30396,0
            5.4073,43.30404,0
            5.40733,43.30414,0
            5.4074,43.30431,0
            5.40746,43.30439,0
            5.40752,43.30445,0
            5.40762,43.30451,0
            5.40791,43.30461,0
            5.40829,43.30462,0
            5.40844,43.3046,0
            5.40877,43.30451,0
            5.40887,43.30447,0
            5.409,43.3044,0
            5.40936,43.30416,0
            5.40954,43.30406,0
            5.4096,43.30404,0
            5.40978,43.30402,0
            5.40995,43.30402,0
            5.41033,43.30406,0
            5.41225,43.3042,0
            5.41272,43.30425,0
            5.41306,43.30427,0
            5.4142,43.30438,0
            5.41447,43.30442,0
            5.41455,43.30444,0
            5.41475,43.30446,0
            5.41503,43.30451,0
            5.41515,43.30454,0
            5.41543,43.30463,0
            5.41559,43.3047,0
            5.41595,43.30488,0
            5.41656,43.30516,0
            5.41676,43.30523,0
            5.4169,43.30529,0
            5.41692,43.30529,0
            5.41713,43.30535,0
            5.41731,43.30542,0
            5.41844,43.3058,0
            5.41873,43.30586,0
            5.41882,43.30587,0
            5.41903,43.30592,0
            5.41908,43.30594,0
            5.41948,43.30606,0
            5.41949,43.30606,0
            5.41953,43.30608,0
            5.42035,43.30635,0
            5.421,43.30659,0
            5.42121,43.30668,0
            5.42143,43.30679,0
            5.42152,43.30682,0
            5.42235,43.30692,0
            5.42245,43.30694,0
            5.42285,43.30705,0
            5.42301,43.30708,0
            5.42308,43.3071,0
            5.42319,43.30712,0
            5.42355,43.30722,0
            5.42386,43.30729,0
            5.42387,43.30729,0
            5.42406,43.30733,0
            5.42407,43.30734,0
            5.42411,43.30735,0
            5.42442,43.30736,0
            5.42484,43.30742,0
            5.42488,43.30706,0
            5.42497,43.30646,0
            5.42508,43.30553,0
            5.42518,43.30436,0
            5.42521,43.30419,0
            5.42523,43.30411,0
            5.4252,43.30377,0
            5.4252,43.30356,0
            5.42521,43.30341,0
            5.42516,43.30211,0
            5.42506,43.30083,0
            5.42506,43.30071,0
            5.42505,43.30067,0
            5.42503,43.30044,0
            5.4251,43.30038,0
            5.42504,43.29987,0
            5.42502,43.29977,0
            5.425,43.29954,0
            5.42498,43.29942,0
            5.42497,43.2993,0
            5.42496,43.29925,0
            5.42495,43.29915,0
            5.42493,43.29904,0
            5.42488,43.29863,0
            5.42488,43.29856,0
            5.42474,43.29753,0
            5.42474,43.29747,0
            5.42472,43.2974,0
            5.42467,43.29679,0
            5.4245,43.29543,0
            5.42449,43.29538,0
            5.42448,43.29527,0
            5.42446,43.29517,0
            5.42439,43.29456,0
            5.42439,43.29449,0
            5.42437,43.29436,0
            5.4243,43.29321,0
            5.42428,43.29303,0
            5.42429,43.29171,0
            5.4243,43.29161,0
            5.42431,43.29128,0
            5.4244,43.29001,0
            5.4244,43.28993,0
            5.42446,43.28923,0
            5.42446,43.28913,0
            5.42447,43.289,0
            5.42449,43.28891,0
            5.4245,43.2888,0
            5.42466,43.28788,0
            5.42478,43.28691,0
            5.4248,43.28682,0
            5.42485,43.2867,0
            5.42495,43.2865,0
            5.42501,43.28641,0
            5.42504,43.28638,0
            5.4251,43.2863,0
            5.42529,43.28612,0
            5.42538,43.28605,0
            5.4254,43.28603,0
            5.4255,43.28597,0
            5.42553,43.28596,0
            5.42563,43.28589,0
            5.42565,43.28589,0
            5.42576,43.28583,0
            5.4259,43.28578,0
            5.42591,43.28577,0
            5.42593,43.28577,0
            5.42604,43.28573,0
            5.42633,43.28566,0
            5.42651,43.28563,0
            5.42661,43.28563,0
            5.42668,43.28562,0
            5.4269,43.28561,0
            5.42697,43.28562,0
            5.4271,43.28562,0
            5.42717,43.28563,0
            5.42724,43.28563,0
            5.42764,43.28568,0
            5.42767,43.28568,0
            5.42827,43.28576,0
            5.42842,43.28576,0
            5.42891,43.28583,0
            5.42892,43.28584,0
            5.42915,43.28587,0
            5.42917,43.28587,0
            5.42919,43.28588,0
            5.43024,43.28603,0
            5.43031,43.28603,0
            5.43031,43.28604,0
            5.43165,43.28623,0
            5.43167,43.28623,0
            5.43181,43.28625,0
            5.43189,43.28627,0
            5.43226,43.28632,0
            5.43235,43.28634,0
            5.43323,43.28647,0
            5.43331,43.28649,0
            5.43642,43.28693,0
            5.43647,43.28693,0
            5.43714,43.28703,0
            5.43727,43.28704,0
            5.43818,43.28718,0
            5.43848,43.28724,0
            5.43851,43.28724,0
            5.43854,43.28725,0
            5.43856,43.28725,0
            5.43859,43.28726,0
            5.4387,43.28728,0
            5.43872,43.28728,0
            5.43972,43.28747,0
            5.43978,43.28749,0
            5.44001,43.28754,0
            5.44002,43.28754,0
            5.44152,43.2879,0
            5.44193,43.28802,0
            5.44199,43.28803,0
            5.44311,43.28838,0
            5.44432,43.28879,0
            5.44776,43.29008,0
            5.44786,43.29013,0
            5.44796,43.29016,0
            5.4504,43.29107,0
            5.45082,43.29124,0
            5.45223,43.29176,0
            5.45244,43.29185,0
            5.45263,43.29192,0
            5.45268,43.29193,0
            5.45333,43.29218,0
            5.45376,43.29233,0
            5.45377,43.29234,0
            5.45664,43.29342,0
            5.45673,43.29346,0
            5.45737,43.29369,0
            5.45794,43.29387,0
            5.45824,43.29395,0
            5.45836,43.29399,0
            5.45843,43.294,0
            5.45848,43.29402,0
            5.45877,43.2941,0
            5.45879,43.2941,0
            5.45914,43.29418,0
            5.45977,43.2943,0
            5.46043,43.2944,0
            5.46046,43.2944,0
            5.46057,43.29442,0
            5.46245,43.29462,0
            5.46252,43.29462,0
            5.4628,43.29465,0
            5.46295,43.29465,0
            5.46313,43.29467,0
            5.46403,43.29469,0
            5.46523,43.29464,0
            5.46546,43.29462,0
            5.46552,43.29461,0
            5.4657,43.2946,0
            5.46905,43.29416,0
            5.46909,43.29416,0
            5.4691,43.29415,0
            5.46913,43.29415,0
            5.47088,43.29392,0
            5.47159,43.2938,0
            5.47384,43.29335,0
            5.47387,43.29335,0
            5.47642,43.29281,0
            5.47652,43.2928,0
            5.47781,43.29255,0
            5.47791,43.29254,0
            5.47999,43.29213,0
            5.48001,43.29212,0
            5.48224,43.29167,0
            5.48231,43.29165,0
            5.48457,43.2912,0
            5.48458,43.2912,0
            5.4846,43.29119,0
            5.48534,43.29105,0
            5.48565,43.29098,0
            5.48578,43.29096,0
            5.48725,43.29066,0
            5.48727,43.29066,0
            5.48808,43.2905,0
            5.4882,43.29047,0
            5.48829,43.29046,0
            5.4921,43.28969,0
            5.49213,43.28968,0
            5.49478,43.28915,0
            5.49491,43.28913,0
            5.49678,43.28875,0
            5.49686,43.28874,0
            5.49895,43.28831,0
            5.49896,43.28831,0
            5.50134,43.28784,0
            5.50145,43.28781,0
            5.50639,43.28683,0
            5.50655,43.28679,0
            5.51194,43.28573,0
            5.51377,43.28546,0
            5.51397,43.28544,0
            5.5143,43.28539,0
            5.51433,43.28539,0
            5.51825,43.28483,0
            5.51838,43.28482,0
            5.51884,43.28475,0
            5.51889,43.28475,0
            5.51892,43.28474,0
            5.51898,43.28474,0
            5.51917,43.28471,0
            5.51985,43.28465,0
            5.52011,43.28464,0
            5.52034,43.28462,0
            5.52065,43.28462,0
            5.52082,43.28461,0
            5.52131,43.28461,0
            5.52246,43.28467,0
            5.52258,43.28469,0
            5.52269,43.2847,0
            5.52278,43.2847,0
            5.52872,43.28549,0
            5.52888,43.28552,0
            5.52901,43.28553,0
            5.53057,43.28574,0
            5.5308,43.28578,0
            5.53389,43.28619,0
            5.53399,43.28621,0
            5.53615,43.2865,0
            5.53621,43.2865,0
            5.54593,43.28781,0
            5.54615,43.2878,0
            5.54637,43.28784,0
            5.54683,43.2879,0
            5.54757,43.28803,0
            5.54796,43.28812,0
            5.54803,43.28813,0
            5.54854,43.28825,0
            5.54914,43.28842,0
            5.55201,43.28933,0
            5.55202,43.28934,0
            5.55228,43.28943,0
            5.55312,43.28979,0
            5.5533,43.28989,0
            5.55337,43.28994,0
            5.55384,43.2902,0
            5.55411,43.29037,0
            5.55464,43.29075,0
            5.55479,43.2908,0
            5.5548,43.2908,0
            5.55496,43.29092,0
            5.55504,43.291,0
            5.55506,43.29101,0
            5.55525,43.29117,0
            5.55535,43.29128,0
            5.55555,43.29146,0
            5.556,43.29193,0
            5.55606,43.29201,0
            5.5561,43.29205,0
            5.55616,43.29214,0
            5.55622,43.29221,0
            5.55657,43.29272,0
            5.55766,43.29399,0
            5.55771,43.29404,0
            5.55772,43.29406,0
            5.55777,43.2941,0
            5.55781,43.29412,0
            5.55786,43.29417,0
            5.55787,43.29417,0
            5.5579,43.29419,0
            5.55802,43.29425,0
            5.55807,43.29426,0
            5.55808,43.29425,0
            5.55809,43.29425,0
            5.5581,43.29424,0
            5.55823,43.29424,0
            5.55824,43.29425,0
            5.55826,43.29425,0
            5.55826,43.29426,0
            5.55828,43.29426,0
            5.55828,43.29427,0
            5.55829,43.29427,0
            5.55829,43.29428,0
            5.5583,43.29428,0
            5.5583,43.29429,0
            5.55843,43.29428,0
            5.5585,43.29426,0
            5.55852,43.29426,0
            5.55867,43.29422,0
            5.55868,43.29421,0
            5.55875,43.29421,0
            5.55882,43.29419,0
            5.55889,43.29416,0
            5.55911,43.29413,0
            5.55931,43.29414,0
            5.55951,43.29419,0
            5.56017,43.29454,0
            5.56034,43.29464,0
            5.56035,43.29464,0
            5.56046,43.29471,0
            5.56049,43.29472,0
            5.56057,43.29477,0
            5.56063,43.2948,0
            5.56073,43.29484,0
            5.56083,43.29487,0
            5.56084,43.29487,0
            5.56096,43.2949,0
            5.56116,43.29493,0
            5.56176,43.29491,0
            5.56362,43.29473,0
            5.5637,43.29473,0
            5.56393,43.2947,0
            5.56403,43.2947,0
            5.56406,43.29469,0
            5.56408,43.2949,0
            5.56409,43.29493,0
            5.56415,43.29526,0
            5.56419,43.29532,0
            5.56425,43.29536,0
            5.56453,43.29536,0
            5.56462,43.29538,0
            5.56505,43.29544,0
            5.56569,43.29556,0
            5.56578,43.2956,0
            5.56589,43.29563,0
            5.56658,43.29577,0
            5.5671,43.29596,0
            5.56736,43.29604,0
            5.56845,43.2963,0
            5.56847,43.2963,0
            5.56858,43.29633,0
            5.56891,43.29639,0
            5.56892,43.29639,0
            5.5694,43.29648,0
            5.5695,43.29648,0
            5.56966,43.29646,0
            5.56975,43.29644,0
            5.56982,43.29641,0
            5.57139,43.29594,0
            5.57143,43.29592,0
            5.57285,43.2955,0
            5.57301,43.29544,0
            5.57305,43.29539,0
            5.5731,43.29534,0
            5.57314,43.29531,0
            5.57318,43.29527,0
            5.57333,43.29519,0
            5.57342,43.29517,0
            5.5736,43.29511,0
            5.57364,43.29508,0
            5.57368,43.29503,0
            5.57368,43.29501,0
            5.57369,43.29499,0
            5.57368,43.29496,0
            5.57365,43.2949,0
            5.57363,43.29482,0
            5.57359,43.29481,0
            5.57356,43.29481,0
            5.57351,43.29476,0
            5.5735,43.29473,0
            5.5735,43.29469,0
            5.57351,43.29467,0
            5.57351,43.29466,0
            5.57352,43.29466,0
            5.57352,43.29465,0
            5.57353,43.29465,0
            5.57353,43.29464,0
            5.57354,43.29463,0
            5.57355,43.29463,0
            5.57355,43.29462,0
            5.57357,43.29462,0
            5.57357,43.29461,0
            5.57359,43.29461,0
            5.57359,43.2946,0
            5.57372,43.2946,0
            5.57372,43.29461,0
            5.57374,43.29461,0
            5.57374,43.29462,0
            5.57376,43.29462,0
            5.57376,43.29463,0
            5.57377,43.29463,0
            5.57378,43.29464,0
            5.574,43.29468,0
            5.57407,43.29471,0
            5.57408,43.29472,0
            5.57422,43.29476,0
            5.57438,43.29484,0
            5.57451,43.29494,0
            5.57505,43.29512,0
            5.57519,43.29518,0
            5.57638,43.29587,0
            5.57641,43.29588,0
            5.57649,43.29593,0
            5.57654,43.29593,0
            5.57658,43.29594,0
            5.57673,43.29602,0
            5.57699,43.29612,0
            5.57716,43.29616,0
            5.57731,43.29621,0
            5.57739,43.29623,0
            5.57819,43.29636,0
            5.57844,43.29641,0
            5.5785,43.29643,0
            5.57888,43.29649,0
            5.57933,43.29654,0
            5.58017,43.29656,0
            5.58058,43.29653,0
            5.58152,43.29635,0
            5.58229,43.29624,0
            5.58245,43.29623,0
            5.58247,43.29624,0
            5.58255,43.29624,0
            5.58268,43.29626,0
            5.58292,43.29628,0
            5.58297,43.29628,0
            5.58314,43.29625,0
            5.58323,43.29622,0
            5.58327,43.29618,0
            5.5833,43.29616,0
            5.58336,43.29614,0
            5.58345,43.29614,0
            5.58346,43.29615,0
            5.58348,43.29615,0
            5.5835,43.29616,0
            5.58351,43.29617,0
            5.58352,43.29617,0
            5.58355,43.2962,0
            5.58356,43.2962,0
            5.58356,43.29621,0
            5.58357,43.29622,0
            5.58357,43.29623,0
            5.58358,43.29624,0
            5.58358,43.29626,0
            5.58359,43.29627,0
            5.58359,43.29628,0
            5.58367,43.29632,0
            5.58376,43.29638,0
            5.58386,43.29643,0
            5.58411,43.29648,0
            5.58448,43.29658,0
            5.58464,43.29664,0
            5.58562,43.29711,0
            5.58576,43.29716,0
            5.58577,43.29716,0
            5.5859,43.29721,0
            5.58636,43.29735,0
            5.58662,43.2974,0
            5.58669,43.29742,0
            5.58679,43.29743,0
            5.58766,43.29757,0
            5.58781,43.29761,0
            5.58812,43.29766,0
            5.58821,43.29766,0
            5.5883,43.29767,0
            5.5884,43.29766,0
            5.58849,43.29766,0
            5.58863,43.29764,0
            5.58863,43.29763,0
            5.58864,43.29763,0
            5.58865,43.29762,0
            5.58867,43.29762,0
            5.58867,43.29761,0
            5.58868,43.29761,0
            5.58881,43.2975,0
            5.58881,43.29748,0
            5.58882,43.29746,0
            5.58883,43.2974,0
            5.58883,43.29727,0
            5.58879,43.29678,0
            5.58878,43.29674,0
            5.58875,43.29643,0
            5.58874,43.29642,0
            5.58874,43.29639,0
            5.58868,43.29602,0
            5.58851,43.29539,0
            5.58848,43.29532,0
            5.58842,43.29513,0
            5.58846,43.29507,0
            5.58846,43.29504,0
            5.58776,43.29314,0
            5.58775,43.2931,0
            5.58716,43.29148,0
            5.58713,43.29138,0
            5.58697,43.29094,0
            5.58683,43.29047,0
            5.5867,43.28995,0
            5.58653,43.28887,0
            5.58652,43.28883,0
            5.58643,43.28814,0
            5.58643,43.28812,0
            5.58631,43.28741,0
            5.5862,43.28693,0
            5.58601,43.28634,0
            5.58594,43.28617,0
            5.58593,43.28613,0
            5.58588,43.286,0
            5.58583,43.2859,0
            5.58574,43.28567,0
            5.58508,43.28418,0
            5.58505,43.2841,0
            5.58479,43.28352,0
            5.58475,43.28341,0
            5.58465,43.28319,0
            5.58464,43.28316,0
            5.58436,43.28253,0
            5.58414,43.28195,0
            5.58404,43.28156,0
            5.58404,43.2815,0
            5.58402,43.28137,0
            5.584,43.28114,0
            5.584,43.28088,0
            5.58402,43.28069,0
            5.58403,43.28066,0
            5.58407,43.28042,0
            5.58413,43.2802,0
            5.58417,43.28009,0
            5.58432,43.27974,0
            5.58458,43.27931,0
            5.58467,43.27919,0
            5.58484,43.279,0
            5.58492,43.2789,0
            5.5851,43.27872,0
            5.58562,43.27827,0
            5.58569,43.27818,0
            5.58573,43.27814,0
            5.5866,43.27745,0
            5.58662,43.27743,0
            5.58675,43.27733,0
            5.58685,43.27723,0
            5.58692,43.27715,0
            5.58702,43.27705,0
            5.58736,43.27666,0
            5.58751,43.27645,0
            5.58777,43.27603,0
            5.58795,43.27569,0
            5.5882,43.27515,0
            5.5883,43.27491,0
            5.5883,43.2749,0
            5.58836,43.27476,0
            5.5885,43.27434,0
            5.58853,43.27422,0
            5.58854,43.27421,0
            5.58857,43.27411,0
            5.58858,43.27403,0
            5.58867,43.27362,0
            5.58871,43.27339,0
            5.58871,43.27337,0
            5.58873,43.27327,0
            5.58874,43.27315,0
            5.58876,43.27302,0
            5.58876,43.27292,0
            5.58878,43.27269,0
            5.58878,43.27246,0
            5.58877,43.27233,0
            5.58877,43.2722,0
            5.58875,43.27199,0
            5.58875,43.27194,0
            5.58874,43.27185,0
            5.58866,43.2714,0
            5.58842,43.27053,0
            5.58832,43.27024,0
            5.58831,43.27019,0
            5.58802,43.26939,0
            5.58789,43.26925,0
            5.58777,43.26895,0
            5.58771,43.26882,0
            5.58761,43.26853,0
            5.58756,43.26841,0
            5.58751,43.26832,0
            5.58746,43.2682,0
            5.58735,43.26802,0
            5.58728,43.26792,0
            5.58723,43.26783,0
            5.58717,43.26776,0
            5.58673,43.26713,0
            5.58669,43.26705,0
            5.58652,43.26676,0
            5.58651,43.26672,0
            5.58645,43.26658,0
            5.58642,43.26653,0
            5.58623,43.2661,0
            5.58602,43.26576,0
            5.58596,43.26565,0
            5.58587,43.26551,0
            5.58584,43.26545,0
            5.58572,43.26527,0
            5.58568,43.26523,0
            5.58559,43.26521,0
            5.58557,43.2652,0
            5.58551,43.26516,0
            5.5855,43.26514,0
            5.58549,43.26513,0
            5.58548,43.2651,0
            5.58544,43.26509,0
            5.58538,43.26506,0
            5.58533,43.26502,0
            5.58528,43.26499,0
            5.5852,43.26493,0
            5.58501,43.26482,0
            5.58492,43.26478,0
            5.58483,43.26473,0
            5.58366,43.2642,0
            5.58345,43.26409,0
            5.58341,43.26406,0
            5.5834,43.26406,0
            5.58333,43.26401,0
            5.58326,43.26397,0
            5.58319,43.26392,0
            5.58287,43.26364,0
            5.5827,43.26347,0
            5.5826,43.26339,0
            5.5826,43.26338,0
            5.58255,43.26335,0
            5.58249,43.2633,0
            5.58229,43.26316,0
            5.58206,43.26302,0
            5.58184,43.26291,0
            5.58081,43.26258,0
            5.58059,43.26254,0
            5.58059,43.26255,0
            5.58057,43.26255,0
            5.58055,43.26256,0
            5.58052,43.26256,0
            5.58051,43.26257,0
            5.58046,43.26257,0
            5.58045,43.26256,0
            5.58041,43.26256,0
            5.5804,43.26255,0
            5.58038,43.26255,0
            5.58036,43.26253,0
            5.58035,43.26253,0
            5.58032,43.2625,0
            5.58032,43.26249,0
            5.5803,43.26247,0
            5.5803,43.26245,0
            5.58029,43.26244,0
            5.58021,43.2624,0
            5.57985,43.26226,0
            5.57984,43.26225,0
            5.57941,43.2621,0
            5.57928,43.26203,0
            5.5791,43.26198,0
            5.57903,43.26195,0
            5.57825,43.2617,0
            5.5772,43.26147,0
            5.57712,43.26146,0
            5.57708,43.26146,0
            5.57665,43.26142,0
            5.57658,43.26142,0
            5.57523,43.2613,0
            5.57494,43.26125,0
            5.57452,43.26112,0
            5.57443,43.2611,0
            5.57405,43.26095,0
            5.57402,43.26096,0
            5.57398,43.26098,0
            5.57394,43.26099,0
            5.57384,43.26099,0
            5.57382,43.26098,0
            5.57379,43.26097,0
            5.57377,43.26095,0
            5.57375,43.26094,0
            5.57373,43.26092,0
            5.57372,43.2609,0
            5.5737,43.26089,0
            5.5737,43.26087,0
            5.57369,43.26085,0
            5.57369,43.26079,0
            5.57339,43.26061,0
            5.57311,43.2605,0
            5.57286,43.26042,0
            5.57277,43.2604,0
            5.57261,43.2603,0
            5.57237,43.26019,0
            5.57228,43.26014,0
            5.57226,43.26014,0
            5.57186,43.25992,0
            5.57161,43.2598,0
            5.57156,43.25977,0
            5.57149,43.25974,0
            5.57146,43.25972,0
            5.56956,43.25876,0
            5.56936,43.25863,0
            5.56925,43.25854,0
            5.56922,43.2585,0
            5.56846,43.25773,0
            5.56825,43.25754,0
            5.56811,43.25744,0
            5.56779,43.25724,0
            5.56778,43.25723,0
            5.56738,43.25699,0
            5.56737,43.25698,0
            5.5673,43.25695,0
            5.56726,43.25691,0
            5.56719,43.25682,0
            5.56714,43.25677,0
            5.56707,43.25677,0
            5.56701,43.25674,0
            5.56699,43.25671,0
            5.56696,43.25668,0
            5.56696,43.25666,0
            5.56695,43.25664,0
            5.56695,43.25661,0
            5.56697,43.25657,0
            5.56699,43.25656,0
            5.567,43.25655,0
            5.56698,43.25649,0
            5.56697,43.25647,0
            5.56693,43.25643,0
            5.56684,43.25638,0
            5.56679,43.25634,0
            5.56626,43.25604,0
            5.56571,43.2557,0
            5.56544,43.25555,0
            5.56524,43.25546,0
            5.5641,43.2551,0
            5.56392,43.25502,0
            5.56315,43.25479,0
            5.56312,43.25477,0
            5.55973,43.25378,0
            5.55965,43.25375,0
            5.55884,43.2535,0
            5.55874,43.25344,0
            5.55871,43.25341,0
            5.55871,43.25338,0
            5.55882,43.25312,0
            5.55883,43.25307,0
            5.55879,43.25298,0
            5.55873,43.25294,0
            5.55787,43.25265,0
            5.55758,43.25251,0
            5.55738,43.25239,0
            5.55718,43.25222,0
            5.55716,43.25219,0
            5.55709,43.25213,0
            5.55688,43.25189,0
            5.55626,43.25129,0
            5.55625,43.25127,0
            5.55605,43.25114,0
            5.55469,43.25042,0
            5.55464,43.25037,0
            5.55339,43.24971,0
            5.55299,43.24954,0
            5.55229,43.24929,0
            5.55223,43.24929,0
            5.55186,43.2492,0
            5.55185,43.24921,0
            5.55184,43.24921,0
            5.55183,43.24922,0
            5.5518,43.24922,0
            5.5518,43.24923,0
            5.55172,43.24923,0
            5.55171,43.24922,0
            5.55169,43.24922,0
            5.55169,43.24921,0
            5.55167,43.24921,0
            5.55167,43.2492,0
            5.55166,43.2492,0
            5.55163,43.24917,0
            5.55163,43.24916,0
            5.55162,43.24915,0
            5.55162,43.24911,0
            5.55136,43.24898,0
            5.55072,43.24875,0
            5.55038,43.24865,0
            5.5495,43.24834,0
            5.54908,43.24821,0
            5.54873,43.24805,0
            5.54859,43.24797,0
            5.54848,43.24788,0
            5.54838,43.24781,0
            5.54815,43.2476,0
            5.54789,43.24734,0
            5.54779,43.24727,0
            5.54776,43.24722,0
            5.54773,43.24715,0
            5.54767,43.24705,0
            5.54764,43.24698,0
            5.54751,43.24674,0
            5.54749,43.24668,0
            5.54734,43.24635,0
            5.54685,43.24511,0
            5.54683,43.24508,0
            5.54682,43.245,0
            5.5468,43.24493,0
            5.54676,43.24486,0
            5.54656,43.24462,0
            5.54639,43.24449,0
            5.54627,43.24442,0
            5.54626,43.24441,0
            5.54616,43.24435,0
            5.54584,43.24422,0
            5.54582,43.24422,0
            5.54495,43.2439,0
            5.54492,43.24388,0
            5.54482,43.24384,0
            5.5447,43.24378,0
            5.5446,43.24372,0
            5.54439,43.24354,0
            5.54432,43.24346,0
            5.54427,43.24339,0
            5.54426,43.24338,0
            5.5442,43.24328,0
            5.54416,43.24319,0
            5.54413,43.2431,0
            5.54406,43.24282,0
            5.54402,43.24271,0
            5.54395,43.2426,0
            5.54388,43.24246,0
            5.5438,43.24235,0
            5.54365,43.24219,0
            5.54363,43.24218,0
            5.54303,43.24173,0
            5.54294,43.24164,0
            5.54287,43.24153,0
            5.54283,43.24139,0
            5.54282,43.24127,0
            5.54284,43.24114,0
            5.54291,43.241,0
            5.54294,43.24097,0
            5.54297,43.24093,0
            5.54324,43.24065,0
            5.54347,43.24039,0
            5.54352,43.24032,0
            5.54358,43.24021,0
            5.54366,43.24014,0
            5.54376,43.23984,0
            5.54375,43.2397,0
            5.54379,43.2393,0
            5.54381,43.23918,0
            5.54385,43.23907,0
            5.54396,43.23887,0
            5.54403,43.23877,0
            5.54413,43.23868,0
            5.54427,43.23858,0
            5.54475,43.23828,0
            5.54486,43.2382,0
            5.545,43.23807,0
            5.54506,43.23798,0
            5.54512,43.23784,0
            5.54514,43.23776,0
            5.54514,43.23767,0
            5.54512,43.23756,0
            5.54504,43.23739,0
            5.54496,43.23729,0
            5.54479,43.23713,0
            5.54408,43.23662,0
            5.54381,43.2364,0
            5.54364,43.23623,0
            5.54351,43.23607,0
            5.54337,43.23583,0
            5.54331,43.23577,0
            5.54324,43.23564,0
            5.54324,43.23563,0
            5.54322,43.23557,0
            5.54321,43.23551,0
            5.54319,43.23544,0
            5.54319,43.23538,0
            5.54317,43.23522,0
            5.54317,43.23505,0
            5.54318,43.23502,0
            5.54319,43.23493,0
            5.54321,43.23485,0
            5.54321,43.23484,0
            5.54326,43.23463,0
            5.54345,43.234,0
            5.5437,43.23326,0
            5.54371,43.23324,0
            5.54374,43.23314,0
            5.54379,43.23303,0
            5.54379,43.23302,0
            5.54382,43.23293,0
            5.54384,43.23284,0
            5.54386,43.23265,0
            5.54386,43.23257,0
            5.54382,43.2323,0
            5.54381,43.23229,0
            5.54379,43.23219,0
            5.54377,43.23212,0
            5.54374,43.23206,0
            5.54371,43.23198,0
            5.54369,43.23195,0
            5.54358,43.23174,0
            5.54352,43.23168,0
            5.54362,43.23164,0
            5.54367,43.23164,0
            5.5437,43.23163,0
            5.54372,43.23163,0
            5.54378,43.23164,0
            5.54382,43.23164,0
            5.54384,43.23165,0
            5.54387,43.23166,0
            5.54397,43.23166,0
            5.54457,43.23162,0
            5.54467,43.23162,0
            5.54475,43.23161,0
            5.54549,43.23158,0
            5.54555,43.23159,0
            5.54557,43.23159,0
            5.54559,43.2316,0
            5.54563,43.2316,0
            5.54576,43.23164,0
            5.54591,43.23172,0
            5.54599,43.23178,0
            5.54632,43.2321,0
            5.54704,43.23275,0
            5.54714,43.23282,0
            5.54745,43.23293,0
            5.54749,43.23295,0
            5.54752,43.23297,0
            5.54752,43.23298,0
            5.54758,43.23304,0
            5.54768,43.23321,0
            5.54779,43.23333,0
            5.54798,43.23347,0
            5.54815,43.23361,0
            5.54823,43.23369,0
            5.54829,43.23376,0
            5.54847,43.234,0
            5.54854,43.23412,0
            5.54862,43.23429,0
            5.54867,43.23438,0
            5.54874,43.23444,0
            5.54882,43.23448,0
            5.54897,43.2345,0
            5.54913,43.23456,0
            5.54917,43.23459,0
            5.54938,43.23499,0
            5.54953,43.23518,0
            5.5496,43.23524,0
            5.54969,43.23534,0
            5.54995,43.23558,0
            5.55035,43.23601,0
            5.55038,43.23603,0
            5.55056,43.23608,0
            5.55077,43.23608,0
            5.55083,43.23607,0
            5.55086,43.23606,0
            5.55093,43.23602,0
            5.551,43.23599,0
            5.55104,43.23594,0
            5.5511,43.23588,0
            5.55114,43.2358,0
            5.55114,43.23578,0
            5.55121,43.23533,0
            5.55124,43.23523,0
            5.55128,43.23515,0
            5.55135,43.23509,0
            5.55145,43.23503,0
            5.55164,43.23496,0
            5.55172,43.23491,0
            5.55173,43.23489,0
            5.55176,43.23485,0
            5.55189,43.23471,0
            5.55196,43.23462,0
            5.55207,43.23444,0
            5.55219,43.2343,0
            5.55231,43.23419,0
            5.55237,43.23415,0
            5.55247,43.23406,0
            5.55263,43.23396,0
            5.55269,43.23393,0
            5.55272,43.23391,0
            5.55287,43.23384,0
            5.55293,43.23382,0
            5.55293,43.23384,0
            5.55294,43.23387,0
            5.55294,43.23392,0
            5.55293,43.23393,0
            5.55293,43.23394,0
            5.55292,43.23395,0
          </coordinates>
        </LineString>
      </Placemark>
      <Placemark>
        <name>Marseille Saint-Charles, Square Narvik, Marseille, France</name>
        <styleUrl>#icon-1899-DB4436-nodesc</styleUrl>
        <Point>
          <coordinates>
            5.3814348,43.3025408,0
          </coordinates>
        </Point>
      </Placemark>
      <Placemark>
        <name>Blancarde, Marseille, France</name>
        <styleUrl>#icon-1899-DB4436-nodesc</styleUrl>
        <Point>
          <coordinates>
            5.4043365,43.3033564,0
          </coordinates>
        </Point>
      </Placemark>
      <Placemark>
        <name><![CDATA[Gare d'Aubagne, Square Marcel Soulat, Aubagne, France]]></name>
        <styleUrl>#icon-1899-DB4436-nodesc</styleUrl>
        <Point>
          <coordinates>
            5.5667332,43.2958265,0
          </coordinates>
        </Point>
      </Placemark>
      <Placemark>
        <name>Gare de Cassis, Avenue de la Gare, Cassis, France</name>
        <styleUrl>#icon-1899-DB4436-nodesc</styleUrl>
        <Point>
          <coordinates>
            5.5529216,43.2339454,0
          </coordinates>
        </Point>
      </Placemark>
    </Folder>
    <Folder>
      <name>Sunday, May 10 AM</name>
      <Placemark>
        <name>Sunday, May 10 AM</name>
        <styleUrl>#line-1267FF-5000-nodesc</styleUrl>
        <LineString>
          <tessellate>1</tessellate>
          <coordinates>
            5.38143,43.30254,0
            5.38136,43.30249,0
            5.38104,43.30232,0
            5.38102,43.30231,0
            5.38092,43.30226,0
            5.38083,43.30221,0
            5.38077,43.30218,0
            5.38075,43.30216,0
            5.38074,43.30215,0
            5.38074,43.30214,0
            5.38074,43.30212,0
            5.38075,43.3021,0
            5.38076,43.30208,0
            5.38078,43.30206,0
            5.3808,43.30205,0
            5.38082,43.30204,0
            5.38084,43.30204,0
            5.38087,43.30203,0
            5.3809,43.30203,0
            5.38096,43.30202,0
            5.38105,43.30204,0
            5.3812,43.30206,0
            5.38127,43.30207,0
            5.38149,43.3021,0
            5.38173,43.30213,0
            5.38198,43.30215,0
            5.38247,43.30221,0
            5.38266,43.30224,0
            5.38286,43.30227,0
            5.38293,43.30228,0
            5.38295,43.30228,0
            5.383,43.30229,0
            5.38318,43.30232,0
            5.38322,43.30232,0
            5.38328,43.30231,0
            5.38337,43.30231,0
            5.38347,43.30218,0
            5.38342,43.30217,0
            5.38331,43.30215,0
            5.38252,43.30207,0
            5.38244,43.30207,0
            5.38242,43.30205,0
            5.38241,43.30205,0
            5.3824,43.30204,0
            5.38195,43.30197,0
            5.38165,43.30193,0
            5.38109,43.3019,0
            5.38094,43.3019,0
            5.38081,43.30191,0
            5.38067,43.30191,0
            5.38054,43.30191,0
            5.38051,43.30191,0
            5.38025,43.3019,0
            5.3802,43.3019,0
            5.38018,43.3019,0
            5.38005,43.30192,0
            5.37996,43.30193,0
            5.37993,43.30194,0
            5.37984,43.30197,0
            5.3797,43.30202,0
            5.37966,43.30213,0
            5.37958,43.3024,0
            5.37957,43.30245,0
            5.37956,43.30249,0
            5.37955,43.30256,0
            5.37955,43.3026,0
            5.37955,43.30262,0
            5.37955,43.30266,0
            5.37955,43.30269,0
            5.37955,43.30281,0
            5.37956,43.30287,0
            5.37954,43.30291,0
            5.37953,43.30292,0
            5.3795,43.30295,0
            5.37941,43.30303,0
            5.37935,43.30309,0
            5.37932,43.30312,0
            5.37931,43.30312,0
            5.37919,43.30323,0
            5.37918,43.30325,0
            5.3791,43.30332,0
            5.37896,43.30325,0
            5.37879,43.30318,0
            5.37868,43.30312,0
            5.37858,43.30308,0
            5.37837,43.30299,0
            5.37806,43.30285,0
            5.37791,43.30279,0
            5.37785,43.30277,0
            5.37772,43.30271,0
            5.37729,43.30253,0
            5.37705,43.30243,0
            5.37692,43.30238,0
            5.37661,43.30224,0
            5.37639,43.30214,0
            5.37601,43.30198,0
            5.37578,43.3019,0
            5.37557,43.30185,0
            5.37535,43.30178,0
            5.37534,43.30178,0
            5.37519,43.30174,0
            5.37488,43.30165,0
            5.37478,43.30162,0
            5.37466,43.30157,0
            5.37412,43.30156,0
            5.37397,43.30157,0
            5.37389,43.30149,0
            5.37392,43.30133,0
            5.37395,43.30128,0
            5.37409,43.30106,0
            5.37409,43.30105,0
            5.37422,43.30085,0
            5.37434,43.30064,0
            5.37436,43.30061,0
            5.37438,43.30055,0
            5.37439,43.30052,0
            5.3744,43.3005,0
            5.3744,43.30044,0
            5.3744,43.30039,0
            5.37439,43.30035,0
            5.37439,43.30032,0
            5.37432,43.30013,0
            5.37428,43.29999,0
            5.37424,43.29984,0
            5.37423,43.29982,0
            5.37422,43.29977,0
            5.3742,43.29971,0
            5.37418,43.29964,0
            5.37421,43.29953,0
            5.37418,43.29944,0
            5.37413,43.29927,0
            5.37295,43.29936,0
            5.37271,43.29937,0
            5.37255,43.29938,0
            5.37202,43.29941,0
            5.37195,43.29942,0
            5.37191,43.29943,0
            5.37185,43.29945,0
            5.37185,43.29946,0
            5.37184,43.29948,0
            5.37184,43.29949,0
            5.37183,43.2995,0
            5.37182,43.29951,0
            5.37182,43.29952,0
            5.37181,43.29953,0
            5.3718,43.29954,0
            5.37178,43.29955,0
            5.37177,43.29956,0
            5.37176,43.29956,0
            5.37174,43.29957,0
            5.37172,43.29958,0
            5.37171,43.29958,0
            5.37169,43.29959,0
            5.37168,43.29959,0
            5.37166,43.29959,0
            5.37164,43.29959,0
            5.37163,43.29959,0
            5.37161,43.29959,0
            5.37159,43.29959,0
            5.37158,43.29959,0
            5.37157,43.29959,0
            5.37156,43.29959,0
            5.37155,43.29959,0
            5.37154,43.29958,0
            5.37153,43.29958,0
            5.37152,43.29958,0
            5.37152,43.29957,0
            5.37151,43.29957,0
            5.3715,43.29957,0
            5.3715,43.29956,0
            5.37149,43.29956,0
            5.37148,43.29955,0
            5.37147,43.29955,0
            5.37146,43.29954,0
            5.37145,43.29953,0
            5.37144,43.29953,0
            5.37144,43.29952,0
            5.37143,43.29951,0
            5.37142,43.2995,0
            5.37142,43.29949,0
            5.37141,43.29948,0
            5.37141,43.29946,0
            5.3714,43.29945,0
            5.3714,43.29944,0
            5.3714,43.29943,0
            5.3714,43.29942,0
            5.3714,43.2994,0
            5.37141,43.29939,0
            5.37141,43.29938,0
            5.37142,43.29937,0
            5.37142,43.29936,0
            5.37143,43.29935,0
            5.37144,43.29934,0
            5.37145,43.29933,0
            5.37146,43.29932,0
            5.37147,43.29931,0
            5.37149,43.2993,0
            5.3715,43.29929,0
            5.37151,43.29929,0
            5.37153,43.29928,0
            5.37155,43.29927,0
            5.37157,43.29927,0
            5.37158,43.29927,0
            5.3716,43.29927,0
            5.37162,43.29926,0
            5.37163,43.29926,0
            5.37165,43.29927,0
            5.37167,43.29927,0
            5.37168,43.29927,0
            5.3717,43.29927,0
            5.37171,43.29928,0
            5.37173,43.29928,0
            5.37186,43.29911,0
            5.37259,43.29817,0
            5.37295,43.29775,0
            5.37366,43.29695,0
            5.37398,43.29653,0
            5.37401,43.2965,0
            5.37402,43.29647,0
            5.37405,43.29644,0
            5.37406,43.29642,0
            5.37408,43.29639,0
            5.37409,43.29635,0
            5.37408,43.29631,0
            5.37409,43.29628,0
            5.37409,43.29623,0
            5.37409,43.29612,0
            5.37416,43.296,0
            5.37423,43.29594,0
            5.37425,43.2959,0
            5.37427,43.29585,0
            5.37429,43.29567,0
            5.37435,43.29545,0
            5.37439,43.29532,0
            5.37447,43.29467,0
            5.3745,43.29455,0
            5.3745,43.29451,0
            5.3745,43.29448,0
            5.3745,43.29443,0
            5.37446,43.29433,0
            5.37444,43.29429,0
            5.37442,43.29427,0
            5.37439,43.29425,0
            5.37435,43.29421,0
            5.37431,43.29419,0
            5.37426,43.29417,0
            5.37421,43.29415,0
            5.37426,43.29398,0
            5.37431,43.29386,0
            5.37442,43.2936,0
            5.37453,43.29338,0
            5.37464,43.29312,0
            5.37476,43.29289,0
            5.3748,43.2928,0
            5.37496,43.29244,0
            5.37447,43.29231,0
            5.37401,43.2922,0
            5.37297,43.29197,0
            5.37258,43.29188,0
            5.37252,43.29187,0
            5.37184,43.29171,0
            5.37178,43.29183,0
            5.37162,43.29217,0
            5.37155,43.29231,0
            5.37147,43.29248,0
            5.37119,43.29313,0
            5.37118,43.29317,0
            5.37112,43.29336,0
            5.37138,43.29342,0
            5.37149,43.29344,0
            5.37153,43.29334,0
            5.37153,43.29333,0
            5.37163,43.2931,0
            5.37171,43.29291,0
            5.37173,43.29286,0
            5.37182,43.29265,0
            5.37186,43.29257,0
            5.37187,43.29255,0
            5.37187,43.29254,0
            5.37187,43.29251,0
            5.37186,43.29249,0
            5.37186,43.29248,0
            5.37202,43.29251,0
            5.37211,43.29253,0
            5.37267,43.29266,0
            5.37244,43.29314,0
            5.37287,43.29325,0
            5.37288,43.29325,0
            5.37288,43.29324,0
            5.37289,43.29324,0
            5.37289,43.29323,0
            5.3729,43.29323,0
            5.3729,43.29322,0
            5.37291,43.29322,0
            5.37292,43.29322,0
            5.37293,43.29322,0
            5.37293,43.29321,0
            5.37294,43.29321,0
            5.37295,43.29321,0
            5.37296,43.29321,0
            5.37297,43.29321,0
            5.37298,43.29321,0
            5.37299,43.29322,0
            5.373,43.29322,0
            5.37301,43.29322,0
            5.37302,43.29323,0
            5.37303,43.29323,0
            5.37303,43.29324,0
            5.37304,43.29324,0
            5.37304,43.29325,0
            5.37305,43.29325,0
            5.37305,43.29326,0
            5.37305,43.29327,0
            5.37305,43.29328,0
            5.37305,43.29329,0
            5.37305,43.2933,0
            5.37304,43.2933,0
            5.37304,43.29331,0
            5.37303,43.29332,0
            5.37302,43.29332,0
            5.37302,43.29333,0
            5.37301,43.29333,0
            5.373,43.29333,0
            5.373,43.29334,0
            5.37299,43.29334,0
            5.37298,43.29334,0
            5.37297,43.29334,0
            5.37296,43.29334,0
            5.37295,43.29334,0
            5.37294,43.29334,0
            5.37293,43.29334,0
            5.37293,43.29333,0
            5.37292,43.29333,0
            5.37291,43.29333,0
            5.3729,43.29332,0
            5.37289,43.29332,0
            5.37289,43.29331,0
            5.37288,43.29331,0
            5.37288,43.2933,0
            5.37287,43.29329,0
            5.37287,43.29328,0
            5.37287,43.29327,0
            5.37287,43.29326,0
            5.37287,43.29325,0
            5.37244,43.29314,0
            5.37267,43.29266,0
            5.37211,43.29253,0
            5.37202,43.29251,0
            5.37185,43.29289,0
            5.37183,43.29293,0
            5.3718,43.29299,0
            5.37166,43.2933,0
            5.37164,43.29336,0
            5.37159,43.29347,0
            5.37169,43.2935,0
            5.37223,43.29363,0
            5.37275,43.29376,0
            5.37327,43.29389,0
            5.37359,43.29397,0
            5.37373,43.294,0
            5.37377,43.29401,0
            5.37379,43.29402,0
            5.374,43.29408,0
            5.37421,43.29415,0
            5.37426,43.29398,0
            5.37431,43.29386,0
            5.37442,43.2936,0
            5.37453,43.29338,0
            5.37464,43.29312,0
            5.37476,43.29289,0
            5.3748,43.2928,0
            5.37496,43.29244,0
            5.37447,43.29231,0
            5.37401,43.2922,0
            5.37297,43.29197,0
            5.37258,43.29188,0
            5.37252,43.29187,0
            5.37184,43.29171,0
            5.37178,43.29183,0
            5.37162,43.29217,0
            5.37155,43.29231,0
            5.37147,43.29248,0
            5.37119,43.29313,0
            5.37118,43.29317,0
            5.37112,43.29336,0
            5.37051,43.2932,0
            5.37041,43.29317,0
            5.37032,43.29315,0
            5.37023,43.29313,0
            5.37013,43.29311,0
            5.36999,43.29308,0
            5.36955,43.29301,0
            5.3691,43.29293,0
            5.36872,43.29287,0
            5.36845,43.29282,0
            5.36827,43.29279,0
            5.36772,43.29268,0
            5.36756,43.29265,0
            5.36708,43.29256,0
            5.36698,43.29254,0
            5.36688,43.29256,0
            5.36664,43.29252,0
            5.36635,43.29248,0
            5.36612,43.29244,0
            5.36598,43.29243,0
            5.36595,43.29242,0
            5.36582,43.2924,0
            5.36566,43.29237,0
            5.36561,43.29235,0
            5.36524,43.2923,0
            5.36516,43.29229,0
            5.36507,43.29227,0
            5.36497,43.29226,0
            5.36491,43.29225,0
            5.36471,43.29224,0
            5.36454,43.29223,0
            5.36438,43.29223,0
            5.36407,43.29222,0
            5.36401,43.29222,0
            5.36392,43.29222,0
            5.36388,43.29222,0
            5.36382,43.29222,0
            5.36373,43.29222,0
            5.36378,43.2924,0
            5.36379,43.29255,0
            5.36379,43.29263,0
            5.36379,43.29265,0
            5.36379,43.29274,0
            5.36378,43.2928,0
            5.36378,43.29285,0
            5.36395,43.29286,0
            5.36392,43.29326,0
            5.36395,43.29286,0
            5.36378,43.29285,0
            5.36378,43.2928,0
            5.36379,43.29274,0
            5.36379,43.29265,0
            5.36379,43.29263,0
            5.36379,43.29255,0
            5.36378,43.2924,0
            5.36373,43.29222,0
            5.36368,43.29222,0
            5.36336,43.29222,0
            5.36329,43.29222,0
            5.36322,43.29222,0
            5.36311,43.29223,0
            5.36249,43.29225,0
            5.36214,43.29224,0
            5.36113,43.29227,0
            5.36108,43.29227,0
            5.36095,43.29227,0
            5.36084,43.29227,0
            5.36079,43.29226,0
            5.36074,43.29226,0
            5.36068,43.29225,0
            5.36037,43.29221,0
            5.36024,43.2922,0
            5.35993,43.29216,0
            5.35972,43.29213,0
            5.3597,43.29213,0
            5.35966,43.29212,0
            5.35941,43.29209,0
            5.35922,43.29206,0
            5.35895,43.29205,0
            5.3582,43.29197,0
            5.35712,43.29185,0
            5.35626,43.29177,0
            5.35615,43.29174,0
            5.35607,43.29171,0
            5.35602,43.29168,0
            5.35597,43.29164,0
            5.3559,43.29157,0
            5.35585,43.29151,0
            5.35582,43.29145,0
            5.35582,43.29139,0
            5.35584,43.29119,0
            5.35592,43.2907,0
          </coordinates>
        </LineString>
      </Placemark>
      <Placemark>
        <name>Marseille Saint-Charles, Square Narvik, Marseille, France</name>
        <styleUrl>#icon-1899-DB4436-nodesc</styleUrl>
        <Point>
          <coordinates>
            5.3814348,43.3025408,0
          </coordinates>
        </Point>
      </Placemark>
      <Placemark>
        <name>Coquille - Bistrot Marin, Rue Euthymènes, Marseille, France</name>
        <styleUrl>#icon-1899-DB4436-nodesc</styleUrl>
        <Point>
          <coordinates>
            5.3729848,43.2932148,0
          </coordinates>
        </Point>
      </Placemark>
      <Placemark>
        <name>CNTL, Quai Marcel Pagnol, Marseille, France</name>
        <styleUrl>#icon-1899-DB4436-nodesc</styleUrl>
        <Point>
          <coordinates>
            5.3639197,43.2932584,0
          </coordinates>
        </Point>
      </Placemark>
      <Placemark>
        <name>Plage des Catalans, France</name>
        <styleUrl>#icon-1899-DB4436-nodesc</styleUrl>
        <Point>
          <coordinates>
            5.3559206,43.2907008,0
          </coordinates>
        </Point>
      </Placemark>
    </Folder>
    <Folder>
      <name>Sunday, May 10 PM</name>
      <Placemark>
        <name>Sunday, May 10 PM</name>
        <styleUrl>#line-1267FF-5000-nodesc</styleUrl>
        <LineString>
          <tessellate>1</tessellate>
          <coordinates>
            5.36732,43.24301,0
            5.36736,43.24298,0
            5.36748,43.24293,0
            5.36758,43.24292,0
            5.36776,43.24288,0
            5.36782,43.24284,0
            5.36784,43.24282,0
            5.36786,43.24279,0
            5.36776,43.24276,0
            5.36773,43.24274,0
            5.3677,43.24271,0
            5.36763,43.24266,0
            5.36757,43.24259,0
            5.36756,43.24256,0
            5.36754,43.24253,0
            5.36752,43.24248,0
            5.36743,43.24236,0
            5.36738,43.24231,0
            5.36727,43.24224,0
            5.36726,43.24223,0
            5.36715,43.24218,0
            5.36723,43.24206,0
            5.36708,43.24202,0
            5.36653,43.24198,0
            5.36651,43.24197,0
            5.36478,43.24186,0
            5.36445,43.24181,0
            5.36409,43.24166,0
            5.36321,43.2412,0
            5.36305,43.24109,0
            5.36294,43.241,0
            5.36289,43.2409,0
            5.36282,43.24071,0
            5.36278,43.24047,0
            5.36281,43.2397,0
            5.3628,43.23956,0
            5.36275,43.23925,0
            5.36276,43.23924,0
            5.36276,43.23923,0
            5.36277,43.23921,0
            5.36281,43.23917,0
            5.36288,43.23913,0
            5.36292,43.23912,0
            5.36271,43.23892,0
            5.36282,43.23882,0
            5.36286,43.2388,0
            5.36422,43.23787,0
            5.364,43.2377,0
            5.364,43.23769,0
            5.36364,43.23739,0
            5.36334,43.23717,0
            5.36331,43.23714,0
            5.36305,43.23695,0
            5.36235,43.23653,0
            5.3618,43.2361,0
            5.3617,43.23604,0
            5.35747,43.23311,0
            5.35729,43.233,0
            5.35601,43.23242,0
            5.35593,43.23235,0
            5.35545,43.23171,0
            5.35523,43.23147,0
            5.35494,43.2311,0
            5.35487,43.23098,0
            5.35483,43.23088,0
            5.35482,43.23077,0
            5.35483,43.23031,0
            5.35478,43.2301,0
            5.35472,43.23003,0
            5.35441,43.2298,0
            5.35406,43.22957,0
            5.35395,43.22952,0
            5.35394,43.22952,0
            5.35374,43.22941,0
            5.35373,43.22941,0
            5.35319,43.22899,0
            5.35177,43.22799,0
            5.35176,43.22797,0
            5.35174,43.22795,0
            5.35174,43.22793,0
            5.35088,43.22787,0
            5.35085,43.22786,0
            5.35061,43.22786,0
            5.35029,43.2279,0
            5.34991,43.228,0
            5.34982,43.22801,0
            5.34968,43.22801,0
            5.34955,43.22799,0
            5.34947,43.22796,0
            5.3494,43.22789,0
            5.34917,43.22751,0
            5.34895,43.22737,0
            5.34872,43.22725,0
            5.34869,43.22724,0
            5.3485,43.22714,0
            5.34838,43.22709,0
            5.34821,43.22698,0
            5.34812,43.2269,0
            5.3481,43.22687,0
            5.34808,43.22685,0
            5.34807,43.2268,0
            5.34807,43.22674,0
            5.34809,43.22661,0
            5.34842,43.2259,0
            5.34846,43.22578,0
            5.34849,43.22547,0
            5.34848,43.22533,0
            5.34844,43.22512,0
            5.34841,43.22506,0
            5.34825,43.22496,0
            5.34743,43.22472,0
            5.34683,43.22441,0
            5.34657,43.2243,0
            5.34649,43.22424,0
            5.34646,43.2242,0
            5.34643,43.22413,0
            5.34644,43.22405,0
            5.34662,43.22377,0
            5.34666,43.22366,0
            5.34667,43.22361,0
            5.34665,43.22355,0
            5.34663,43.22351,0
            5.34659,43.22346,0
            5.34655,43.22343,0
            5.34643,43.22337,0
            5.34619,43.22329,0
            5.34612,43.22324,0
            5.34606,43.22314,0
            5.34604,43.22304,0
            5.34606,43.22282,0
            5.34606,43.22269,0
            5.34603,43.22259,0
            5.346,43.22252,0
            5.34594,43.22244,0
            5.34594,43.22243,0
            5.34585,43.22233,0
            5.34579,43.22229,0
            5.34562,43.22214,0
            5.34559,43.22208,0
            5.34558,43.222,0
            5.34558,43.22192,0
            5.34559,43.22186,0
            5.3456,43.22185,0
            5.34563,43.2218,0
            5.34578,43.22162,0
            5.34579,43.22157,0
            5.34579,43.22155,0
            5.34578,43.22152,0
            5.34575,43.22147,0
            5.3457,43.22141,0
            5.34563,43.22135,0
            5.34559,43.22128,0
            5.34555,43.22114,0
            5.34555,43.22103,0
            5.34557,43.22098,0
            5.34566,43.22084,0
            5.34581,43.22073,0
            5.34617,43.22059,0
            5.34618,43.22057,0
            5.3462,43.22056,0
            5.34623,43.22053,0
            5.34624,43.22049,0
            5.34624,43.22046,0
            5.34622,43.22036,0
            5.34622,43.22031,0
            5.34621,43.22028,0
            5.34622,43.22026,0
            5.34622,43.22023,0
            5.34624,43.22022,0
            5.34626,43.22018,0
            5.34632,43.22011,0
            5.34634,43.22004,0
            5.34632,43.21998,0
            5.3463,43.21995,0
            5.34627,43.21992,0
            5.34625,43.21991,0
            5.34618,43.21989,0
            5.34584,43.21989,0
            5.34579,43.21988,0
            5.34574,43.21988,0
            5.3457,43.21987,0
            5.34568,43.21986,0
            5.34567,43.21986,0
            5.3456,43.21983,0
            5.34544,43.21974,0
            5.34538,43.21969,0
            5.34536,43.21966,0
            5.34534,43.21961,0
            5.34534,43.21957,0
            5.34535,43.21951,0
            5.34535,43.21946,0
            5.34537,43.21941,0
            5.34537,43.21939,0
            5.34539,43.21931,0
            5.34539,43.2193,0
            5.34545,43.21914,0
            5.34545,43.21913,0
            5.3457,43.21845,0
            5.34646,43.21675,0
            5.34648,43.21651,0
            5.34651,43.2164,0
            5.34661,43.21616,0
            5.34708,43.21554,0
            5.34713,43.2155,0
            5.34719,43.21548,0
            5.34728,43.21547,0
            5.34746,43.21543,0
            5.34756,43.21539,0
            5.34751,43.21529,0
            5.3475,43.21529,0
            5.34749,43.21528,0
            5.34746,43.21528,0
            5.34694,43.21521,0
            5.3459,43.21512,0
            5.34694,43.21521,0
            5.34746,43.21528,0
            5.34749,43.21528,0
            5.3475,43.21529,0
            5.34751,43.21529,0
            5.34756,43.21539,0
            5.34746,43.21543,0
            5.34728,43.21547,0
            5.34719,43.21548,0
            5.34713,43.2155,0
            5.34708,43.21554,0
            5.34661,43.21616,0
            5.34651,43.2164,0
            5.34648,43.21651,0
            5.34646,43.21675,0
            5.3457,43.21845,0
            5.34545,43.21913,0
            5.34545,43.21914,0
            5.34539,43.2193,0
            5.34539,43.21931,0
            5.34537,43.21939,0
            5.34537,43.21941,0
            5.34535,43.21946,0
            5.34535,43.21951,0
            5.34534,43.21957,0
            5.34534,43.21961,0
            5.34536,43.21966,0
            5.34538,43.21969,0
            5.34544,43.21974,0
            5.3456,43.21983,0
            5.34567,43.21986,0
            5.34568,43.21986,0
            5.3457,43.21987,0
            5.34574,43.21988,0
            5.34579,43.21988,0
            5.34584,43.21989,0
            5.34618,43.21989,0
            5.34625,43.21991,0
            5.34627,43.21992,0
            5.3463,43.21995,0
            5.34632,43.21998,0
            5.34634,43.22004,0
            5.34632,43.22011,0
            5.34626,43.22018,0
            5.34624,43.22022,0
            5.34622,43.22023,0
            5.34622,43.22026,0
            5.34621,43.22028,0
            5.34622,43.22031,0
            5.34622,43.22036,0
            5.34624,43.22046,0
            5.34624,43.22049,0
            5.34623,43.22053,0
            5.3462,43.22056,0
            5.34618,43.22057,0
            5.34617,43.22059,0
            5.34581,43.22073,0
            5.34566,43.22084,0
            5.34557,43.22098,0
            5.34555,43.22103,0
            5.34555,43.22114,0
            5.34559,43.22128,0
            5.34563,43.22135,0
            5.3457,43.22141,0
            5.34575,43.22147,0
            5.34578,43.22152,0
            5.34579,43.22155,0
            5.34579,43.22157,0
            5.34578,43.22162,0
            5.34563,43.2218,0
            5.3456,43.22185,0
            5.34559,43.22186,0
            5.34558,43.22192,0
            5.34558,43.222,0
            5.34559,43.22208,0
            5.34562,43.22214,0
            5.34579,43.22229,0
            5.34585,43.22233,0
            5.34594,43.22243,0
            5.34594,43.22244,0
            5.346,43.22252,0
            5.34603,43.22259,0
            5.34606,43.22269,0
            5.34606,43.22282,0
            5.34604,43.22304,0
            5.34606,43.22314,0
            5.34612,43.22324,0
            5.34619,43.22329,0
            5.34643,43.22337,0
            5.34655,43.22343,0
            5.34659,43.22346,0
            5.34663,43.22351,0
            5.34665,43.22355,0
            5.34667,43.22361,0
            5.34666,43.22366,0
            5.34662,43.22377,0
            5.34644,43.22405,0
            5.34643,43.22413,0
            5.34646,43.2242,0
            5.34649,43.22424,0
            5.34657,43.2243,0
            5.34683,43.22441,0
            5.34743,43.22472,0
            5.34825,43.22496,0
            5.34841,43.22506,0
            5.34844,43.22512,0
            5.34848,43.22533,0
            5.34849,43.22547,0
            5.34846,43.22578,0
            5.34842,43.2259,0
            5.34809,43.22661,0
            5.34807,43.22674,0
            5.34807,43.2268,0
            5.34808,43.22685,0
            5.3481,43.22687,0
            5.34812,43.2269,0
            5.34821,43.22698,0
            5.34838,43.22709,0
            5.3485,43.22714,0
            5.34869,43.22724,0
            5.34872,43.22725,0
            5.34895,43.22737,0
            5.34917,43.22751,0
            5.3494,43.22789,0
            5.34947,43.22796,0
            5.34955,43.22799,0
            5.34968,43.22801,0
            5.34982,43.22801,0
            5.34991,43.228,0
            5.35029,43.2279,0
            5.35061,43.22786,0
            5.35085,43.22786,0
            5.35088,43.22787,0
            5.35174,43.22793,0
            5.35175,43.22791,0
            5.35177,43.2279,0
            5.35178,43.22789,0
            5.3518,43.22788,0
            5.35193,43.22784,0
            5.35216,43.2278,0
            5.35238,43.22781,0
            5.35247,43.22783,0
            5.35265,43.22795,0
            5.35303,43.22836,0
            5.35357,43.2288,0
            5.35365,43.2289,0
            5.35368,43.22898,0
            5.35384,43.2293,0
            5.35384,43.22931,0
            5.35385,43.22931,0
            5.35385,43.22932,0
            5.35396,43.22947,0
            5.35404,43.22956,0
            5.35441,43.2298,0
            5.35472,43.23003,0
            5.35478,43.2301,0
            5.35483,43.23031,0
            5.35482,43.23077,0
            5.35483,43.23088,0
            5.35487,43.23098,0
            5.35494,43.2311,0
            5.35523,43.23147,0
            5.35545,43.23171,0
            5.35593,43.23235,0
            5.35601,43.23242,0
            5.35729,43.233,0
            5.35747,43.23311,0
            5.3617,43.23604,0
            5.3618,43.2361,0
            5.36235,43.23653,0
            5.36305,43.23695,0
            5.36331,43.23714,0
            5.36334,43.23717,0
            5.36364,43.23739,0
            5.364,43.23769,0
            5.364,43.2377,0
            5.36422,43.23787,0
            5.36487,43.23848,0
            5.36528,43.23881,0
            5.3653,43.23882,0
            5.36763,43.24059,0
            5.36768,43.24064,0
            5.36791,43.24081,0
            5.3682,43.24109,0
            5.3688,43.24182,0
            5.36883,43.24187,0
            5.36896,43.24204,0
            5.36898,43.24205,0
            5.36906,43.24215,0
            5.36936,43.24244,0
            5.36959,43.24264,0
            5.36971,43.24273,0
            5.36981,43.24283,0
            5.36986,43.24287,0
            5.36988,43.24288,0
            5.37006,43.24305,0
            5.3701,43.24308,0
            5.37043,43.24345,0
            5.37045,43.24346,0
            5.3707,43.24374,0
            5.37093,43.24386,0
            5.37095,43.24388,0
            5.37097,43.24389,0
            5.37098,43.24391,0
            5.37099,43.24392,0
            5.37099,43.24394,0
            5.37111,43.24401,0
            5.37114,43.24402,0
            5.37159,43.24427,0
            5.37163,43.2443,0
            5.37165,43.2443,0
            5.37173,43.24434,0
            5.37184,43.24438,0
            5.37234,43.24462,0
            5.37248,43.24471,0
            5.37258,43.2448,0
            5.37319,43.24547,0
            5.37345,43.24579,0
            5.37352,43.24584,0
            5.37356,43.24585,0
            5.37363,43.2459,0
            5.37381,43.24599,0
            5.37383,43.24599,0
            5.37384,43.24598,0
            5.37389,43.24598,0
            5.37391,43.24599,0
            5.37393,43.24599,0
            5.37409,43.24594,0
            5.37452,43.24569,0
            5.37486,43.24554,0
            5.37726,43.24468,0
            5.37755,43.2446,0
            5.37909,43.24428,0
            5.37914,43.24428,0
            5.37977,43.24416,0
            5.37984,43.24414,0
            5.37989,43.24409,0
            5.3799,43.24409,0
            5.37991,43.24408,0
            5.37992,43.24408,0
            5.37993,43.24407,0
            5.37995,43.24407,0
            5.37996,43.24406,0
            5.38008,43.24406,0
            5.38009,43.24407,0
            5.3801,43.24407,0
            5.38011,43.24408,0
            5.38012,43.24408,0
            5.38013,43.24409,0
            5.38014,43.24409,0
            5.38015,43.2441,0
            5.38016,43.2441,0
            5.38016,43.24411,0
            5.38017,43.24411,0
            5.38018,43.24412,0
            5.38018,43.24413,0
            5.3802,43.24415,0
            5.3802,43.24423,0
            5.38019,43.24424,0
            5.38019,43.24425,0
            5.38015,43.24429,0
            5.38012,43.24438,0
            5.38012,43.24446,0
            5.38011,43.24455,0
            5.38011,43.24465,0
            5.38015,43.24495,0
            5.38024,43.24537,0
            5.38039,43.24563,0
            5.38047,43.24566,0
            5.38049,43.24571,0
            5.38048,43.24573,0
            5.38048,43.24574,0
            5.38046,43.24576,0
            5.38046,43.24577,0
            5.38044,43.24578,0
            5.38037,43.2458,0
            5.38038,43.24584,0
            5.38038,43.24588,0
            5.38039,43.24593,0
            5.38043,43.24598,0
            5.38218,43.24697,0
            5.3823,43.24702,0
            5.3824,43.24705,0
            5.38241,43.24705,0
            5.38242,43.24704,0
            5.38244,43.24704,0
            5.38245,43.24703,0
            5.38254,43.24703,0
            5.38255,43.24704,0
            5.38257,43.24704,0
            5.38258,43.24705,0
            5.38293,43.24705,0
            5.38322,43.24693,0
            5.38349,43.24684,0
            5.3835,43.24683,0
            5.3836,43.2468,0
            5.38375,43.24678,0
            5.38492,43.24676,0
            5.38521,43.24674,0
            5.38616,43.24658,0
            5.38618,43.24657,0
            5.38681,43.24645,0
            5.38836,43.24625,0
            5.38908,43.24618,0
            5.38957,43.2461,0
            5.38959,43.24609,0
            5.38993,43.24601,0
            5.3906,43.2459,0
            5.39185,43.24587,0
            5.39202,43.24585,0
            5.39376,43.24582,0
            5.39404,43.24584,0
            5.39413,43.24583,0
            5.39428,43.24583,0
            5.39434,43.24584,0
            5.39457,43.24584,0
            5.39478,43.24586,0
            5.39481,43.24585,0
            5.3949,43.24585,0
            5.39502,43.24587,0
            5.3951,43.24593,0
            5.39514,43.24597,0
            5.39516,43.24604,0
            5.39516,43.24609,0
            5.39515,43.24612,0
            5.39651,43.24709,0
            5.39665,43.24715,0
            5.39679,43.24718,0
            5.39685,43.2472,0
            5.39688,43.2472,0
            5.39689,43.24719,0
            5.3969,43.24719,0
            5.39691,43.2472,0
            5.39695,43.2472,0
            5.39696,43.24721,0
            5.39697,43.24721,0
            5.39698,43.24722,0
            5.39699,43.24722,0
            5.39702,43.24725,0
            5.39702,43.24726,0
            5.39703,43.24726,0
            5.39703,43.24735,0
            5.39702,43.24736,0
            5.39701,43.24753,0
            5.397,43.24757,0
            5.39702,43.24761,0
            5.39713,43.248,0
            5.39713,43.24809,0
            5.39711,43.24827,0
            5.39705,43.2486,0
            5.397,43.24875,0
            5.39696,43.24884,0
            5.39703,43.24907,0
            5.39725,43.24898,0
            5.39726,43.24898,0
            5.39741,43.24893,0
            5.39765,43.24881,0
            5.39781,43.24875,0
            5.39784,43.24872,0
            5.3979,43.24868,0
            5.39797,43.24865,0
            5.39804,43.24863,0
            5.40045,43.24761,0
            5.40333,43.25043,0
            5.40339,43.25052,0
            5.40347,43.25061,0
            5.40348,43.2506,0
            5.4035,43.25059,0
            5.40352,43.25059,0
            5.40353,43.25058,0
            5.40355,43.25058,0
            5.40357,43.25057,0
            5.40363,43.25057,0
            5.40364,43.25058,0
            5.40368,43.25058,0
            5.40372,43.2506,0
            5.40373,43.2506,0
            5.40375,43.25061,0
            5.40383,43.25053,0
            5.40417,43.25024,0
            5.40424,43.25017,0
            5.40438,43.25006,0
            5.40523,43.24931,0
            5.4055,43.24902,0
            5.40628,43.24801,0
            5.40647,43.24781,0
            5.40674,43.24756,0
            5.40723,43.24721,0
            5.40728,43.24716,0
            5.40904,43.24601,0
            5.40921,43.24592,0
            5.40961,43.24575,0
            5.40993,43.24565,0
            5.4103,43.24557,0
            5.41073,43.24551,0
            5.41091,43.2455,0
            5.41218,43.24552,0
            5.41228,43.24553,0
            5.41302,43.24553,0
            5.41376,43.24556,0
            5.41617,43.24576,0
            5.41621,43.24577,0
            5.41791,43.24596,0
            5.41865,43.246,0
            5.41958,43.24599,0
            5.41963,43.24598,0
            5.42014,43.24597,0
            5.42147,43.24587,0
            5.42207,43.24578,0
            5.42329,43.24551,0
            5.42336,43.24547,0
            5.42531,43.24491,0
            5.42598,43.24478,0
            5.42634,43.24474,0
            5.42668,43.24472,0
            5.4271,43.24474,0
            5.42717,43.24475,0
            5.42723,43.24475,0
            5.42734,43.24472,0
            5.42734,43.24471,0
            5.42735,43.24471,0
            5.42736,43.2447,0
            5.42737,43.2447,0
            5.42738,43.24469,0
            5.4274,43.24469,0
            5.42741,43.24468,0
            5.42752,43.24468,0
            5.42753,43.24469,0
            5.42755,43.24469,0
            5.42756,43.2447,0
            5.42757,43.2447,0
            5.42759,43.24472,0
            5.4276,43.24472,0
            5.4276,43.24473,0
            5.42761,43.24473,0
            5.42761,43.24474,0
            5.42762,43.24474,0
            5.42762,43.24475,0
            5.42763,43.24476,0
            5.42763,43.24477,0
            5.42764,43.24478,0
            5.42764,43.2448,0
            5.4295,43.2457,0
            5.42979,43.24582,0
            5.43064,43.24606,0
            5.4312,43.24617,0
            5.43159,43.24622,0
            5.43352,43.24639,0
            5.43362,43.24638,0
            5.4342,43.24642,0
            5.43457,43.24642,0
            5.43459,43.24641,0
            5.4346,43.2464,0
            5.43462,43.24639,0
            5.43463,43.24639,0
            5.43464,43.24638,0
            5.43467,43.24638,0
            5.43468,43.24637,0
            5.43479,43.24637,0
            5.4348,43.24638,0
            5.43483,43.24638,0
            5.43484,43.24639,0
            5.43488,43.24641,0
            5.43489,43.24642,0
            5.4349,43.24642,0
            5.43492,43.24644,0
            5.43492,43.24645,0
            5.43494,43.24647,0
            5.43494,43.24649,0
            5.43495,43.2465,0
            5.43495,43.24655,0
            5.43494,43.24656,0
            5.43494,43.24658,0
            5.43493,43.24659,0
            5.43493,43.2466,0
            5.43492,43.2466,0
            5.43491,43.24661,0
            5.43493,43.24671,0
            5.43499,43.24681,0
            5.43519,43.24701,0
            5.4353,43.24715,0
            5.43551,43.24762,0
            5.43551,43.24765,0
            5.43555,43.24773,0
            5.43567,43.24789,0
            5.43571,43.24792,0
            5.43575,43.24796,0
            5.43592,43.24806,0
            5.43598,43.2481,0
            5.43614,43.24816,0
            5.43639,43.24822,0
            5.4383,43.24853,0
            5.43869,43.24861,0
            5.43941,43.24872,0
            5.4398,43.24874,0
            5.44044,43.24874,0
            5.44154,43.24878,0
            5.4417,43.2488,0
            5.44201,43.24887,0
            5.44227,43.24895,0
            5.44239,43.24897,0
            5.44437,43.24949,0
            5.44606,43.24981,0
            5.44616,43.24982,0
            5.44625,43.24984,0
            5.44665,43.24986,0
            5.44684,43.24984,0
            5.44693,43.24984,0
            5.44711,43.24981,0
            5.44713,43.24981,0
            5.44848,43.24957,0
            5.45036,43.24941,0
            5.45072,43.24935,0
            5.45348,43.2486,0
            5.45376,43.2485,0
            5.45381,43.24847,0
            5.45386,43.24845,0
            5.45411,43.24823,0
            5.45441,43.24804,0
            5.45615,43.2471,0
            5.45618,43.24709,0
            5.45621,43.24706,0
            5.45624,43.24704,0
            5.45626,43.24702,0
            5.45627,43.247,0
            5.45629,43.24698,0
            5.45632,43.24691,0
            5.45632,43.24686,0
            5.45631,43.24683,0
            5.45631,43.24681,0
            5.4563,43.2468,0
            5.45628,43.24675,0
            5.45622,43.24669,0
            5.45612,43.24664,0
            5.45609,43.24663,0
            5.45527,43.24656,0
            5.45514,43.24656,0
            5.45498,43.24659,0
            5.45454,43.24676,0
            5.45411,43.24685,0
            5.45383,43.24688,0
            5.45158,43.247,0
            5.45036,43.24697,0
            5.45008,43.24693,0
            5.44986,43.24684,0
            5.44963,43.2467,0
            5.44955,43.24668,0
            5.44944,43.24668,0
            5.44898,43.24676,0
            5.44879,43.24678,0
            5.44844,43.24678,0
            5.44833,43.24676,0
            5.44828,43.24676,0
            5.44818,43.24674,0
            5.44798,43.24667,0
            5.44772,43.24656,0
            5.44749,43.24651,0
            5.44745,43.24651,0
            5.4474,43.2465,0
            5.44734,43.24651,0
            5.44726,43.24651,0
            5.44674,43.24657,0
            5.44655,43.24657,0
            5.4465,43.24656,0
            5.44638,43.24652,0
            5.44603,43.24637,0
            5.44599,43.24636,0
            5.44595,43.24633,0
            5.44591,43.24631,0
            5.44584,43.24625,0
            5.44582,43.24621,0
            5.4458,43.24614,0
            5.44582,43.24607,0
            5.44584,43.24603,0
            5.44595,43.2459,0
            5.44615,43.2457,0
            5.44624,43.24558,0
            5.4463,43.24546,0
            5.44634,43.24532,0
            5.44635,43.24522,0
            5.44631,43.24498,0
            5.44628,43.24492,0
            5.44624,43.24486,0
            5.44609,43.2447,0
            5.44591,43.24457,0
            5.44561,43.2444,0
            5.44552,43.24433,0
            5.44547,43.24428,0
            5.44546,43.24426,0
            5.44542,43.24421,0
            5.4454,43.24416,0
            5.4454,43.24415,0
            5.44539,43.24415,0
            5.44537,43.24409,0
            5.44531,43.24371,0
            5.44531,43.24367,0
            5.44529,43.24358,0
            5.44529,43.24355,0
            5.44527,43.24344,0
            5.44527,43.24328,0
            5.44528,43.24326,0
            5.44528,43.24325,0
            5.44529,43.24322,0
            5.44533,43.24316,0
            5.44536,43.24313,0
            5.44551,43.24302,0
            5.44574,43.24294,0
            5.44581,43.24293,0
            5.44586,43.24291,0
            5.44594,43.2429,0
            5.44605,43.24287,0
            5.44641,43.2428,0
            5.44649,43.24276,0
            5.44668,43.24262,0
            5.44675,43.24254,0
            5.44679,43.24251,0
            5.44683,43.24247,0
            5.44693,43.24241,0
            5.44699,43.24239,0
            5.44703,43.24237,0
            5.44716,43.24234,0
            5.44721,43.24234,0
            5.44728,43.24233,0
            5.44742,43.24233,0
            5.44751,43.24234,0
            5.44755,43.24235,0
            5.44773,43.24242,0
            5.44777,43.24243,0
            5.4479,43.2425,0
            5.44817,43.24262,0
            5.44835,43.24267,0
            5.44839,43.24267,0
            5.44843,43.24268,0
            5.44845,43.24268,0
            5.44849,43.24267,0
            5.44852,43.24267,0
            5.4486,43.24265,0
            5.44869,43.24261,0
            5.44872,43.24258,0
            5.44878,43.24254,0
            5.44886,43.24246,0
            5.4489,43.24243,0
            5.44894,43.24238,0
            5.449,43.24234,0
            5.44902,43.24232,0
            5.44909,43.24228,0
            5.44917,43.24225,0
            5.44926,43.24223,0
            5.4494,43.24223,0
            5.44955,43.24226,0
            5.45036,43.24248,0
            5.45051,43.2425,0
            5.4506,43.2425,0
            5.45079,43.24252,0
            5.45093,43.24252,0
            5.45186,43.24259,0
            5.45278,43.24259,0
            5.45299,43.24254,0
            5.45303,43.24252,0
            5.45307,43.24248,0
            5.45311,43.24245,0
            5.45315,43.2424,0
            5.45317,43.24233,0
            5.45317,43.24231,0
            5.45318,43.24228,0
            5.45318,43.24224,0
            5.4529,43.24133,0
            5.45285,43.24126,0
            5.452,43.24048,0
            5.45195,43.24045,0
            5.45169,43.24023,0
            5.45161,43.24015,0
            5.45157,43.2401,0
            5.45153,43.24002,0
            5.45151,43.23995,0
            5.45151,43.2399,0
            5.45157,43.2398,0
            5.4516,43.23978,0
            5.45162,43.23976,0
            5.45172,43.23971,0
            5.45186,43.23968,0
            5.45193,43.23968,0
            5.45209,43.23971,0
            5.45218,43.23974,0
            5.45246,43.23989,0
            5.45258,43.23994,0
            5.45265,43.24,0
            5.45268,43.24001,0
            5.45281,43.24008,0
            5.45296,43.24014,0
            5.45301,43.24017,0
            5.45325,43.24025,0
            5.45363,43.24032,0
            5.45404,43.24034,0
            5.4543,43.24033,0
            5.45466,43.24029,0
            5.45501,43.24022,0
            5.45512,43.24018,0
            5.45514,43.24018,0
            5.45521,43.24016,0
            5.45536,43.2401,0
            5.45543,43.24008,0
            5.45578,43.23991,0
            5.45579,43.23991,0
            5.45591,43.23986,0
            5.45596,43.23985,0
            5.45601,43.23985,0
            5.45611,43.23983,0
            5.45619,43.23983,0
            5.45626,43.23984,0
            5.45631,43.23984,0
            5.45635,43.23985,0
            5.45644,43.23986,0
            5.45973,43.24084,0
            5.45994,43.24089,0
            5.4601,43.24091,0
            5.46014,43.24092,0
            5.46021,43.24091,0
            5.46031,43.24091,0
            5.46042,43.24089,0
            5.46048,43.24086,0
            5.46053,43.24085,0
            5.46066,43.24079,0
            5.46069,43.24076,0
            5.46072,43.24074,0
            5.46083,43.24062,0
            5.46088,43.24053,0
            5.46092,43.24043,0
            5.46097,43.24016,0
            5.46103,43.24,0
            5.46106,43.23995,0
            5.46117,43.23982,0
            5.46125,43.23975,0
            5.46138,43.23967,0
            5.46155,43.2396,0
            5.46171,43.23956,0
            5.46188,43.23954,0
            5.46207,43.23954,0
            5.46225,43.23956,0
            5.46439,43.24001,0
            5.46463,43.24003,0
            5.46473,43.24003,0
            5.46483,43.24002,0
            5.46508,43.23996,0
            5.46525,43.2399,0
            5.46537,43.23983,0
            5.46626,43.23903,0
            5.46649,43.23888,0
            5.46671,43.23876,0
            5.46708,43.2386,0
            5.46734,43.23852,0
            5.46735,43.23852,0
            5.46747,43.23849,0
            5.46775,43.23845,0
            5.46778,43.23844,0
            5.46817,43.23841,0
            5.46859,43.23841,0
            5.46885,43.23843,0
            5.46913,43.23848,0
            5.47357,43.23908,0
            5.47416,43.23911,0
            5.47488,43.23909,0
            5.48139,43.2387,0
            5.48183,43.2387,0
            5.48252,43.23875,0
            5.48261,43.23877,0
            5.48289,43.2388,0
            5.48292,43.23881,0
            5.48301,43.23882,0
            5.48339,43.2389,0
            5.48341,43.2389,0
            5.48446,43.23908,0
            5.48451,43.23908,0
            5.48456,43.23909,0
            5.48484,43.23911,0
            5.48485,43.23912,0
            5.48533,43.23914,0
            5.48546,43.23913,0
            5.48579,43.23913,0
            5.48583,43.23912,0
            5.48596,43.23912,0
            5.48602,43.23911,0
            5.48609,43.23911,0
            5.48614,43.2391,0
            5.48621,43.2391,0
            5.48626,43.23909,0
            5.48651,43.23907,0
            5.493,43.23788,0
            5.49378,43.23776,0
            5.49473,43.23765,0
            5.49816,43.23735,0
            5.49818,43.23734,0
            5.49895,43.23729,0
            5.49917,43.23726,0
            5.50047,43.23719,0
            5.50373,43.23712,0
            5.50415,43.23709,0
            5.50452,43.23702,0
            5.50471,43.23697,0
            5.50497,43.23692,0
            5.51036,43.23558,0
            5.51045,43.23555,0
            5.51048,43.23555,0
            5.5106,43.23551,0
            5.51064,43.23549,0
            5.51079,43.23545,0
            5.51113,43.23532,0
            5.51121,43.23528,0
            5.51132,43.23524,0
            5.51171,43.23504,0
            5.51174,43.23503,0
            5.51191,43.23494,0
            5.51198,43.23489,0
            5.51206,43.23485,0
            5.51246,43.23458,0
            5.51277,43.23433,0
            5.51405,43.23315,0
            5.51413,43.2331,0
            5.51421,43.23303,0
            5.51448,43.23287,0
            5.51461,43.23281,0
            5.51466,43.23278,0
            5.51493,43.23268,0
            5.51527,43.23259,0
            5.51551,43.23255,0
            5.51724,43.2324,0
            5.51758,43.23235,0
            5.51771,43.23232,0
            5.51773,43.23232,0
            5.51779,43.2323,0
            5.51786,43.23229,0
            5.51795,43.23226,0
            5.518,43.23225,0
            5.51959,43.23173,0
            5.51985,43.23163,0
            5.51992,43.23159,0
            5.51999,43.23156,0
            5.52004,43.23153,0
            5.52009,43.23151,0
            5.52014,43.23148,0
            5.52015,43.23147,0
            5.52019,43.23145,0
            5.52118,43.23076,0
            5.52124,43.23073,0
            5.52125,43.23073,0
            5.5214,43.23064,0
            5.52143,43.23063,0
            5.5215,43.23059,0
            5.52166,43.23053,0
            5.52172,43.2305,0
            5.52186,43.23046,0
            5.52187,43.23045,0
            5.52206,43.2304,0
            5.5221,43.2304,0
            5.52228,43.23036,0
            5.52234,43.23036,0
            5.52237,43.23035,0
            5.52244,43.23035,0
            5.52258,43.23033,0
            5.52561,43.23025,0
            5.52569,43.23024,0
            5.52575,43.23024,0
            5.52582,43.23023,0
            5.52589,43.23023,0
            5.52608,43.2302,0
            5.52629,43.23014,0
            5.52899,43.22914,0
            5.52935,43.22898,0
            5.52941,43.22896,0
            5.52945,43.22893,0
            5.52954,43.22889,0
            5.52978,43.22874,0
            5.52983,43.2287,0
            5.52988,43.22867,0
            5.52992,43.22863,0
            5.52997,43.2286,0
            5.53005,43.22852,0
            5.5301,43.22848,0
            5.53182,43.22654,0
            5.53189,43.22644,0
            5.53191,43.2264,0
            5.53194,43.2263,0
            5.53194,43.22619,0
            5.5319,43.22607,0
            5.53168,43.22571,0
            5.53168,43.2257,0
            5.53167,43.22568,0
            5.53167,43.22565,0
            5.53166,43.22562,0
            5.53166,43.22559,0
            5.53169,43.2255,0
            5.53171,43.22548,0
            5.53172,43.22545,0
            5.53174,43.22544,0
            5.53178,43.2254,0
            5.53185,43.22536,0
            5.5319,43.22534,0
            5.53206,43.2253,0
            5.53243,43.22524,0
            5.53252,43.22521,0
            5.53255,43.22521,0
            5.53258,43.22519,0
            5.53261,43.22518,0
            5.53268,43.22514,0
            5.53271,43.22513,0
            5.53283,43.22505,0
            5.53292,43.22496,0
            5.5331,43.22472,0
            5.53315,43.22467,0
            5.53317,43.22464,0
            5.5332,43.22462,0
            5.53322,43.2246,0
            5.53325,43.22458,0
            5.53328,43.22457,0
            5.53335,43.22453,0
            5.53342,43.22451,0
            5.53346,43.22449,0
            5.5335,43.22449,0
            5.53353,43.22448,0
            5.53357,43.22448,0
            5.53362,43.22447,0
            5.5337,43.22447,0
            5.53382,43.2245,0
            5.53387,43.22452,0
            5.5339,43.22454,0
            5.53395,43.22456,0
            5.53398,43.22459,0
            5.53411,43.22469,0
            5.5346,43.22513,0
            5.53468,43.22519,0
            5.53471,43.22522,0
            5.53476,43.22524,0
            5.5348,43.22527,0
            5.5349,43.22531,0
            5.53494,43.22532,0
            5.53501,43.22535,0
            5.53502,43.22535,0
            5.53533,43.22543,0
            5.53537,43.22545,0
            5.53542,43.22546,0
            5.53546,43.22548,0
            5.5355,43.22551,0
            5.53554,43.22553,0
            5.53577,43.22568,0
            5.53585,43.22572,0
            5.53592,43.22574,0
            5.53599,43.22577,0
            5.53605,43.22578,0
            5.53649,43.2259,0
            5.53656,43.22591,0
            5.53668,43.22594,0
            5.53678,43.22594,0
            5.53682,43.22595,0
            5.53689,43.22595,0
            5.53695,43.22594,0
            5.53702,43.22594,0
            5.53707,43.22593,0
            5.53711,43.22593,0
            5.53721,43.22591,0
            5.53726,43.22591,0
            5.53727,43.2259,0
            5.5373,43.2259,0
            5.53772,43.22578,0
            5.53783,43.22578,0
            5.53794,43.22581,0
            5.53801,43.22585,0
            5.53818,43.22602,0
            5.53835,43.22625,0
            5.53846,43.22636,0
            5.53863,43.22643,0
            5.53876,43.22647,0
            5.53877,43.22647,0
            5.53888,43.2265,0
            5.5389,43.2265,0
            5.53891,43.22649,0
            5.53898,43.22649,0
            5.53899,43.2265,0
            5.53903,43.2265,0
            5.53904,43.22651,0
            5.53905,43.22651,0
            5.53906,43.22652,0
            5.53922,43.22652,0
            5.53939,43.22649,0
            5.53946,43.22647,0
            5.54189,43.22531,0
            5.54201,43.22523,0
            5.5421,43.22513,0
            5.54229,43.22498,0
            5.54229,43.22491,0
            5.5423,43.22486,0
            5.54229,43.22483,0
            5.54224,43.22474,0
            5.54223,43.22468,0
            5.54195,43.22419,0
            5.54184,43.22403,0
            5.54172,43.2239,0
            5.54147,43.22372,0
            5.54093,43.22339,0
            5.54074,43.2233,0
            5.54058,43.22324,0
            5.54044,43.2232,0
            5.54021,43.22316,0
            5.54001,43.22314,0
            5.53991,43.22314,0
            5.53986,43.22315,0
            5.53976,43.22315,0
            5.53953,43.22317,0
            5.53952,43.22319,0
            5.53951,43.2232,0
            5.53944,43.22322,0
            5.53939,43.22322,0
            5.53931,43.2232,0
            5.53926,43.22317,0
            5.53924,43.22315,0
            5.53923,43.22313,0
            5.53923,43.22308,0
            5.5389,43.22279,0
            5.53812,43.22199,0
            5.53793,43.22182,0
            5.53783,43.22175,0
            5.53768,43.22167,0
            5.53732,43.22157,0
            5.53712,43.22155,0
            5.53687,43.22155,0
            5.53642,43.22163,0
            5.53632,43.22166,0
            5.53619,43.22168,0
            5.53617,43.22169,0
            5.53571,43.22177,0
            5.53559,43.22177,0
            5.53553,43.22178,0
            5.53546,43.22177,0
            5.53539,43.22177,0
            5.53533,43.22175,0
            5.53526,43.22174,0
            5.53501,43.22167,0
            5.53468,43.22152,0
            5.53467,43.22151,0
            5.53449,43.22143,0
            5.53407,43.22117,0
            5.53407,43.22118,0
            5.53402,43.22118,0
            5.53402,43.22117,0
            5.53399,43.22117,0
            5.53399,43.22116,0
            5.53397,43.22116,0
            5.53397,43.22115,0
            5.53396,43.22115,0
            5.53396,43.22114,0
            5.53395,43.22114,0
            5.53395,43.22112,0
            5.53394,43.22112,0
            5.53394,43.22108,0
            5.53395,43.22108,0
            5.53395,43.22106,0
            5.53396,43.22106,0
            5.53396,43.22105,0
            5.53397,43.22105,0
            5.53397,43.22104,0
            5.53398,43.22104,0
            5.53398,43.22103,0
            5.53399,43.22103,0
            5.534,43.22102,0
            5.53401,43.22102,0
            5.53401,43.22097,0
            5.534,43.22092,0
            5.534,43.22085,0
            5.53394,43.22073,0
            5.53393,43.22068,0
            5.53392,43.22067,0
            5.53357,43.21963,0
            5.53356,43.21962,0
            5.53345,43.21928,0
            5.53344,43.21928,0
            5.53335,43.21892,0
            5.53334,43.21879,0
            5.53339,43.21857,0
            5.53339,43.21854,0
            5.53359,43.21798,0
            5.53358,43.21796,0
            5.53356,43.21794,0
            5.53356,43.21791,0
            5.53358,43.21789,0
            5.53359,43.21789,0
            5.53361,43.21788,0
            5.53366,43.21788,0
            5.5338,43.21772,0
            5.53383,43.2177,0
            5.53398,43.21756,0
            5.53405,43.21751,0
            5.53405,43.21746,0
            5.53407,43.21736,0
            5.53407,43.21732,0
            5.53406,43.21727,0
            5.53396,43.21703,0
            5.53392,43.21698,0
            5.53383,43.21684,0
            5.53369,43.2167,0
            5.53348,43.21658,0
            5.53345,43.21657,0
            5.53341,43.21653,0
            5.53338,43.21649,0
            5.53337,43.21646,0
            5.53338,43.21641,0
            5.53351,43.21633,0
            5.53355,43.21629,0
            5.53356,43.21625,0
            5.53356,43.21621,0
            5.53355,43.21618,0
            5.53355,43.21615,0
            5.53349,43.21591,0
            5.53349,43.21582,0
            5.5335,43.21576,0
            5.5336,43.2156,0
            5.53365,43.21549,0
            5.53367,43.21541,0
            5.53367,43.21532,0
            5.53361,43.21515,0
            5.53358,43.21502,0
            5.53355,43.21477,0
            5.53351,43.21468,0
            5.53355,43.21466,0
            5.5336,43.21461,0
            5.53375,43.21441,0
            5.53385,43.2143,0
            5.53389,43.21428,0
            5.53396,43.21426,0
            5.53398,43.21425,0
            5.53402,43.21424,0
            5.53413,43.21424,0
            5.5347,43.21437,0
            5.53479,43.2144,0
            5.5349,43.21446,0
            5.53495,43.21442,0
            5.53509,43.21433,0
          </coordinates>
        </LineString>
      </Placemark>
      <Placemark>
        <name>Port de la Pointe Rouge, Marseille, France</name>
        <styleUrl>#icon-1899-DB4436-nodesc</styleUrl>
        <Point>
          <coordinates>
            5.3673216,43.2430051,0
          </coordinates>
        </Point>
      </Placemark>
      <Placemark>
        <name>Tuba Club - Cabanons et Restaurant, Boulevard Alexandre Delabre, Marseille, France</name>
        <styleUrl>#icon-1899-DB4436-nodesc</styleUrl>
        <Point>
          <coordinates>
            5.3459636,43.2178584,0
          </coordinates>
        </Point>
      </Placemark>
      <Placemark>
        <name>Grand Bar des Goudes, Rue Désiré Pelaprat, Marseille, France</name>
        <styleUrl>#icon-1899-DB4436-nodesc</styleUrl>
        <Point>
          <coordinates>
            5.3459017,43.2151177,0
          </coordinates>
        </Point>
      </Placemark>
      <Placemark>
        <name>Port de Cassis, Quai des Moulins, Cassis, France</name>
        <styleUrl>#icon-1899-DB4436-nodesc</styleUrl>
        <Point>
          <coordinates>
            5.535089,43.214331,0
          </coordinates>
        </Point>
      </Placemark>
    </Folder>
    <Folder>
      <name>Tuesday, May 12 (TER 881611/TER 17471; 7:59 AM)</name>
      <Placemark>
        <name>Tuesday, May 12 (TER 881611/TER 17471; 7:59 AM)</name>
        <styleUrl>#line-1267FF-5000-nodesc</styleUrl>
        <LineString>
          <tessellate>1</tessellate>
          <coordinates>
            5.55292,43.23395,0
            5.55293,43.23394,0
            5.55293,43.23393,0
            5.55294,43.23392,0
            5.55294,43.23387,0
            5.55293,43.23384,0
            5.55293,43.23382,0
            5.55306,43.23376,0
            5.55314,43.23373,0
            5.55318,43.23371,0
            5.55361,43.23355,0
            5.55381,43.23343,0
            5.55468,43.23286,0
            5.55469,43.23285,0
            5.55487,43.23272,0
            5.55491,43.23267,0
            5.55494,43.23261,0
            5.55497,43.23252,0
            5.55492,43.23239,0
            5.55465,43.23196,0
            5.5546,43.23192,0
            5.5546,43.23191,0
            5.5545,43.23171,0
            5.55443,43.23154,0
            5.55442,43.23153,0
            5.55442,43.23152,0
            5.55441,43.23152,0
            5.55441,43.23151,0
            5.5544,43.23151,0
            5.5544,43.23144,0
            5.55365,43.23115,0
            5.55245,43.23075,0
            5.55226,43.2307,0
            5.55184,43.23055,0
            5.55163,43.23046,0
            5.55138,43.23032,0
            5.551,43.23006,0
            5.5509,43.22997,0
            5.55087,43.22991,0
            5.55082,43.22986,0
            5.55076,43.22982,0
            5.55058,43.22965,0
            5.55043,43.22949,0
            5.54927,43.22838,0
            5.54915,43.22828,0
            5.54822,43.2274,0
            5.54664,43.22578,0
            5.54638,43.22553,0
            5.54484,43.22414,0
            5.54477,43.22413,0
            5.54475,43.22412,0
            5.54471,43.22409,0
            5.54449,43.22396,0
            5.5444,43.22394,0
            5.54437,43.22392,0
            5.54433,43.2239,0
            5.54432,43.22391,0
            5.54421,43.22391,0
            5.5442,43.2239,0
            5.54418,43.2239,0
            5.54417,43.22389,0
            5.54416,43.22389,0
            5.54413,43.22386,0
            5.54412,43.22386,0
            5.54412,43.22385,0
            5.54411,43.22384,0
            5.54411,43.22382,0
            5.5441,43.22382,0
            5.5441,43.22376,0
            5.54411,43.22375,0
            5.54411,43.22373,0
            5.54412,43.22373,0
            5.54413,43.22372,0
            5.54413,43.22371,0
            5.54414,43.2237,0
            5.54415,43.2237,0
            5.54416,43.22369,0
            5.54417,43.22369,0
            5.54417,43.22368,0
            5.54419,43.22368,0
            5.5442,43.22367,0
            5.54422,43.22367,0
            5.54424,43.22345,0
            5.54424,43.22335,0
            5.54422,43.22327,0
            5.54422,43.22319,0
            5.54395,43.2226,0
            5.54386,43.22237,0
            5.5438,43.22218,0
            5.54378,43.22206,0
            5.54376,43.22198,0
            5.54373,43.22175,0
            5.54373,43.22155,0
            5.54374,43.22143,0
            5.54374,43.22136,0
            5.54376,43.2212,0
            5.54379,43.22107,0
            5.54383,43.22094,0
            5.54382,43.2209,0
            5.54382,43.22087,0
            5.54393,43.22048,0
            5.544,43.22027,0
            5.54402,43.22019,0
            5.54416,43.21978,0
            5.54429,43.21926,0
            5.54429,43.21919,0
            5.54431,43.21904,0
            5.54432,43.21881,0
            5.5443,43.21869,0
            5.54429,43.21854,0
            5.54428,43.21849,0
            5.54426,43.21843,0
            5.54386,43.21778,0
            5.5438,43.21765,0
            5.5438,43.21764,0
            5.54379,43.21761,0
            5.54378,43.21756,0
            5.54378,43.21742,0
            5.54383,43.21725,0
            5.5439,43.21714,0
            5.54391,43.21713,0
            5.54394,43.21708,0
            5.54399,43.21704,0
            5.54403,43.217,0
            5.54419,43.2169,0
            5.54425,43.21687,0
            5.54434,43.21684,0
            5.54438,43.21682,0
            5.54441,43.21682,0
            5.54446,43.2168,0
            5.54449,43.2168,0
            5.54452,43.21679,0
            5.54457,43.21678,0
            5.54469,43.21678,0
            5.54474,43.21677,0
            5.54478,43.21678,0
            5.54486,43.21678,0
            5.5449,43.21679,0
            5.54494,43.21679,0
            5.54499,43.2168,0
            5.54509,43.21683,0
            5.5451,43.21683,0
            5.54518,43.21685,0
            5.54625,43.2172,0
            5.54648,43.21732,0
            5.54761,43.21803,0
            5.54764,43.21804,0
            5.54775,43.21809,0
            5.54807,43.21814,0
            5.54812,43.21814,0
            5.54819,43.21815,0
            5.54829,43.21815,0
            5.54841,43.21813,0
            5.54844,43.21813,0
            5.54849,43.21812,0
            5.54852,43.21811,0
            5.54854,43.21811,0
            5.5486,43.21809,0
            5.54871,43.21807,0
            5.54894,43.21798,0
            5.549,43.21794,0
            5.54909,43.21789,0
            5.54948,43.21763,0
            5.54955,43.21759,0
            5.55004,43.21726,0
            5.55013,43.21718,0
            5.55017,43.21701,0
            5.55015,43.21698,0
            5.55015,43.21693,0
            5.55019,43.21689,0
            5.55021,43.21688,0
            5.55022,43.21687,0
            5.55026,43.21686,0
            5.55048,43.21666,0
            5.55051,43.2166,0
            5.55065,43.21616,0
            5.55068,43.21609,0
            5.55072,43.21602,0
            5.55076,43.21598,0
            5.55079,43.21593,0
            5.55082,43.21591,0
            5.55086,43.21587,0
            5.55102,43.21575,0
            5.55107,43.2157,0
            5.55113,43.21567,0
            5.55122,43.21561,0
            5.55141,43.21552,0
            5.55152,43.21549,0
            5.55161,43.21548,0
            5.55252,43.21545,0
            5.55263,43.21546,0
            5.55281,43.21551,0
            5.55288,43.21554,0
            5.55295,43.21558,0
            5.55321,43.21576,0
            5.55327,43.21579,0
            5.5533,43.21581,0
            5.55333,43.21582,0
            5.55337,43.21584,0
            5.55352,43.21588,0
            5.55357,43.21588,0
            5.55361,43.21589,0
            5.55411,43.21587,0
            5.55447,43.21588,0
            5.55459,43.2159,0
            5.55498,43.21594,0
            5.55502,43.21595,0
            5.55527,43.21595,0
            5.55561,43.2159,0
            5.55576,43.21586,0
            5.55591,43.21584,0
            5.5561,43.21585,0
            5.55633,43.21588,0
            5.55636,43.21589,0
            5.5565,43.21592,0
            5.55661,43.21597,0
            5.55767,43.21654,0
            5.5578,43.2166,0
            5.55802,43.21672,0
            5.55866,43.21719,0
            5.55875,43.21724,0
            5.55916,43.21743,0
            5.55938,43.21749,0
            5.55942,43.21749,0
            5.55948,43.2175,0
            5.55954,43.2175,0
            5.55972,43.21747,0
            5.55992,43.21742,0
            5.56022,43.21732,0
            5.56031,43.21731,0
            5.56051,43.21731,0
            5.56057,43.21733,0
            5.56066,43.21735,0
            5.56077,43.21739,0
            5.56093,43.21749,0
            5.56097,43.21753,0
            5.56101,43.21758,0
            5.56116,43.21781,0
            5.56132,43.21798,0
            5.56135,43.218,0
            5.56138,43.21801,0
            5.56146,43.21806,0
            5.56152,43.21809,0
            5.56164,43.21812,0
            5.56171,43.21813,0
            5.56201,43.2182,0
            5.56215,43.21826,0
            5.56227,43.21833,0
            5.56237,43.21837,0
            5.56247,43.2184,0
            5.56504,43.21891,0
            5.56523,43.21894,0
            5.56528,43.21894,0
            5.56535,43.21895,0
            5.56546,43.21895,0
            5.56551,43.21894,0
            5.56558,43.21894,0
            5.56565,43.21893,0
            5.56614,43.21879,0
            5.56627,43.21877,0
            5.56639,43.21877,0
            5.5665,43.21879,0
            5.56655,43.21881,0
            5.56665,43.21884,0
            5.56677,43.21892,0
            5.56686,43.21901,0
            5.56693,43.21907,0
            5.56703,43.2192,0
            5.56719,43.21951,0
            5.56725,43.21961,0
            5.56729,43.21965,0
            5.56735,43.21973,0
            5.5674,43.21978,0
            5.56751,43.21992,0
            5.56757,43.22004,0
            5.56762,43.22017,0
            5.56767,43.22042,0
            5.56769,43.22048,0
            5.56773,43.22057,0
            5.56775,43.2206,0
            5.56784,43.2207,0
            5.56799,43.22082,0
            5.5682,43.22096,0
            5.56825,43.221,0
            5.56829,43.22102,0
            5.56833,43.22107,0
            5.56836,43.2211,0
            5.56842,43.22119,0
            5.5686,43.22151,0
            5.56863,43.22154,0
            5.56868,43.22158,0
            5.56872,43.22162,0
            5.57011,43.22219,0
            5.57028,43.22225,0
            5.57077,43.22239,0
            5.57176,43.22264,0
            5.57198,43.22268,0
            5.57278,43.22274,0
            5.57305,43.22274,0
            5.57683,43.22217,0
            5.57698,43.22217,0
            5.57714,43.22219,0
            5.57722,43.22221,0
            5.57723,43.22221,0
            5.5773,43.22223,0
            5.57735,43.22225,0
            5.57743,43.22227,0
            5.5776,43.22236,0
            5.57772,43.22244,0
            5.57778,43.22249,0
            5.57784,43.22255,0
            5.5779,43.22265,0
            5.57799,43.22283,0
            5.57805,43.22293,0
            5.57811,43.223,0
            5.57813,43.22303,0
            5.57816,43.22306,0
            5.5782,43.22309,0
            5.57824,43.22311,0
            5.57827,43.22312,0
            5.57828,43.22313,0
            5.57835,43.22315,0
            5.57846,43.22317,0
            5.57861,43.22317,0
            5.5787,43.22315,0
            5.57884,43.2231,0
            5.57888,43.22308,0
            5.57896,43.22302,0
            5.57908,43.22289,0
            5.57908,43.22285,0
            5.57926,43.22244,0
            5.57942,43.22215,0
            5.57945,43.22207,0
            5.57945,43.22206,0
            5.57944,43.22205,0
            5.57944,43.22204,0
            5.57943,43.22203,0
            5.57943,43.22201,0
            5.57942,43.222,0
            5.57942,43.22198,0
            5.57943,43.22197,0
            5.57943,43.22193,0
            5.57944,43.22192,0
            5.57945,43.2219,0
            5.5795,43.22185,0
            5.57952,43.22184,0
            5.57953,43.22183,0
            5.57956,43.22182,0
            5.57962,43.22174,0
            5.57982,43.22151,0
            5.58015,43.22087,0
            5.58022,43.22079,0
            5.58039,43.22045,0
            5.58048,43.2203,0
            5.58054,43.22018,0
            5.58057,43.22009,0
            5.5806,43.22003,0
            5.58067,43.21978,0
            5.58066,43.21969,0
            5.58065,43.21907,0
            5.58068,43.219,0
            5.58072,43.21894,0
            5.58078,43.21888,0
            5.58088,43.21876,0
            5.58096,43.21864,0
            5.58109,43.21839,0
            5.58111,43.21833,0
            5.58128,43.21799,0
            5.5813,43.21797,0
            5.58141,43.21778,0
            5.58157,43.21746,0
            5.58166,43.21725,0
            5.58177,43.21722,0
            5.58181,43.21708,0
            5.58186,43.21694,0
            5.58199,43.21648,0
            5.58204,43.21621,0
            5.58205,43.2161,0
            5.58207,43.21598,0
            5.58208,43.21584,0
            5.58208,43.21556,0
            5.58209,43.21555,0
            5.58209,43.21517,0
            5.58208,43.21504,0
            5.58208,43.21491,0
            5.58198,43.21371,0
            5.58198,43.21325,0
            5.58199,43.21319,0
            5.582,43.21305,0
            5.58204,43.21283,0
            5.58205,43.21274,0
            5.58213,43.21237,0
            5.58227,43.21194,0
            5.58232,43.21183,0
            5.58236,43.21172,0
            5.58241,43.21161,0
            5.58258,43.21129,0
            5.58265,43.21118,0
            5.58274,43.21101,0
            5.5829,43.21078,0
            5.58294,43.21074,0
            5.58298,43.21068,0
            5.58326,43.21034,0
            5.58401,43.20958,0
            5.58563,43.20804,0
            5.58604,43.20768,0
            5.58661,43.20721,0
            5.58671,43.20714,0
            5.58675,43.2071,0
            5.58786,43.20631,0
            5.58788,43.2063,0
            5.58803,43.20619,0
            5.58819,43.20609,0
            5.58817,43.20596,0
            5.58894,43.20534,0
            5.58897,43.20532,0
            5.58903,43.20526,0
            5.58908,43.20523,0
            5.58981,43.20461,0
            5.59046,43.20428,0
            5.5907,43.2042,0
            5.59074,43.20418,0
            5.59075,43.20418,0
            5.59098,43.20411,0
            5.591,43.2041,0
            5.59162,43.20397,0
            5.59364,43.20361,0
            5.59374,43.20358,0
            5.59376,43.20358,0
            5.59389,43.20353,0
            5.59391,43.20353,0
            5.59409,43.20346,0
            5.59435,43.20333,0
            5.59443,43.20327,0
            5.59444,43.20325,0
            5.59446,43.20324,0
            5.59453,43.20314,0
            5.59455,43.20304,0
            5.59455,43.20294,0
            5.59451,43.20268,0
            5.59418,43.20198,0
            5.59404,43.20155,0
            5.59402,43.20142,0
            5.594,43.20136,0
            5.59397,43.20121,0
            5.59396,43.20102,0
            5.59399,43.20079,0
            5.59401,43.20071,0
            5.59403,43.20057,0
            5.59403,43.20048,0
            5.59401,43.20037,0
            5.59398,43.20035,0
            5.59396,43.20031,0
            5.59396,43.2003,0
            5.59395,43.20028,0
            5.59395,43.20021,0
            5.59396,43.20019,0
            5.59397,43.20018,0
            5.594,43.20013,0
            5.59404,43.20011,0
            5.59407,43.20008,0
            5.5941,43.20008,0
            5.59414,43.20006,0
            5.59419,43.20006,0
            5.59421,43.20005,0
            5.59426,43.20005,0
            5.59432,43.20001,0
            5.59445,43.19989,0
            5.59448,43.19985,0
            5.59457,43.19976,0
            5.59475,43.1996,0
            5.59534,43.19922,0
            5.59664,43.19853,0
            5.59703,43.19829,0
            5.59741,43.198,0
            5.59767,43.19776,0
            5.59791,43.19749,0
            5.59793,43.19746,0
            5.59796,43.19743,0
            5.59797,43.19741,0
            5.59799,43.19739,0
            5.59801,43.19735,0
            5.59828,43.197,0
            5.59833,43.19692,0
            5.59851,43.19668,0
            5.59872,43.19635,0
            5.59874,43.19633,0
            5.59894,43.19603,0
            5.59904,43.1959,0
            5.59917,43.19571,0
            5.59941,43.1954,0
            5.59969,43.19507,0
            5.59984,43.19491,0
            5.59984,43.1949,0
            5.6002,43.19454,0
            5.60028,43.19448,0
            5.60037,43.19439,0
            5.60039,43.19438,0
            5.60045,43.19432,0
            5.60092,43.19396,0
            5.60147,43.1936,0
            5.60202,43.19329,0
            5.60203,43.19329,0
            5.60247,43.19308,0
            5.60262,43.19302,0
            5.6035,43.19261,0
            5.60377,43.19247,0
            5.604,43.19233,0
            5.60411,43.19224,0
            5.6042,43.19212,0
            5.60423,43.19205,0
            5.60425,43.19197,0
            5.60423,43.19193,0
            5.60423,43.19184,0
            5.60425,43.19179,0
            5.60429,43.19173,0
            5.60431,43.19171,0
            5.60438,43.19166,0
            5.60453,43.19162,0
            5.60465,43.19162,0
            5.60475,43.19164,0
            5.60484,43.1917,0
            5.60488,43.19174,0
            5.6049,43.19177,0
            5.60492,43.19179,0
            5.605,43.19182,0
            5.60514,43.19185,0
            5.60575,43.19193,0
            5.60722,43.19207,0
            5.60725,43.19208,0
            5.60731,43.19208,0
            5.60767,43.19213,0
            5.6077,43.19214,0
            5.60845,43.19227,0
            5.60881,43.1923,0
            5.60898,43.19228,0
            5.60904,43.19222,0
            5.60905,43.19222,0
            5.60909,43.1922,0
            5.6092,43.19217,0
            5.60929,43.19217,0
            5.60937,43.19219,0
            5.60942,43.19221,0
            5.60944,43.19223,0
            5.60945,43.19223,0
            5.60947,43.19225,0
            5.60948,43.19225,0
            5.60948,43.19226,0
            5.60949,43.19227,0
            5.60971,43.19231,0
            5.6105,43.19231,0
            5.61065,43.19232,0
            5.61188,43.19249,0
            5.6127,43.19251,0
            5.6128,43.19253,0
            5.61314,43.19255,0
            5.6135,43.1925,0
            5.61422,43.19247,0
            5.61454,43.19242,0
            5.61456,43.19241,0
            5.61474,43.19238,0
            5.61499,43.19238,0
            5.61511,43.19237,0
            5.61537,43.19232,0
            5.61734,43.19185,0
            5.61766,43.19179,0
            5.61766,43.19177,0
            5.61767,43.19174,0
            5.61769,43.19171,0
            5.61771,43.19169,0
            5.61775,43.19166,0
            5.61781,43.19164,0
            5.6179,43.19163,0
            5.61795,43.19163,0
            5.61809,43.19171,0
            5.6181,43.19173,0
            5.61811,43.19174,0
            5.61811,43.19175,0
            5.61812,43.19176,0
            5.61812,43.19183,0
            5.61811,43.19184,0
            5.61811,43.19185,0
            5.6181,43.19186,0
            5.61809,43.19188,0
            5.61809,43.19189,0
            5.61807,43.19191,0
            5.61806,43.19191,0
            5.61805,43.19192,0
            5.61804,43.19192,0
            5.61803,43.19193,0
            5.61802,43.19193,0
            5.61801,43.19194,0
            5.618,43.19194,0
            5.61799,43.19195,0
            5.618,43.19215,0
            5.61797,43.1922,0
            5.61813,43.19307,0
            5.61828,43.19414,0
            5.61833,43.19439,0
            5.6184,43.19466,0
            5.61844,43.19476,0
            5.61848,43.19482,0
            5.61848,43.19484,0
            5.61855,43.19495,0
            5.6186,43.19501,0
            5.61866,43.1951,0
            5.61889,43.19531,0
            5.61908,43.19544,0
            5.61947,43.19566,0
            5.61988,43.19587,0
            5.62008,43.19599,0
            5.62016,43.19603,0
            5.62017,43.19605,0
            5.62036,43.19619,0
            5.62076,43.19661,0
            5.62104,43.19695,0
            5.62116,43.19714,0
            5.62117,43.19715,0
            5.6212,43.19721,0
            5.62141,43.19729,0
            5.62153,43.19735,0
            5.62165,43.19739,0
            5.62182,43.19746,0
            5.62203,43.19756,0
            5.62205,43.19756,0
            5.62232,43.19766,0
            5.62278,43.19775,0
            5.62417,43.19796,0
            5.62426,43.19798,0
            5.62456,43.19802,0
            5.6249,43.1981,0
            5.62501,43.19815,0
            5.62514,43.19824,0
            5.62517,43.19828,0
            5.62521,43.19832,0
            5.62525,43.19837,0
            5.62531,43.19846,0
            5.62539,43.19854,0
            5.62547,43.19859,0
            5.62559,43.19863,0
            5.62573,43.19866,0
            5.62631,43.19873,0
            5.62646,43.19874,0
            5.62669,43.1988,0
            5.62672,43.19882,0
            5.62686,43.19887,0
            5.62716,43.199,0
            5.62727,43.19904,0
            5.62733,43.19907,0
            5.62749,43.19912,0
            5.62756,43.19913,0
            5.62787,43.19914,0
            5.628,43.19913,0
            5.62805,43.19912,0
            5.6281,43.1991,0
            5.62818,43.19908,0
            5.62833,43.19902,0
            5.62839,43.19899,0
            5.62851,43.19891,0
            5.62862,43.19881,0
            5.62866,43.19876,0
            5.62873,43.19864,0
            5.62879,43.19847,0
            5.62884,43.19838,0
            5.62895,43.19802,0
            5.62899,43.19798,0
            5.62904,43.19795,0
            5.62905,43.19794,0
            5.62916,43.19788,0
            5.62919,43.19787,0
            5.62933,43.19784,0
            5.62951,43.19784,0
            5.63042,43.19792,0
            5.63147,43.19804,0
            5.63154,43.19804,0
            5.63247,43.19814,0
            5.63254,43.19816,0
            5.63259,43.19818,0
            5.63279,43.19821,0
            5.63273,43.19834,0
            5.63272,43.19837,0
            5.63271,43.19838,0
            5.63266,43.1985,0
            5.63255,43.19886,0
            5.63249,43.19919,0
            5.63242,43.19949,0
            5.63242,43.19954,0
            5.63241,43.19956,0
            5.63242,43.19954,0
            5.63242,43.19949,0
            5.63249,43.19919,0
            5.63255,43.19886,0
            5.63266,43.1985,0
            5.63271,43.19838,0
            5.63272,43.19837,0
            5.63273,43.19834,0
            5.63279,43.19821,0
            5.63326,43.19762,0
            5.63334,43.1975,0
            5.63337,43.19741,0
            5.6334,43.19729,0
            5.63341,43.19716,0
            5.63339,43.19667,0
            5.6334,43.19639,0
            5.63342,43.19631,0
            5.63348,43.19619,0
            5.63407,43.19521,0
            5.63416,43.19509,0
            5.63439,43.19485,0
            5.63445,43.19481,0
            5.63448,43.19477,0
            5.63455,43.19471,0
            5.63459,43.19465,0
            5.63462,43.19458,0
            5.63464,43.1945,0
            5.63464,43.19434,0
            5.63463,43.19423,0
            5.63452,43.19354,0
            5.63445,43.19332,0
            5.63445,43.19327,0
            5.63451,43.19313,0
            5.63469,43.19298,0
            5.63492,43.19282,0
            5.63505,43.19271,0
            5.63511,43.19268,0
            5.63582,43.19239,0
            5.63635,43.19225,0
            5.6366,43.19221,0
            5.63692,43.19212,0
            5.63767,43.19185,0
            5.63806,43.19169,0
            5.63807,43.19168,0
            5.6384,43.19157,0
            5.6387,43.19153,0
            5.63914,43.19149,0
            5.63943,43.19145,0
            5.63952,43.19143,0
            5.63965,43.19139,0
            5.64012,43.19119,0
            5.64015,43.19117,0
            5.64031,43.19103,0
            5.64029,43.19098,0
            5.64031,43.19094,0
            5.64034,43.19083,0
            5.64035,43.19076,0
            5.64035,43.1907,0
            5.64089,43.19067,0
            5.64132,43.1906,0
            5.6418,43.19047,0
            5.64209,43.19037,0
            5.64398,43.18962,0
            5.6443,43.18951,0
            5.64431,43.18951,0
            5.64443,43.18948,0
            5.64494,43.18939,0
            5.64502,43.18939,0
            5.6451,43.18938,0
            5.64559,43.18935,0
            5.64693,43.18932,0
            5.64757,43.18937,0
            5.64839,43.18948,0
            5.64916,43.18955,0
            5.64949,43.18955,0
            5.64998,43.18952,0
            5.65,43.18951,0
            5.65012,43.1895,0
            5.65021,43.18948,0
            5.65022,43.18948,0
            5.65055,43.18941,0
            5.65069,43.18937,0
            5.65071,43.18937,0
            5.65088,43.18931,0
            5.65092,43.1893,0
            5.651,43.18927,0
            5.65113,43.18921,0
            5.65117,43.1892,0
            5.65146,43.18907,0
            5.65177,43.18889,0
            5.65187,43.18882,0
            5.65193,43.18879,0
            5.65249,43.18833,0
            5.65295,43.18791,0
            5.65314,43.18775,0
            5.65321,43.18768,0
            5.65358,43.18737,0
            5.65376,43.18724,0
            5.65391,43.18716,0
            5.65401,43.18712,0
            5.65413,43.18706,0
            5.65434,43.18697,0
            5.65441,43.18695,0
            5.65444,43.18695,0
            5.65446,43.18694,0
            5.65467,43.18689,0
            5.65519,43.18683,0
            5.65667,43.18673,0
            5.65736,43.18661,0
            5.65768,43.18652,0
            5.65795,43.18643,0
            5.65818,43.18637,0
            5.66169,43.18525,0
            5.66191,43.18519,0
            5.66222,43.18509,0
            5.66223,43.18509,0
            5.66224,43.18508,0
            5.66291,43.1849,0
            5.66292,43.1849,0
            5.66294,43.18489,0
            5.66522,43.18423,0
            5.667,43.18375,0
            5.66755,43.18357,0
            5.66796,43.18338,0
            5.66856,43.18304,0
            5.66904,43.18272,0
            5.6693,43.18252,0
            5.67003,43.18185,0
            5.67004,43.18185,0
            5.67028,43.18163,0
            5.67049,43.18146,0
            5.67082,43.18123,0
            5.671,43.18112,0
            5.67137,43.18093,0
            5.67196,43.1807,0
            5.67239,43.18058,0
            5.67373,43.18032,0
            5.67391,43.1803,0
            5.67583,43.17998,0
            5.67593,43.17997,0
            5.67607,43.17994,0
            5.67687,43.17981,0
            5.67727,43.17977,0
            5.67753,43.17976,0
            5.67766,43.17974,0
            5.67782,43.17974,0
            5.67798,43.17976,0
            5.67835,43.17984,0
            5.67841,43.17987,0
            5.67851,43.17991,0
            5.67852,43.17991,0
            5.67853,43.1799,0
            5.67861,43.1799,0
            5.67862,43.17991,0
            5.67864,43.17991,0
            5.67865,43.17992,0
            5.67866,43.17992,0
            5.67867,43.17993,0
            5.67868,43.17993,0
            5.67869,43.17994,0
            5.6787,43.17994,0
            5.6787,43.17995,0
            5.67873,43.17998,0
            5.67873,43.17999,0
            5.67874,43.18,0
            5.67874,43.18004,0
            5.67882,43.18007,0
            5.67898,43.18009,0
            5.67917,43.18009,0
            5.6793,43.18011,0
            5.67943,43.18014,0
            5.67961,43.18021,0
            5.68055,43.18064,0
            5.68086,43.1808,0
            5.68097,43.18087,0
            5.68375,43.18217,0
            5.68386,43.18223,0
            5.68495,43.18269,0
            5.68525,43.18286,0
            5.68526,43.18285,0
            5.68527,43.18285,0
            5.68528,43.18284,0
            5.68532,43.18284,0
            5.68532,43.18283,0
            5.68537,43.18283,0
            5.68537,43.18284,0
            5.68541,43.18284,0
            5.68541,43.18285,0
            5.68543,43.18285,0
            5.68543,43.18286,0
            5.68544,43.18286,0
            5.68545,43.18287,0
            5.68546,43.18287,0
            5.68546,43.18288,0
            5.68547,43.18289,0
            5.68547,43.1829,0
            5.68548,43.1829,0
            5.68548,43.18292,0
            5.68549,43.18292,0
            5.68549,43.18295,0
            5.68548,43.18296,0
            5.68603,43.1832,0
            5.68624,43.18327,0
            5.68661,43.18335,0
            5.68685,43.18338,0
            5.68735,43.18338,0
            5.68954,43.18327,0
            5.68966,43.18327,0
            5.6898,43.18328,0
            5.69024,43.18337,0
            5.69047,43.1834,0
            5.69053,43.18339,0
            5.69058,43.18339,0
            5.69065,43.18337,0
            5.69069,43.18332,0
            5.69073,43.18329,0
            5.69078,43.18326,0
            5.69088,43.18322,0
            5.69094,43.18321,0
            5.691,43.18321,0
            5.69106,43.1832,0
            5.69118,43.18322,0
            5.69237,43.18315,0
            5.69326,43.18304,0
            5.69337,43.18302,0
            5.69374,43.18292,0
            5.69399,43.18284,0
            5.6946,43.18259,0
            5.69484,43.18247,0
            5.69519,43.18226,0
            5.69576,43.1818,0
            5.69599,43.18157,0
            5.69636,43.18115,0
            5.69632,43.1811,0
            5.6963,43.18104,0
            5.69629,43.18097,0
            5.69632,43.18087,0
            5.69637,43.18081,0
            5.69645,43.18076,0
            5.69651,43.18073,0
            5.69657,43.18071,0
            5.69663,43.1807,0
            5.69673,43.1807,0
            5.6968,43.18071,0
            5.69684,43.18073,0
            5.69693,43.18076,0
            5.69698,43.1808,0
            5.69701,43.18083,0
            5.69706,43.1809,0
            5.69707,43.18092,0
            5.69707,43.18094,0
            5.69708,43.18097,0
            5.69706,43.18107,0
            5.69704,43.18111,0
            5.69711,43.18123,0
            5.69714,43.18126,0
            5.69723,43.18133,0
            5.69776,43.18163,0
            5.69792,43.18175,0
            5.69797,43.1818,0
            5.69817,43.18196,0
            5.69862,43.18235,0
            5.69865,43.18237,0
            5.69926,43.18288,0
            5.69933,43.18296,0
            5.69938,43.183,0
            5.69943,43.18303,0
            5.69949,43.18308,0
            5.69958,43.18312,0
            5.69968,43.18318,0
            5.6999,43.18327,0
            5.70014,43.18339,0
            5.70028,43.18349,0
            5.7003,43.1835,0
            5.70061,43.18375,0
            5.70088,43.18394,0
            5.7011,43.18406,0
            5.70142,43.1842,0
            5.70201,43.18442,0
            5.70208,43.18444,0
            5.70217,43.18448,0
            5.70222,43.18451,0
            5.70223,43.18451,0
            5.70293,43.1849,0
            5.70294,43.18491,0
            5.70352,43.1853,0
            5.70358,43.18531,0
            5.70366,43.18531,0
            5.70358,43.18531,0
            5.70352,43.1853,0
            5.70294,43.18491,0
            5.70293,43.1849,0
            5.70223,43.18451,0
            5.70222,43.18451,0
            5.70217,43.18448,0
            5.70222,43.18442,0
            5.70246,43.18417,0
            5.70299,43.18366,0
            5.70343,43.18331,0
            5.70353,43.18322,0
            5.70381,43.18302,0
            5.7039,43.18297,0
            5.70394,43.18296,0
            5.70398,43.18296,0
            5.70408,43.18298,0
            5.70432,43.183,0
            5.70492,43.18308,0
            5.70496,43.1831,0
            5.70499,43.18312,0
            5.70501,43.18311,0
            5.70502,43.1831,0
            5.70507,43.18308,0
            5.70506,43.18305,0
            5.70506,43.18301,0
            5.7051,43.18279,0
            5.70513,43.18269,0
            5.70533,43.1818,0
            5.70533,43.18174,0
            5.70534,43.1817,0
            5.70556,43.18171,0
            5.70565,43.1817,0
            5.70577,43.18167,0
            5.70585,43.18163,0
            5.70587,43.18161,0
            5.70588,43.18161,0
            5.7061,43.18137,0
            5.70619,43.18126,0
            5.70722,43.18018,0
            5.70733,43.18008,0
            5.70744,43.18004,0
            5.70752,43.18002,0
            5.70761,43.18001,0
            5.70801,43.18006,0
            5.70868,43.18012,0
            5.70873,43.18013,0
            5.70917,43.18017,0
            5.70921,43.18018,0
            5.70971,43.18025,0
            5.70985,43.18026,0
            5.70991,43.18027,0
            5.70993,43.18028,0
            5.70998,43.18029,0
            5.70999,43.18029,0
            5.71023,43.18037,0
            5.71068,43.18056,0
            5.71078,43.18058,0
            5.71083,43.18054,0
            5.71088,43.18049,0
            5.7109,43.18046,0
            5.71094,43.18036,0
            5.71091,43.18032,0
            5.71055,43.17967,0
            5.71031,43.1792,0
            5.71018,43.17885,0
            5.71016,43.17866,0
            5.71016,43.17857,0
            5.71018,43.17837,0
            5.7102,43.17825,0
            5.7102,43.17821,0
            5.71021,43.17814,0
            5.71021,43.1781,0
            5.71024,43.17782,0
            5.71025,43.17778,0
            5.71026,43.17765,0
            5.71031,43.17731,0
            5.71039,43.17692,0
            5.71045,43.17673,0
            5.71064,43.17626,0
            5.71088,43.17581,0
            5.71118,43.17538,0
            5.71141,43.17511,0
            5.71179,43.17475,0
            5.71335,43.17363,0
            5.71336,43.17363,0
            5.71396,43.17321,0
            5.71449,43.17294,0
            5.71467,43.17286,0
            5.71505,43.17267,0
            5.71547,43.17244,0
            5.71553,43.1724,0
            5.71591,43.17204,0
            5.71592,43.17204,0
            5.71687,43.17112,0
            5.71921,43.16978,0
            5.71931,43.16971,0
            5.71937,43.16964,0
            5.71941,43.16955,0
            5.71944,43.16945,0
            5.71947,43.16928,0
            5.71949,43.16904,0
            5.71946,43.16886,0
            5.71941,43.16877,0
            5.71935,43.1687,0
            5.7193,43.16863,0
            5.71925,43.16858,0
            5.71909,43.16845,0
            5.719,43.16839,0
            5.71889,43.16834,0
            5.71871,43.1683,0
            5.71766,43.16817,0
            5.71743,43.16812,0
            5.71731,43.16807,0
            5.71726,43.16803,0
            5.71717,43.16792,0
            5.71713,43.16784,0
            5.71706,43.16776,0
            5.71704,43.16773,0
            5.71698,43.16766,0
            5.71673,43.16745,0
            5.71669,43.16741,0
            5.71651,43.16726,0
            5.71642,43.16717,0
            5.71635,43.16712,0
            5.71623,43.16697,0
            5.71618,43.16688,0
            5.71596,43.1664,0
            5.71596,43.16639,0
            5.71591,43.16628,0
            5.71587,43.16616,0
            5.71582,43.16605,0
            5.71577,43.16587,0
            5.7158,43.16566,0
            5.71587,43.16551,0
            5.71602,43.1653,0
            5.71616,43.16516,0
            5.71625,43.16511,0
            5.71745,43.16422,0
            5.71784,43.16395,0
            5.71792,43.16391,0
            5.71808,43.16381,0
            5.71815,43.16378,0
            5.71816,43.16377,0
            5.71838,43.16369,0
            5.7185,43.16367,0
            5.7187,43.16365,0
            5.71891,43.16364,0
            5.71996,43.16364,0
            5.72029,43.1636,0
            5.72033,43.1636,0
            5.72049,43.16357,0
            5.72104,43.16343,0
            5.72123,43.16337,0
            5.7214,43.16333,0
            5.722,43.1631,0
            5.72235,43.163,0
            5.72236,43.163,0
            5.72254,43.16296,0
            5.72352,43.16279,0
            5.724,43.16265,0
            5.72412,43.16259,0
            5.72433,43.1625,0
            5.72433,43.16249,0
            5.72451,43.16241,0
            5.72512,43.16209,0
            5.72525,43.16201,0
            5.7255,43.16188,0
            5.72571,43.16174,0
            5.72574,43.16171,0
            5.72595,43.16154,0
            5.72615,43.16136,0
            5.7262,43.16133,0
            5.72625,43.16129,0
            5.72637,43.16122,0
            5.72655,43.16113,0
            5.72656,43.16113,0
            5.7267,43.16109,0
            5.72743,43.16101,0
            5.72754,43.16099,0
            5.72764,43.16096,0
            5.72767,43.16096,0
            5.72776,43.16092,0
            5.72786,43.16089,0
            5.72788,43.16087,0
            5.72805,43.16077,0
            5.72814,43.16069,0
            5.72821,43.16061,0
            5.72822,43.16059,0
            5.72827,43.16053,0
            5.72832,43.16045,0
            5.72833,43.16045,0
            5.72843,43.16029,0
            5.72843,43.16028,0
            5.72859,43.16004,0
            5.72888,43.15972,0
            5.72903,43.15957,0
            5.72945,43.15924,0
            5.7296,43.15914,0
            5.72972,43.15907,0
            5.72973,43.15907,0
            5.72978,43.15903,0
            5.72991,43.15896,0
            5.72992,43.15895,0
            5.73021,43.15879,0
            5.73029,43.15876,0
            5.73123,43.15826,0
            5.73134,43.15822,0
            5.73145,43.15817,0
            5.73148,43.15816,0
            5.73149,43.15816,0
            5.73154,43.15814,0
            5.73168,43.15811,0
            5.73171,43.1581,0
            5.73181,43.15809,0
            5.7319,43.15807,0
            5.73192,43.15807,0
            5.73221,43.15803,0
            5.73234,43.15802,0
            5.73265,43.15802,0
            5.7327,43.15803,0
            5.73279,43.15803,0
            5.73293,43.15806,0
            5.73294,43.15806,0
            5.73303,43.15808,0
            5.73381,43.15831,0
            5.73386,43.15832,0
            5.73387,43.15832,0
            5.73401,43.15836,0
            5.73404,43.15836,0
            5.73429,43.1584,0
            5.73434,43.1584,0
            5.73465,43.15845,0
            5.73477,43.15846,0
            5.73549,43.15858,0
            5.73628,43.15878,0
            5.73656,43.15884,0
            5.73693,43.15887,0
            5.73707,43.15887,0
            5.73715,43.15888,0
            5.73723,43.15887,0
            5.7373,43.15887,0
            5.73751,43.15884,0
            5.73776,43.15876,0
            5.73789,43.1587,0
            5.73813,43.15855,0
            5.73825,43.15845,0
            5.73857,43.15808,0
            5.7397,43.15701,0
            5.74056,43.15638,0
            5.74073,43.15627,0
            5.74074,43.15627,0
            5.74165,43.15567,0
            5.74166,43.15567,0
            5.74184,43.15555,0
            5.7424,43.15521,0
            5.7435,43.1546,0
            5.74356,43.15454,0
            5.74368,43.15447,0
            5.74369,43.15446,0
            5.74394,43.15434,0
            5.74405,43.15431,0
            5.74416,43.15427,0
            5.74441,43.1542,0
            5.74452,43.15415,0
            5.7446,43.15409,0
            5.7446,43.15407,0
            5.74459,43.15406,0
            5.74459,43.15403,0
            5.7446,43.15402,0
            5.7446,43.154,0
            5.74461,43.154,0
            5.74461,43.15399,0
            5.74463,43.15397,0
            5.74464,43.15397,0
            5.74468,43.15393,0
            5.7447,43.15393,0
            5.74472,43.15391,0
            5.74474,43.15391,0
            5.74475,43.1539,0
            5.74477,43.1539,0
            5.74477,43.15389,0
            5.74487,43.15389,0
            5.74487,43.1539,0
            5.74489,43.1539,0
            5.7449,43.15391,0
            5.74491,43.15391,0
            5.74492,43.15392,0
            5.74493,43.15392,0
            5.74493,43.15393,0
            5.74494,43.15393,0
            5.74498,43.15397,0
            5.74505,43.15399,0
            5.7451,43.15401,0
            5.74522,43.15401,0
            5.74534,43.15396,0
            5.74546,43.15389,0
            5.74556,43.15382,0
            5.74557,43.15382,0
            5.74601,43.15352,0
            5.74618,43.15342,0
            5.74633,43.15336,0
            5.74641,43.15334,0
            5.74668,43.15332,0
            5.74707,43.15325,0
            5.7472,43.1532,0
            5.74733,43.15313,0
            5.7475,43.15297,0
            5.74757,43.15285,0
            5.74769,43.15255,0
            5.74772,43.15249,0
            5.74781,43.15236,0
            5.74788,43.15229,0
            5.74801,43.15219,0
            5.74846,43.15188,0
            5.74911,43.1514,0
            5.74923,43.1513,0
            5.74928,43.15127,0
            5.74947,43.15111,0
            5.74962,43.15095,0
            5.74994,43.15047,0
            5.75008,43.15019,0
            5.75011,43.15014,0
            5.75014,43.14991,0
            5.75015,43.14987,0
            5.7502,43.14973,0
            5.75022,43.1497,0
            5.75023,43.14966,0
            5.75021,43.14955,0
            5.75019,43.14953,0
            5.75018,43.14951,0
            5.75017,43.1495,0
            5.75017,43.14948,0
            5.75016,43.14946,0
            5.75016,43.14942,0
            5.75017,43.1494,0
            5.75017,43.14938,0
            5.75014,43.14931,0
            5.75014,43.14929,0
            5.75012,43.14926,0
            5.7501,43.14921,0
            5.7501,43.1492,0
            5.75009,43.14915,0
            5.7499,43.14889,0
            5.74979,43.14878,0
            5.74959,43.14861,0
            5.74929,43.14832,0
            5.74918,43.14817,0
            5.7491,43.14802,0
            5.74902,43.14789,0
            5.74897,43.14776,0
            5.74874,43.14684,0
            5.74867,43.14676,0
            5.74867,43.14668,0
            5.74866,43.14662,0
            5.74853,43.14632,0
            5.74842,43.14616,0
            5.74832,43.14599,0
            5.74831,43.14593,0
            5.74811,43.14568,0
            5.74791,43.14535,0
            5.74771,43.14465,0
            5.74759,43.14417,0
            5.74756,43.14413,0
            5.74752,43.14393,0
            5.74752,43.14378,0
            5.74753,43.14369,0
            5.74769,43.14283,0
            5.74768,43.14282,0
            5.74767,43.14282,0
            5.74766,43.14281,0
            5.74765,43.14281,0
            5.74765,43.1428,0
            5.74764,43.1428,0
            5.74764,43.14279,0
            5.74763,43.14279,0
            5.74763,43.14277,0
            5.74762,43.14277,0
            5.74762,43.1427,0
            5.74763,43.1427,0
            5.74763,43.14269,0
            5.74764,43.14268,0
            5.74765,43.14268,0
            5.74765,43.14267,0
            5.74766,43.14266,0
            5.74767,43.14266,0
            5.74767,43.14265,0
            5.74769,43.14265,0
            5.7477,43.14264,0
            5.74773,43.14264,0
            5.74774,43.14263,0
            5.74776,43.14263,0
            5.7478,43.14254,0
            5.74782,43.14252,0
            5.74783,43.14249,0
            5.74784,43.14249,0
            5.74786,43.14242,0
            5.74792,43.14208,0
            5.74798,43.14183,0
            5.74802,43.14174,0
            5.74805,43.14165,0
            5.74815,43.14144,0
            5.7482,43.14128,0
            5.74819,43.14116,0
            5.74829,43.14108,0
            5.74838,43.14103,0
            5.74872,43.14091,0
            5.74962,43.14079,0
            5.7521,43.14033,0
            5.7523,43.14026,0
            5.75223,43.14002,0
            5.75219,43.13996,0
            5.75208,43.1397,0
            5.75127,43.13986,0
            5.75093,43.13995,0
            5.75066,43.14,0
            5.74998,43.14016,0
            5.74995,43.14019,0
            5.74993,43.14023,0
            5.74993,43.14024,0
            5.74994,43.14025,0
            5.74994,43.14027,0
            5.74996,43.14028,0
            5.74997,43.14029,0
            5.75005,43.14029,0
            5.75009,43.14028,0
            5.75005,43.14029,0
            5.74997,43.14029,0
            5.74996,43.14028,0
            5.74994,43.14027,0
            5.74994,43.14025,0
            5.74993,43.14024,0
            5.74993,43.14023,0
            5.74995,43.14019,0
            5.74998,43.14016,0
            5.75066,43.14,0
            5.75093,43.13995,0
            5.75127,43.13986,0
            5.75208,43.1397,0
            5.75206,43.13962,0
            5.75204,43.13945,0
            5.75201,43.13936,0
            5.75196,43.13931,0
            5.75192,43.13929,0
            5.75191,43.13928,0
            5.75188,43.13926,0
            5.75178,43.13924,0
            5.75169,43.13924,0
            5.75161,43.13926,0
            5.75156,43.13925,0
            5.75121,43.1393,0
            5.75117,43.1393,0
            5.75112,43.13931,0
            5.75097,43.13931,0
            5.75085,43.13928,0
            5.75083,43.13928,0
            5.75082,43.13927,0
            5.75071,43.13921,0
            5.7506,43.13913,0
            5.75058,43.13911,0
            5.75053,43.13909,0
            5.7505,43.13909,0
            5.75049,43.13908,0
            5.75047,43.13908,0
            5.75047,43.13907,0
            5.75046,43.13907,0
            5.75046,43.13906,0
            5.75045,43.13906,0
            5.75045,43.13905,0
            5.75044,43.13905,0
            5.75044,43.13901,0
            5.75045,43.13901,0
            5.75045,43.139,0
            5.75046,43.139,0
            5.75046,43.13899,0
            5.75047,43.13899,0
            5.75047,43.13898,0
            5.7505,43.13898,0
            5.7505,43.13897,0
            5.75052,43.13897,0
            5.75057,43.13892,0
            5.75063,43.13888,0
            5.75067,43.13884,0
            5.75097,43.13867,0
            5.751,43.13864,0
            5.75114,43.13854,0
            5.75121,43.13852,0
            5.75132,43.1384,0
            5.75133,43.13838,0
            5.7515,43.13818,0
            5.75166,43.13801,0
            5.75202,43.13771,0
            5.75224,43.13742,0
            5.75226,43.13738,0
            5.75229,43.1373,0
            5.75232,43.13715,0
            5.75234,43.13709,0
            5.75235,43.13702,0
            5.75236,43.13698,0
            5.75238,43.13694,0
            5.75241,43.1369,0
            5.75245,43.13686,0
            5.75272,43.13664,0
            5.75288,43.13655,0
            5.75292,43.13654,0
            5.75296,43.13651,0
            5.75305,43.13647,0
            5.75313,43.13642,0
            5.75321,43.13634,0
            5.75323,43.1363,0
            5.75326,43.13626,0
            5.7533,43.13618,0
            5.75332,43.13615,0
            5.75335,43.13608,0
            5.75389,43.13556,0
            5.75394,43.13553,0
            5.75402,43.13546,0
            5.75402,43.13541,0
            5.75404,43.13538,0
            5.75407,43.13536,0
            5.7541,43.13535,0
            5.75418,43.13535,0
            5.75424,43.13537,0
            5.75426,43.13538,0
            5.7543,43.13539,0
            5.75437,43.13543,0
            5.7544,43.13546,0
            5.75444,43.13548,0
            5.75445,43.1355,0
            5.75455,43.13552,0
            5.75486,43.13562,0
            5.7549,43.13564,0
            5.75491,43.13564,0
            5.75492,43.13565,0
            5.75503,43.13568,0
            5.75505,43.13569,0
            5.75507,43.13569,0
            5.7554,43.13582,0
            5.75621,43.13606,0
            5.75706,43.13627,0
            5.75925,43.13673,0
            5.75949,43.1368,0
            5.7601,43.13701,0
            5.7601,43.137,0
            5.76011,43.137,0
            5.76011,43.13699,0
            5.76012,43.13699,0
            5.76012,43.13698,0
            5.76013,43.13698,0
            5.76014,43.13697,0
            5.76016,43.13697,0
            5.76017,43.13696,0
            5.76025,43.13696,0
            5.76026,43.13697,0
            5.76028,43.13697,0
            5.76029,43.13698,0
            5.7603,43.13698,0
            5.7603,43.13699,0
            5.76031,43.13699,0
            5.76031,43.137,0
            5.76032,43.137,0
            5.76032,43.13701,0
            5.76033,43.13701,0
            5.76033,43.13702,0
            5.76034,43.13703,0
            5.76034,43.13708,0
            5.76033,43.13708,0
            5.76033,43.13709,0
            5.76035,43.13713,0
            5.76041,43.13718,0
            5.76043,43.13721,0
            5.76045,43.13722,0
            5.76059,43.13733,0
            5.76084,43.13749,0
            5.7611,43.13769,0
            5.76111,43.13769,0
            5.76122,43.13777,0
            5.76137,43.13784,0
            5.7614,43.13787,0
            5.76145,43.13789,0
            5.76163,43.13794,0
            5.76192,43.138,0
            5.76207,43.13802,0
            5.76209,43.13803,0
            5.76214,43.13803,0
            5.76371,43.13827,0
            5.76413,43.13837,0
            5.76446,43.13847,0
            5.76477,43.13855,0
            5.76506,43.13865,0
            5.76528,43.13874,0
            5.76543,43.13879,0
            5.76585,43.139,0
            5.76588,43.13901,0
            5.76607,43.1391,0
            5.76655,43.1393,0
            5.76669,43.13935,0
            5.76681,43.13937,0
            5.76689,43.13939,0
            5.767,43.1394,0
            5.76847,43.13941,0
            5.76872,43.13939,0
            5.76965,43.13939,0
            5.77008,43.13929,0
            5.77014,43.13926,0
            5.77021,43.13928,0
            5.77025,43.13928,0
            5.7703,43.13929,0
            5.77034,43.13933,0
            5.77038,43.13939,0
            5.77042,43.13957,0
            5.77046,43.13965,0
            5.77051,43.13972,0
            5.77052,43.13972,0
            5.77057,43.13977,0
            5.77063,43.13981,0
            5.7707,43.13984,0
            5.77105,43.14002,0
            5.77108,43.14003,0
            5.7711,43.14005,0
            5.77114,43.14008,0
            5.77137,43.1402,0
            5.77147,43.1403,0
            5.77148,43.14032,0
            5.7715,43.14034,0
            5.77152,43.14038,0
            5.77157,43.14053,0
            5.77159,43.14061,0
            5.77159,43.14068,0
            5.77158,43.14072,0
            5.77158,43.14076,0
            5.77155,43.14086,0
            5.77152,43.14092,0
            5.7715,43.14094,0
            5.77149,43.14097,0
            5.7713,43.14116,0
            5.77113,43.14126,0
            5.77091,43.14136,0
            5.76996,43.14174,0
            5.76886,43.14214,0
            5.76878,43.14219,0
            5.7688,43.14221,0
            5.76884,43.1423,0
            5.76884,43.14232,0
            5.76883,43.14235,0
            5.76883,43.14239,0
            5.76882,43.1424,0
            5.76882,43.14241,0
            5.76881,43.14242,0
            5.76881,43.14243,0
            5.76878,43.14246,0
            5.76868,43.14262,0
            5.76863,43.14275,0
            5.76863,43.14277,0
            5.76862,43.1428,0
            5.7686,43.14292,0
            5.76858,43.14322,0
            5.76859,43.14332,0
            5.76859,43.14347,0
            5.7686,43.14356,0
            5.76868,43.1439,0
            5.76872,43.14402,0
            5.76872,43.14403,0
            5.76878,43.14419,0
            5.76882,43.14436,0
            5.76882,43.14437,0
            5.76884,43.14444,0
            5.76886,43.14459,0
            5.76885,43.14469,0
            5.76882,43.14481,0
            5.7688,43.14485,0
            5.76876,43.14489,0
            5.76881,43.14496,0
            5.7689,43.14517,0
            5.76893,43.14531,0
            5.769,43.14546,0
            5.769,43.14547,0
            5.76911,43.14567,0
            5.76922,43.14579,0
            5.76934,43.14589,0
            5.7694,43.14593,0
            5.76954,43.146,0
            5.76969,43.14605,0
            5.76975,43.14606,0
            5.76978,43.14606,0
            5.76984,43.14607,0
            5.77003,43.14607,0
            5.77018,43.14605,0
            5.77024,43.14605,0
            5.77027,43.14604,0
            5.77038,43.14602,0
            5.77049,43.14601,0
            5.77069,43.14596,0
            5.77071,43.14595,0
            5.77095,43.1459,0
            5.77102,43.14588,0
            5.77105,43.14588,0
            5.77158,43.14576,0
            5.77183,43.14573,0
            5.77225,43.1457,0
            5.77245,43.1457,0
            5.77278,43.14572,0
            5.77282,43.14573,0
            5.77291,43.14574,0
            5.77298,43.14576,0
            5.773,43.14576,0
            5.77305,43.14578,0
            5.77323,43.14582,0
            5.77324,43.14583,0
            5.77333,43.14585,0
            5.77342,43.14588,0
            5.77344,43.14589,0
            5.77347,43.14589,0
            5.77351,43.14591,0
            5.77367,43.14596,0
            5.77368,43.14597,0
            5.77374,43.14598,0
            5.77389,43.14604,0
            5.7739,43.14604,0
            5.77396,43.14606,0
            5.77436,43.14615,0
            5.77508,43.14627,0
            5.77534,43.14629,0
            5.77559,43.14629,0
            5.77563,43.1463,0
            5.77573,43.14636,0
            5.77879,43.14628,0
            5.77983,43.14621,0
            5.78101,43.14607,0
            5.78216,43.14585,0
            5.78222,43.14583,0
            5.78292,43.14566,0
            5.78312,43.14559,0
            5.78334,43.14553,0
            5.78348,43.14548,0
            5.78363,43.14544,0
            5.78423,43.14522,0
            5.78465,43.14505,0
            5.7853,43.14476,0
            5.78576,43.14453,0
            5.78755,43.14355,0
            5.78756,43.14354,0
            5.78856,43.14298,0
            5.78978,43.14238,0
            5.7904,43.14212,0
            5.79048,43.14208,0
            5.79064,43.14203,0
            5.79115,43.14184,0
            5.7922,43.14151,0
            5.79515,43.14067,0
            5.79516,43.14066,0
            5.79521,43.14065,0
            5.79585,43.14046,0
            5.7959,43.14045,0
            5.79718,43.14007,0
            5.7972,43.14006,0
            5.79945,43.13933,0
            5.79977,43.13921,0
            5.79978,43.13921,0
            5.8018,43.13845,0
            5.8028,43.13804,0
            5.80313,43.13789,0
            5.80319,43.13787,0
            5.80323,43.13785,0
            5.80324,43.13785,0
            5.80343,43.13776,0
            5.80366,43.13767,0
            5.80367,43.13766,0
            5.80549,43.13682,0
            5.80628,43.13642,0
            5.80633,43.1364,0
            5.80693,43.13609,0
            5.80696,43.13608,0
            5.8072,43.13594,0
            5.80748,43.1358,0
            5.80834,43.13532,0
            5.8096,43.13458,0
            5.81049,43.134,0
            5.81115,43.13354,0
            5.81126,43.13345,0
            5.81138,43.13337,0
            5.81247,43.13253,0
            5.81411,43.13117,0
            5.8151,43.13041,0
            5.81558,43.13007,0
            5.81583,43.12992,0
            5.81607,43.12976,0
            5.81658,43.12946,0
            5.81723,43.12912,0
            5.81803,43.12875,0
            5.81861,43.12851,0
            5.82018,43.12791,0
            5.82046,43.12782,0
            5.82048,43.12781,0
            5.82148,43.12745,0
            5.82268,43.12698,0
            5.82335,43.12668,0
            5.82381,43.12645,0
            5.82386,43.12643,0
            5.8247,43.12597,0
            5.82481,43.1259,0
            5.82494,43.12583,0
            5.82556,43.12542,0
            5.82557,43.12541,0
            5.82565,43.12536,0
            5.8261,43.12502,0
            5.82622,43.12494,0
            5.82696,43.12434,0
            5.82701,43.12429,0
            5.82731,43.12404,0
            5.82735,43.124,0
            5.82762,43.12378,0
            5.82792,43.12351,0
            5.82795,43.1235,0
            5.82812,43.12335,0
            5.82855,43.12302,0
            5.82888,43.1228,0
            5.82928,43.12257,0
            5.82995,43.12224,0
            5.83054,43.12201,0
            5.83098,43.12187,0
            5.83196,43.12162,0
            5.83254,43.1215,0
            5.83378,43.1213,0
            5.83563,43.12106,0
            5.83751,43.12088,0
            5.84019,43.12068,0
            5.84131,43.12062,0
            5.84164,43.12059,0
            5.8417,43.12059,0
            5.84176,43.12058,0
            5.84512,43.12037,0
            5.8452,43.12036,0
            5.84792,43.1202,0
            5.84801,43.12014,0
            5.84976,43.11999,0
            5.85014,43.11994,0
            5.85026,43.11991,0
            5.85048,43.11987,0
            5.85059,43.11984,0
            5.85061,43.11984,0
            5.85164,43.11956,0
            5.85165,43.11956,0
            5.85188,43.1195,0
            5.85212,43.11945,0
            5.85231,43.11931,0
            5.85234,43.11922,0
            5.85237,43.119,0
            5.8524,43.11892,0
            5.85243,43.11886,0
            5.85247,43.11881,0
            5.85251,43.11878,0
            5.85269,43.1187,0
            5.85271,43.1187,0
            5.8528,43.11867,0
            5.85316,43.11863,0
            5.85317,43.11862,0
            5.85329,43.1186,0
            5.85341,43.11857,0
            5.85354,43.1185,0
            5.85358,43.11845,0
            5.85361,43.11842,0
            5.85371,43.11829,0
            5.85391,43.11809,0
            5.85398,43.11803,0
            5.85409,43.11795,0
            5.85416,43.11792,0
            5.85434,43.11791,0
            5.85452,43.11787,0
            5.85456,43.11787,0
            5.86241,43.11663,0
            5.86249,43.11661,0
            5.86269,43.1166,0
            5.86273,43.11661,0
            5.86279,43.11661,0
            5.86285,43.11662,0
            5.86298,43.1166,0
            5.863,43.11658,0
            5.86305,43.11656,0
            5.86307,43.11656,0
            5.8631,43.11655,0
            5.86313,43.11655,0
            5.86319,43.11657,0
            5.86329,43.11652,0
            5.86353,43.11647,0
            5.86371,43.11642,0
            5.86414,43.11634,0
            5.86594,43.11607,0
            5.86791,43.11586,0
            5.86813,43.11585,0
            5.86824,43.11586,0
            5.86855,43.11593,0
            5.86911,43.11608,0
            5.8693,43.1161,0
            5.8707,43.11608,0
            5.87135,43.1161,0
            5.87173,43.11613,0
            5.87291,43.11633,0
            5.87334,43.11643,0
            5.87379,43.11656,0
            5.87711,43.11773,0
            5.87755,43.11791,0
            5.87774,43.11754,0
            5.87777,43.11747,0
            5.87787,43.1173,0
            5.8779,43.11723,0
            5.87791,43.11722,0
            5.87795,43.11716,0
            5.87778,43.11714,0
            5.87764,43.11714,0
            5.87754,43.11712,0
            5.87748,43.11708,0
            5.8771,43.11689,0
            5.87702,43.11684,0
            5.87665,43.11665,0
            5.87674,43.11655,0
            5.87716,43.11673,0
            5.87782,43.11706,0
            5.87795,43.11716,0
            5.87807,43.11706,0
            5.87807,43.11705,0
            5.87815,43.11694,0
            5.87901,43.11755,0
            5.87915,43.11766,0
            5.87924,43.11772,0
            5.87933,43.11777,0
            5.87941,43.11783,0
            5.87958,43.11792,0
            5.87966,43.11795,0
            5.87972,43.11798,0
            5.87977,43.11799,0
            5.87987,43.11802,0
            5.88007,43.11806,0
            5.88176,43.1183,0
            5.88226,43.11833,0
            5.88248,43.11833,0
            5.88256,43.1183,0
            5.88262,43.11829,0
            5.88267,43.11829,0
            5.88275,43.11827,0
            5.88282,43.11826,0
            5.88291,43.11823,0
            5.88297,43.1182,0
            5.88312,43.11809,0
            5.88311,43.11806,0
            5.88311,43.11804,0
            5.88312,43.11801,0
            5.88312,43.11798,0
            5.88314,43.11796,0
            5.88315,43.11793,0
            5.88317,43.1179,0
            5.88322,43.11785,0
            5.88327,43.11782,0
            5.88328,43.11781,0
            5.88332,43.11779,0
            5.88336,43.11778,0
            5.88341,43.11776,0
            5.88345,43.11776,0
            5.8835,43.11775,0
            5.88357,43.11775,0
            5.88361,43.11776,0
            5.88365,43.11776,0
            5.88372,43.11778,0
            5.88376,43.1178,0
            5.88379,43.11781,0
            5.88381,43.11783,0
            5.88383,43.11784,0
            5.88392,43.11793,0
            5.88395,43.118,0
            5.88395,43.1181,0
            5.88393,43.11816,0
            5.88395,43.11825,0
            5.88395,43.11826,0
            5.88397,43.11833,0
            5.88398,43.11835,0
            5.884,43.11837,0
            5.88402,43.1184,0
            5.88404,43.11844,0
            5.88409,43.11847,0
            5.88414,43.11851,0
            5.88417,43.11852,0
            5.88422,43.11855,0
            5.8843,43.11857,0
            5.88434,43.11859,0
            5.88461,43.11864,0
            5.88479,43.11866,0
            5.88489,43.11866,0
            5.88538,43.1187,0
            5.88564,43.11875,0
            5.88584,43.11881,0
            5.88603,43.11891,0
            5.88617,43.11902,0
            5.88668,43.11947,0
            5.88676,43.11955,0
            5.88681,43.11959,0
            5.88684,43.11962,0
            5.88701,43.11973,0
            5.88734,43.11987,0
            5.88735,43.11987,0
            5.88736,43.11988,0
            5.8874,43.11989,0
            5.8878,43.12004,0
            5.88796,43.12011,0
            5.88797,43.12011,0
            5.8889,43.12046,0
            5.88982,43.12084,0
            5.8899,43.1208,0
            5.88996,43.12078,0
            5.89013,43.12076,0
            5.89021,43.12078,0
            5.89086,43.12077,0
            5.89102,43.12078,0
            5.89197,43.12077,0
            5.89237,43.1208,0
            5.89264,43.12087,0
            5.89277,43.12087,0
            5.89288,43.1209,0
            5.8932,43.12101,0
            5.89349,43.12114,0
            5.8935,43.12114,0
            5.89367,43.12126,0
            5.8937,43.12129,0
            5.8938,43.12137,0
            5.89384,43.12142,0
            5.89394,43.12151,0
            5.89421,43.12182,0
            5.89434,43.12195,0
            5.89437,43.12202,0
            5.8945,43.12212,0
            5.89454,43.12216,0
            5.89489,43.12243,0
            5.89491,43.12245,0
            5.89495,43.12248,0
            5.8951,43.12264,0
            5.89511,43.12267,0
            5.89513,43.12269,0
            5.89527,43.1229,0
            5.89528,43.12293,0
            5.8953,43.12295,0
            5.89533,43.12301,0
            5.8955,43.12328,0
            5.89552,43.12332,0
            5.8956,43.12344,0
            5.89566,43.12355,0
            5.8957,43.1236,0
            5.8961,43.12422,0
            5.89644,43.1248,0
            5.89657,43.12498,0
            5.89694,43.12517,0
            5.89721,43.12528,0
            5.89738,43.12533,0
            5.89753,43.12536,0
            5.89793,43.12537,0
            5.89835,43.12532,0
            5.89864,43.12524,0
            5.89865,43.12524,0
            5.89911,43.12512,0
            5.89957,43.12498,0
            5.89967,43.12497,0
            5.90018,43.12482,0
            5.90095,43.12463,0
            5.9011,43.12461,0
            5.90112,43.1246,0
            5.90149,43.12456,0
            5.9016,43.12459,0
            5.90174,43.12458,0
            5.9018,43.12457,0
            5.90197,43.12457,0
            5.90205,43.12456,0
            5.90263,43.12456,0
            5.90327,43.1246,0
            5.90343,43.12462,0
            5.90409,43.12466,0
            5.90435,43.12469,0
            5.90441,43.12469,0
            5.90481,43.12474,0
            5.9049,43.12474,0
            5.90633,43.12488,0
            5.90661,43.12493,0
            5.90662,43.12493,0
            5.90677,43.12496,0
            5.90712,43.12505,0
            5.90729,43.12511,0
            5.90732,43.12511,0
            5.90754,43.12519,0
            5.9076,43.12522,0
            5.90762,43.12522,0
            5.90804,43.1254,0
            5.90805,43.1254,0
            5.90849,43.12562,0
            5.90936,43.12611,0
            5.9096,43.1262,0
            5.90971,43.12625,0
            5.91002,43.12635,0
            5.91003,43.12635,0
            5.91013,43.12638,0
            5.91015,43.12638,0
            5.91062,43.1265,0
            5.91162,43.12668,0
            5.91182,43.1267,0
            5.91211,43.1267,0
            5.91327,43.12676,0
            5.91335,43.12677,0
            5.91387,43.1268,0
            5.91429,43.1268,0
            5.91497,43.12687,0
            5.91596,43.12692,0
            5.91648,43.12699,0
            5.91668,43.12703,0
            5.91684,43.12705,0
            5.91706,43.12709,0
            5.91724,43.1271,0
            5.91825,43.12723,0
            5.91903,43.12721,0
            5.91945,43.12717,0
            5.91971,43.12713,0
            5.91985,43.1271,0
            5.92021,43.12697,0
            5.9204,43.12695,0
            5.92045,43.12694,0
            5.9206,43.12694,0
            5.92075,43.12697,0
            5.92083,43.127,0
            5.92089,43.12704,0
            5.92097,43.12708,0
            5.92112,43.12718,0
            5.92116,43.1272,0
            5.92178,43.1276,0
            5.92225,43.12787,0
            5.92449,43.12847,0
            5.92471,43.12854,0
            5.92542,43.12883,0
            5.92554,43.1288,0
            5.92581,43.12875,0
            5.92584,43.12875,0
            5.9261,43.12871,0
            5.92615,43.12871,0
            5.92622,43.1287,0
            5.9263,43.1287,0
            5.92637,43.12871,0
            5.92745,43.12874,0
            5.92753,43.12875,0
            5.92877,43.12827,0
            5.92917,43.12813,0
            5.92912,43.12801,0
            5.92908,43.12787,0
            5.92907,43.12781,0
            5.92904,43.12771,0
            5.92904,43.12769,0
            5.92905,43.12765,0
            5.92922,43.12759,0
            5.92917,43.12747,0
            5.92906,43.12714,0
            5.92889,43.1267,0
            5.92887,43.12667,0
            5.92852,43.1257,0
            5.92969,43.12544,0
            5.9324,43.1249,0
            5.93465,43.1245,0
            5.93573,43.12425,0
            5.93609,43.12418,0
            5.93627,43.12413,0
            5.93646,43.12405,0
            5.93741,43.12353,0
            5.93753,43.12348,0
            5.93844,43.12304,0
            5.93902,43.12273,0
            5.93913,43.12245,0
            5.93915,43.12234,0
            5.93917,43.12167,0
            5.93919,43.1216,0
            5.93919,43.12158,0
            5.93925,43.12149,0
            5.93929,43.12145,0
            5.93934,43.12142,0
            5.93943,43.12139,0
            5.93965,43.12136,0
            5.94104,43.12126,0
            5.94121,43.12126,0
            5.94149,43.12128,0
            5.94165,43.12128,0
            5.94177,43.12125,0
            5.94205,43.12116,0
            5.94228,43.12113,0
            5.94366,43.12085,0
            5.94385,43.12082,0
            5.94492,43.12059,0
            5.94566,43.12046,0
            5.94568,43.12046,0
            5.94587,43.12042,0
            5.94592,43.12042,0
            5.94614,43.12037,0
            5.94632,43.12034,0
            5.94666,43.12026,0
            5.94707,43.1202,0
            5.94715,43.12018,0
            5.9474,43.12015,0
            5.9475,43.12013,0
            5.94764,43.12013,0
            5.94765,43.12012,0
            5.94902,43.12009,0
            5.9491,43.12008,0
            5.94953,43.12012,0
            5.94961,43.12012,0
            5.94986,43.12016,0
            5.9499,43.12016,0
            5.95003,43.12018,0
            5.95011,43.1202,0
            5.95016,43.1202,0
            5.95091,43.12039,0
            5.95347,43.12126,0
            5.95348,43.12127,0
            5.95349,43.12127,0
            5.95356,43.12136,0
            5.95388,43.12147,0
            5.95486,43.12177,0
            5.95504,43.12184,0
            5.95506,43.12184,0
            5.95507,43.12185,0
            5.95509,43.12185,0
            5.95541,43.12196,0
            5.95552,43.12199,0
            5.95575,43.12207,0
            5.95579,43.12208,0
            5.9558,43.12209,0
            5.95678,43.12242,0
            5.95692,43.12246,0
            5.95694,43.12247,0
            5.95787,43.12278,0
            5.95789,43.12279,0
            5.95989,43.12346,0
            5.95993,43.12348,0
            5.96051,43.12367,0
            5.96064,43.1237,0
            5.96065,43.12371,0
            5.96154,43.12393,0
            5.96213,43.12404,0
            5.96226,43.12405,0
            5.96236,43.12407,0
            5.96249,43.12408,0
            5.96263,43.1241,0
            5.9645,43.12423,0
            5.96456,43.12423,0
            5.9662,43.12446,0
            5.96624,43.12447,0
            5.96718,43.12461,0
            5.9672,43.12461,0
            5.96842,43.12481,0
            5.97067,43.12511,0
            5.97107,43.12519,0
            5.97134,43.12526,0
            5.97172,43.12538,0
            5.97173,43.12538,0
            5.97195,43.12545,0
            5.97224,43.12557,0
            5.97278,43.12582,0
            5.97314,43.12603,0
            5.97429,43.12684,0
            5.97463,43.12711,0
            5.97504,43.12746,0
            5.97777,43.12948,0
            5.97807,43.12968,0
            5.97929,43.13055,0
            5.97951,43.13074,0
            5.98004,43.13115,0
            5.98087,43.13172,0
            5.98135,43.132,0
            5.9819,43.13229,0
            5.98228,43.13247,0
            5.98327,43.13286,0
            5.98392,43.13308,0
            5.9875,43.13418,0
            5.99255,43.13581,0
            5.99308,43.13601,0
            5.99344,43.13617,0
            5.99377,43.13634,0
            5.99454,43.13679,0
            5.99497,43.13708,0
            5.99514,43.13723,0
            5.99523,43.1373,0
            5.99688,43.13885,0
            5.9975,43.13935,0
            5.99764,43.13945,0
            5.99796,43.13965,0
            5.99853,43.13993,0
            5.99894,43.14009,0
            5.99973,43.14035,0
            6.00118,43.14072,0
            6.00196,43.14089,0
            6.00197,43.1409,0
            6.00208,43.14092,0
            6.00627,43.14196,0
            6.00628,43.14197,0
            6.0069,43.14213,0
            6.00701,43.14215,0
            6.00832,43.14248,0
            6.00838,43.1425,0
            6.00978,43.14284,0
            6.01069,43.14301,0
            6.01192,43.14318,0
            6.01276,43.14327,0
            6.01303,43.14328,0
            6.01307,43.14329,0
            6.0207,43.14363,0
            6.02085,43.14363,0
            6.02425,43.14379,0
            6.02558,43.14391,0
            6.02607,43.14397,0
            6.0261,43.14397,0
            6.02678,43.14408,0
            6.02734,43.1442,0
            6.02756,43.14426,0
            6.02766,43.14428,0
            6.02776,43.14431,0
            6.02778,43.14432,0
            6.02819,43.14443,0
            6.02829,43.14447,0
            6.02883,43.14465,0
            6.02887,43.14467,0
            6.02902,43.14472,0
            6.02949,43.14492,0
            6.02983,43.14508,0
            6.03037,43.14536,0
            6.03039,43.14538,0
            6.03049,43.14544,0
            6.03059,43.14549,0
            6.03066,43.14554,0
            6.03073,43.14558,0
            6.03074,43.14559,0
            6.03117,43.14587,0
            6.03119,43.14588,0
            6.03139,43.14602,0
            6.03141,43.14603,0
            6.03148,43.14609,0
            6.0316,43.14617,0
            6.03183,43.14636,0
            6.03184,43.14636,0
            6.03215,43.14661,0
            6.03227,43.14672,0
            6.03269,43.14706,0
            6.03289,43.14724,0
            6.03295,43.14728,0
            6.03325,43.14754,0
            6.0333,43.14759,0
            6.03351,43.14776,0
            6.03356,43.14781,0
            6.0341,43.14827,0
            6.03413,43.14829,0
            6.03455,43.14864,0
            6.03484,43.1489,0
            6.03498,43.14901,0
            6.03721,43.15092,0
            6.03751,43.15116,0
            6.03771,43.15134,0
            6.03774,43.15136,0
            6.04279,43.15566,0
            6.04279,43.15567,0
            6.04286,43.15573,0
            6.04297,43.15581,0
            6.04302,43.15586,0
            6.04432,43.15697,0
            6.04444,43.15706,0
            6.04494,43.15749,0
            6.04497,43.15751,0
            6.04506,43.1576,0
            6.04625,43.1586,0
            6.04629,43.15864,0
            6.04663,43.15893,0
            6.04671,43.15899,0
            6.0476,43.15976,0
            6.04789,43.15999,0
            6.04796,43.16006,0
            6.04895,43.1609,0
            6.04946,43.16137,0
            6.04957,43.16146,0
            6.04974,43.16163,0
            6.04975,43.16165,0
            6.04982,43.16171,0
            6.05009,43.162,0
            6.05026,43.1622,0
            6.0503,43.16226,0
            6.05038,43.16235,0
            6.05039,43.16237,0
            6.05065,43.16271,0
            6.0508,43.16293,0
            6.0508,43.16294,0
            6.05088,43.16306,0
            6.05097,43.16323,0
            6.05101,43.16329,0
            6.05103,43.16334,0
            6.05125,43.16378,0
            6.05142,43.16422,0
            6.05143,43.16423,0
            6.05149,43.16445,0
            6.05153,43.16456,0
            6.05156,43.16468,0
            6.05156,43.16469,0
            6.05159,43.1648,0
            6.05161,43.16491,0
            6.05164,43.16502,0
            6.05165,43.16514,0
            6.0517,43.16549,0
            6.05172,43.16577,0
            6.05172,43.16621,0
            6.05168,43.16668,0
            6.05167,43.1667,0
            6.05164,43.16691,0
            6.05157,43.16727,0
            6.05132,43.16813,0
            6.05084,43.16941,0
            6.0508,43.16954,0
            6.05073,43.1697,0
            6.04983,43.17211,0
            6.04979,43.17224,0
            6.04974,43.17235,0
            6.04958,43.1728,0
            6.04953,43.17291,0
            6.04886,43.17472,0
            6.04881,43.17483,0
            6.04878,43.17494,0
            6.04877,43.17495,0
            6.04866,43.17524,0
            6.04865,43.17528,0
            6.04852,43.17561,0
            6.04852,43.17563,0
            6.0484,43.17595,0
            6.04835,43.17606,0
            6.04827,43.17628,0
            6.04826,43.17632,0
            6.0481,43.17673,0
            6.04806,43.17686,0
            6.04778,43.17753,0
            6.04757,43.17796,0
            6.04734,43.17839,0
            6.04727,43.1785,0
            6.04725,43.17854,0
            6.04694,43.17903,0
            6.0468,43.17923,0
            6.04672,43.17936,0
            6.04665,43.17945,0
            6.04604,43.18038,0
            6.04596,43.18048,0
            6.0459,43.18058,0
            6.04578,43.18075,0
            6.04576,43.18079,0
            6.0457,43.18088,0
            6.04569,43.18089,0
            6.04527,43.18151,0
            6.04521,43.18161,0
            6.04499,43.18191,0
            6.04492,43.18202,0
            6.04446,43.18261,0
            6.04437,43.18271,0
            6.0443,43.1828,0
            6.04377,43.18338,0
            6.04305,43.18406,0
            6.04268,43.18438,0
            6.04257,43.18446,0
            6.04247,43.18455,0
            6.04141,43.1854,0
            6.04136,43.18543,0
            6.04125,43.18553,0
            6.04124,43.18553,0
            6.04103,43.18571,0
            6.04092,43.18579,0
            6.04074,43.18594,0
            6.04068,43.18598,0
            6.03878,43.18749,0
            6.03875,43.18752,0
            6.03826,43.18792,0
            6.0378,43.18835,0
            6.03762,43.18855,0
            6.03745,43.18876,0
            6.03738,43.18886,0
            6.0372,43.18919,0
            6.03707,43.18953,0
            6.03702,43.1898,0
            6.03699,43.19013,0
            6.03699,43.19023,0
            6.03701,43.19045,0
            6.03704,43.19063,0
            6.03709,43.19081,0
            6.0371,43.19083,0
            6.03715,43.19099,0
            6.03717,43.19102,0
            6.03728,43.19127,0
            6.0375,43.19165,0
            6.03789,43.19216,0
            6.03795,43.19222,0
            6.03829,43.19265,0
            6.03833,43.19271,0
            6.03918,43.19376,0
            6.03923,43.19381,0
            6.03997,43.19471,0
            6.03997,43.19472,0
            6.04027,43.19508,0
            6.04035,43.19516,0
            6.04035,43.19517,0
            6.04064,43.19549,0
            6.04127,43.19611,0
            6.04211,43.19683,0
            6.04215,43.19687,0
            6.04518,43.19938,0
            6.04519,43.1994,0
            6.04581,43.19991,0
            6.04628,43.20034,0
            6.04676,43.20083,0
            6.04709,43.20122,0
            6.04752,43.20184,0
            6.04771,43.20217,0
            6.04801,43.20283,0
            6.04805,43.2029,0
            6.0484,43.20373,0
            6.04877,43.20471,0
            6.04911,43.20549,0
            6.04924,43.20574,0
            6.04939,43.206,0
            6.04972,43.20648,0
            6.04981,43.20659,0
            6.04981,43.2066,0
            6.04991,43.20671,0
            6.05002,43.20685,0
            6.05017,43.20702,0
            6.05043,43.20728,0
            6.05047,43.20731,0
            6.05054,43.20738,0
            6.05088,43.20766,0
            6.05123,43.20791,0
            6.05124,43.20791,0
            6.05129,43.20794,0
            6.05138,43.20801,0
            6.05142,43.20803,0
            6.05143,43.20803,0
            6.0518,43.20824,0
            6.05182,43.20824,0
            6.05201,43.20834,0
            6.05207,43.20836,0
            6.05218,43.20842,0
            6.05271,43.20862,0
            6.05362,43.20889,0
            6.05376,43.20892,0
            6.05389,43.20896,0
            6.05556,43.20933,0
            6.05558,43.20934,0
            6.05627,43.20951,0
            6.05629,43.20952,0
            6.0568,43.20967,0
            6.05696,43.20973,0
            6.05704,43.20975,0
            6.0571,43.20978,0
            6.05773,43.21004,0
            6.05816,43.21027,0
            6.05819,43.21028,0
            6.05836,43.21037,0
            6.05907,43.21082,0
            6.05966,43.21124,0
            6.05968,43.21126,0
            6.05979,43.21133,0
            6.06024,43.21168,0
            6.06034,43.21177,0
            6.06047,43.21186,0
            6.06061,43.21198,0
            6.06072,43.21209,0
            6.06099,43.21232,0
            6.06119,43.21251,0
            6.06121,43.21252,0
            6.06138,43.21268,0
            6.06174,43.21305,0
            6.06248,43.21387,0
            6.063,43.21454,0
            6.06307,43.21465,0
            6.06314,43.21473,0
            6.06435,43.21639,0
            6.06444,43.2165,0
            6.06463,43.21677,0
            6.06517,43.21744,0
            6.06608,43.2185,0
            6.06902,43.22156,0
            6.0701,43.2226,0
            6.07237,43.22468,0
            6.07291,43.2251,0
            6.07314,43.22524,0
            6.07316,43.22526,0
            6.07342,43.22541,0
            6.07405,43.22574,0
            6.07524,43.22629,0
            6.07531,43.22633,0
            6.07586,43.22658,0
            6.07594,43.22661,0
            6.07686,43.22706,0
            6.07702,43.22715,0
            6.07714,43.22723,0
            6.0773,43.22731,0
            6.07768,43.22756,0
            6.07806,43.22784,0
            6.07849,43.22822,0
            6.07882,43.22855,0
            6.07899,43.22874,0
            6.07906,43.22883,0
            6.07908,43.22884,0
            6.07909,43.22886,0
            6.07923,43.22902,0
            6.08072,43.23088,0
            6.08083,43.23103,0
            6.08086,43.23105,0
            6.08094,43.23117,0
            6.08101,43.23124,0
            6.08104,43.23129,0
            6.08197,43.23247,0
            6.0825,43.23318,0
            6.08253,43.23321,0
            6.08273,43.23351,0
            6.08317,43.23423,0
            6.08334,43.23456,0
            6.08347,43.23484,0
            6.0835,43.23489,0
            6.08355,43.235,0
            6.08388,43.23584,0
            6.08409,43.23645,0
            6.08418,43.2368,0
            6.08433,43.23757,0
            6.08435,43.23772,0
            6.08439,43.2379,0
            6.08445,43.2383,0
            6.08448,43.23844,0
            6.08449,43.23854,0
            6.08488,43.24087,0
            6.08493,43.2411,0
            6.08493,43.24113,0
            6.08496,43.24122,0
            6.08497,43.24128,0
            6.08499,43.24134,0
            6.085,43.24139,0
            6.0851,43.24169,0
            6.08523,43.24201,0
            6.08546,43.24243,0
            6.08547,43.24244,0
            6.0856,43.24265,0
            6.08594,43.2431,0
            6.08617,43.24336,0
            6.08649,43.24366,0
            6.08694,43.24403,0
            6.08764,43.24448,0
            6.08785,43.24459,0
            6.08788,43.2446,0
            6.08815,43.24475,0
            6.08818,43.24476,0
            6.09096,43.24604,0
            6.09113,43.24611,0
            6.09206,43.24658,0
            6.09207,43.24658,0
            6.09214,43.24663,0
            6.09235,43.24674,0
            6.09247,43.24682,0
            6.09253,43.24685,0
            6.0929,43.24708,0
            6.09298,43.24714,0
            6.09322,43.24729,0
            6.09326,43.24733,0
            6.09336,43.24739,0
            6.09485,43.24844,0
            6.09487,43.24846,0
            6.09497,43.24852,0
            6.09671,43.24976,0
            6.09677,43.24979,0
            6.09683,43.24984,0
            6.0974,43.25024,0
            6.09753,43.25032,0
            6.09776,43.25048,0
            6.09799,43.25062,0
            6.0985,43.2509,0
            6.09883,43.25105,0
            6.09884,43.25106,0
            6.09947,43.25131,0
            6.0999,43.25146,0
            6.10072,43.25168,0
            6.10078,43.25169,0
            6.10087,43.25172,0
            6.10181,43.25191,0
            6.10183,43.25191,0
            6.1025,43.25204,0
            6.10254,43.25204,0
            6.10349,43.25221,0
            6.1035,43.25221,0
            6.1047,43.25243,0
            6.10471,43.25243,0
            6.10845,43.2531,0
            6.10848,43.2531,0
            6.11019,43.25341,0
            6.11021,43.25341,0
            6.11299,43.25392,0
            6.11301,43.25393,0
            6.11348,43.25403,0
            6.11434,43.25424,0
            6.11606,43.25474,0
            6.11663,43.25493,0
            6.11766,43.25531,0
            6.11845,43.25563,0
            6.11905,43.2559,0
            6.11916,43.25594,0
            6.12008,43.25637,0
            6.12251,43.2576,0
            6.12307,43.25786,0
            6.12444,43.25833,0
            6.12508,43.25857,0
            6.12509,43.25857,0
            6.12548,43.25873,0
            6.12616,43.25904,0
            6.12617,43.25904,0
            6.12756,43.25964,0
            6.12757,43.25964,0
            6.12875,43.26012,0
            6.13029,43.26069,0
            6.13158,43.26113,0
            6.13254,43.26143,0
            6.13259,43.26145,0
            6.13871,43.26326,0
            6.13873,43.26327,0
            6.1416,43.26412,0
            6.14162,43.26412,0
            6.14744,43.26584,0
            6.14746,43.26585,0
            6.14844,43.26614,0
            6.14974,43.26649,0
            6.14975,43.26649,0
            6.15006,43.26658,0
            6.15045,43.26667,0
            6.15058,43.26671,0
            6.15164,43.26697,0
            6.16712,43.27042,0
            6.16777,43.27052,0
            6.16806,43.27055,0
            6.16882,43.2706,0
            6.16971,43.2706,0
            6.16972,43.27059,0
            6.16987,43.27059,0
            6.17008,43.27057,0
            6.17019,43.27057,0
            6.17023,43.27056,0
            6.17031,43.27056,0
            6.17048,43.27054,0
            6.17066,43.27053,0
            6.17068,43.27052,0
            6.17073,43.27052,0
            6.17084,43.27051,0
            6.17101,43.27048,0
            6.17119,43.27046,0
            6.17123,43.27045,0
            6.17147,43.27042,0
            6.17236,43.27027,0
            6.17246,43.27026,0
            6.17332,43.27012,0
            6.17391,43.27005,0
            6.17419,43.27003,0
            6.17432,43.27001,0
            6.17439,43.27001,0
            6.17447,43.27,0
            6.17527,43.26997,0
            6.17574,43.26997,0
            6.17655,43.27,0
            6.17719,43.27006,0
            6.17783,43.27014,0
            6.17798,43.27017,0
            6.17845,43.27024,0
            6.17893,43.27034,0
            6.17895,43.27035,0
            6.17898,43.27035,0
            6.17903,43.27036,0
            6.17908,43.27038,0
            6.17916,43.2704,0
            6.17924,43.27041,0
            6.17929,43.27043,0
            6.17934,43.27044,0
            6.17937,43.27045,0
            6.1794,43.27045,0
            6.1795,43.27048,0
            6.17955,43.27049,0
            6.17967,43.27053,0
            6.17973,43.27054,0
            6.17981,43.27057,0
            6.17986,43.27058,0
            6.17992,43.2706,0
            6.17997,43.27061,0
            6.18001,43.27063,0
            6.18007,43.27064,0
            6.18012,43.27066,0
            6.18017,43.27067,0
            6.18043,43.27076,0
            6.18048,43.27077,0
            6.18093,43.27094,0
            6.18097,43.27096,0
            6.18107,43.27099,0
            6.18113,43.27102,0
            6.18123,43.27105,0
            6.1813,43.27108,0
            6.18133,43.2711,0
            6.18137,43.27111,0
            6.18147,43.27115,0
            6.18172,43.27127,0
            6.18175,43.27128,0
            6.18198,43.27139,0
            6.18199,43.27139,0
            6.1821,43.27145,0
            6.18219,43.27149,0
            6.18222,43.27151,0
            6.18231,43.27155,0
            6.18313,43.27201,0
            6.18345,43.27222,0
            6.18402,43.27263,0
            6.18403,43.27263,0
            6.18413,43.27272,0
            6.18447,43.27299,0
            6.18485,43.27333,0
            6.18524,43.27373,0
            6.18559,43.27412,0
            6.18575,43.27433,0
            6.18579,43.27437,0
            6.18609,43.2748,0
            6.18632,43.27517,0
            6.18635,43.27524,0
            6.18647,43.27543,0
            6.18662,43.27574,0
            6.1869,43.27639,0
            6.18704,43.27683,0
            6.18705,43.27689,0
            6.18708,43.27697,0
            6.18737,43.27811,0
            6.18737,43.27812,0
            6.18763,43.27917,0
            6.18763,43.27921,0
            6.18779,43.27986,0
            6.18791,43.28042,0
            6.18796,43.28058,0
            6.188,43.28078,0
            6.18807,43.28104,0
            6.18809,43.28116,0
            6.18825,43.28184,0
            6.18829,43.28195,0
            6.1886,43.28324,0
            6.18863,43.28332,0
            6.18865,43.28342,0
            6.18883,43.28408,0
            6.18906,43.28471,0
            6.18927,43.28518,0
            6.18933,43.28528,0
            6.18935,43.28533,0
            6.18944,43.2855,0
            6.18977,43.28605,0
            6.19007,43.28647,0
            6.19033,43.2868,0
            6.19087,43.28739,0
            6.19138,43.28786,0
            6.19178,43.2882,0
            6.19246,43.2887,0
            6.19304,43.28907,0
            6.19338,43.28926,0
            6.19339,43.28927,0
            6.19367,43.28942,0
            6.19426,43.2897,0
            6.19437,43.28976,0
            6.19502,43.29003,0
            6.19563,43.29025,0
            6.19642,43.29049,0
            6.19734,43.29072,0
            6.19738,43.29072,0
            6.19766,43.29078,0
            6.19854,43.29093,0
            6.19968,43.29104,0
            6.20075,43.29108,0
            6.20134,43.29107,0
            6.20194,43.29104,0
            6.20291,43.29095,0
            6.20659,43.29033,0
            6.20881,43.29003,0
            6.21107,43.28984,0
            6.21329,43.28973,0
            6.21343,43.28973,0
            6.21804,43.28951,0
            6.21819,43.28951,0
            6.21869,43.28948,0
            6.21884,43.28948,0
            6.22059,43.28939,0
            6.22076,43.28939,0
            6.22252,43.2893,0
            6.22269,43.2893,0
            6.22336,43.28926,0
            6.22355,43.28926,0
            6.22657,43.28911,0
            6.22674,43.28911,0
            6.23325,43.2888,0
            6.23348,43.28878,0
            6.23644,43.28865,0
            6.23651,43.28864,0
            6.2375,43.2886,0
            6.23755,43.28859,0
            6.23971,43.2885,0
            6.24018,43.2885,0
            6.24022,43.28849,0
            6.24099,43.28849,0
            6.24115,43.2885,0
            6.24147,43.2885,0
            6.24234,43.28853,0
            6.24243,43.28854,0
            6.24259,43.28854,0
            6.24333,43.28859,0
            6.24341,43.28859,0
            6.24466,43.2887,0
            6.24623,43.2889,0
            6.24767,43.28914,0
            6.24932,43.28949,0
            6.25069,43.28984,0
            6.25084,43.28989,0
            6.25097,43.28992,0
            6.25142,43.29006,0
            6.25172,43.29014,0
            6.25257,43.29042,0
            6.25298,43.29057,0
            6.25311,43.29061,0
            6.25656,43.29193,0
            6.25753,43.29234,0
            6.25781,43.29248,0
            6.25806,43.29259,0
            6.25832,43.29273,0
            6.25847,43.2928,0
            6.25882,43.293,0
            6.25883,43.293,0
            6.2594,43.29333,0
            6.25958,43.29345,0
            6.2597,43.29352,0
            6.25981,43.2936,0
            6.26018,43.29384,0
            6.26029,43.29393,0
            6.26052,43.29409,0
            6.26107,43.29452,0
            6.2616,43.29497,0
            6.26217,43.29553,0
            6.26221,43.29558,0
            6.26227,43.29563,0
            6.26253,43.29592,0
            6.26262,43.29601,0
            6.26311,43.29659,0
            6.26319,43.2967,0
            6.26343,43.29699,0
            6.2635,43.29709,0
            6.26414,43.29788,0
            6.26421,43.29798,0
            6.26486,43.29876,0
            6.26497,43.29888,0
            6.26503,43.29896,0
            6.26511,43.29904,0
            6.26525,43.2992,0
            6.26538,43.29933,0
            6.2654,43.29936,0
            6.26555,43.29953,0
            6.26564,43.29961,0
            6.26582,43.2998,0
            6.26659,43.30052,0
            6.26669,43.3006,0
            6.26674,43.30065,0
            6.26707,43.30092,0
            6.2671,43.30095,0
            6.26721,43.30103,0
            6.26723,43.30105,0
            6.26763,43.30137,0
            6.26853,43.30201,0
            6.26865,43.30208,0
            6.2688,43.30219,0
            6.269,43.30231,0
            6.26924,43.30247,0
            6.26997,43.3029,0
            6.27048,43.30318,0
            6.27061,43.30324,0
            6.27073,43.30331,0
            6.27219,43.304,0
            6.27292,43.3043,0
            6.27443,43.30484,0
            6.27458,43.30488,0
            6.27501,43.30502,0
            6.27517,43.30506,0
            6.27531,43.30511,0
            6.27545,43.30515,0
            6.27548,43.30515,0
            6.2765,43.30543,0
            6.27665,43.30546,0
            6.27755,43.30569,0
            6.2777,43.30572,0
            6.27815,43.30584,0
            6.2783,43.30587,0
            6.27832,43.30588,0
            6.27833,43.30588,0
            6.28019,43.30634,0
            6.28021,43.30635,0
            6.28127,43.30662,0
            6.28142,43.30665,0
            6.28157,43.30669,0
            6.28158,43.30669,0
            6.28391,43.30728,0
            6.28414,43.30735,0
            6.28424,43.30737,0
            6.28437,43.30741,0
            6.28438,43.30742,0
            6.2846,43.30748,0
            6.28467,43.30751,0
            6.28495,43.3076,0
            6.28505,43.30764,0
            6.28509,43.30765,0
            6.28523,43.3077,0
            6.28537,43.30776,0
            6.28552,43.30781,0
            6.28633,43.30816,0
            6.28634,43.30817,0
            6.28645,43.30822,0
            6.28658,43.30829,0
            6.28672,43.30835,0
            6.28748,43.30877,0
            6.28753,43.30881,0
            6.28759,43.30884,0
            6.2877,43.30892,0
            6.2879,43.30904,0
            6.28817,43.30922,0
            6.28826,43.30929,0
            6.28828,43.3093,0
            6.28911,43.30994,0
            6.28915,43.30998,0
            6.28935,43.31015,0
            6.28946,43.31023,0
            6.28977,43.3105,0
            6.28988,43.31058,0
            6.28998,43.31067,0
            6.29033,43.31095,0
            6.29052,43.31112,0
            6.29131,43.31177,0
            6.29133,43.31178,0
            6.29408,43.31407,0
            6.29409,43.31407,0
            6.2944,43.31434,0
            6.29488,43.31479,0
            6.29528,43.31521,0
            6.2953,43.31524,0
            6.29538,43.31532,0
            6.29579,43.3158,0
            6.29601,43.31608,0
            6.29608,43.31619,0
            6.29615,43.31627,0
            6.29642,43.31667,0
            6.29683,43.31736,0
            6.29686,43.31743,0
            6.2971,43.31789,0
            6.29761,43.31894,0
            6.29812,43.3199,0
            6.29817,43.31997,0
            6.2984,43.32038,0
            6.29899,43.3213,0
            6.29969,43.32227,0
            6.29976,43.32235,0
            6.29993,43.32258,0
            6.3002,43.32291,0
            6.30024,43.32295,0
            6.30033,43.32307,0
            6.30104,43.32388,0
            6.30183,43.3247,0
            6.30276,43.32557,0
            6.30278,43.32558,0
            6.30292,43.3257,0
            6.30299,43.32577,0
            6.30305,43.32582,0
            6.30308,43.32584,0
            6.30321,43.32596,0
            6.30328,43.32601,0
            6.30379,43.32644,0
            6.30454,43.32702,0
            6.30467,43.32711,0
            6.30485,43.32725,0
            6.30568,43.32783,0
            6.3064,43.3283,0
            6.30651,43.32836,0
            6.30688,43.3286,0
            6.30961,43.33022,0
            6.30989,43.3304,0
            6.31008,43.33051,0
            6.31066,43.33088,0
            6.31081,43.33098,0
            6.3109,43.33105,0
            6.31102,43.33112,0
            6.3121,43.33187,0
            6.31225,43.33199,0
            6.31235,43.33206,0
            6.31246,43.33215,0
            6.31256,43.33222,0
            6.31294,43.33252,0
            6.31299,43.33255,0
            6.31341,43.33289,0
            6.31352,43.33297,0
            6.31359,43.33303,0
            6.31362,43.33305,0
            6.31363,43.33307,0
            6.31411,43.33346,0
            6.31442,43.33374,0
            6.31458,43.33387,0
            6.31544,43.33466,0
            6.31619,43.3354,0
            6.31637,43.3356,0
            6.31653,43.33576,0
            6.31668,43.33593,0
            6.31671,43.33595,0
            6.31782,43.33721,0
            6.31789,43.3373,0
            6.3187,43.33822,0
            6.31882,43.33837,0
            6.32057,43.34037,0
            6.32062,43.34042,0
            6.32071,43.34054,0
            6.3216,43.34156,0
            6.32165,43.34161,0
            6.32438,43.34475,0
            6.32584,43.34634,0
            6.32768,43.34824,0
            6.32775,43.3483,0
            6.32778,43.34834,0
            6.32785,43.3484,0
            6.32953,43.35006,0
            6.3296,43.35014,0
            6.33056,43.35107,0
            6.3307,43.35122,0
            6.33136,43.35187,0
            6.33143,43.35193,0
            6.33237,43.35287,0
            6.33369,43.35431,0
            6.33441,43.35514,0
            6.33451,43.35527,0
            6.33457,43.35533,0
            6.33549,43.35646,0
            6.3366,43.35793,0
            6.33663,43.35798,0
            6.33692,43.35838,0
            6.33748,43.35921,0
            6.33752,43.35928,0
            6.3378,43.35969,0
            6.33782,43.35973,0
            6.33813,43.3602,0
            6.33815,43.36022,0
            6.33865,43.36099,0
            6.33867,43.36103,0
            6.33907,43.36164,0
            6.33908,43.36165,0
            6.33918,43.36181,0
            6.3392,43.36185,0
            6.34062,43.36401,0
            6.34108,43.36467,0
            6.34161,43.36548,0
            6.34165,43.36553,0
            6.34183,43.3658,0
            6.34185,43.36584,0
            6.34253,43.36686,0
            6.34319,43.3679,0
            6.34512,43.37082,0
            6.34512,43.37083,0
            6.34523,43.37098,0
            6.34544,43.37131,0
            6.34552,43.37142,0
            6.3456,43.37156,0
            6.3469,43.37353,0
            6.34738,43.3742,0
            6.3475,43.37435,0
            6.34778,43.37466,0
            6.34786,43.37476,0
            6.34788,43.37477,0
            6.34804,43.37495,0
            6.34832,43.37522,0
            6.34878,43.37563,0
            6.34883,43.37566,0
            6.34904,43.37584,0
            6.3495,43.37618,0
            6.34964,43.37627,0
            6.34972,43.37633,0
            6.35005,43.37654,0
            6.35063,43.37688,0
            6.35151,43.37732,0
            6.35251,43.37775,0
            6.35441,43.37851,0
            6.35524,43.37887,0
            6.35564,43.37907,0
            6.35612,43.37936,0
            6.35669,43.37975,0
            6.357,43.38,0
            6.35738,43.38034,0
            6.35765,43.38062,0
            6.35804,43.38109,0
            6.35808,43.38116,0
            6.35818,43.38129,0
            6.35824,43.38138,0
            6.35848,43.3818,0
            6.35868,43.38222,0
            6.35877,43.38246,0
            6.3589,43.38289,0
            6.35899,43.38334,0
            6.35902,43.38369,0
            6.35901,43.38431,0
            6.35899,43.38451,0
            6.35889,43.38505,0
            6.35884,43.3852,0
            6.35883,43.38526,0
            6.35876,43.38548,0
            6.35867,43.38569,0
            6.35866,43.38573,0
            6.3585,43.38607,0
            6.35837,43.38631,0
            6.35818,43.38661,0
            6.35804,43.38681,0
            6.35786,43.38704,0
            6.35757,43.38738,0
            6.35726,43.38768,0
            6.35715,43.38777,0
            6.35709,43.38784,0
            6.35673,43.38815,0
            6.35594,43.38878,0
            6.35586,43.38886,0
            6.35579,43.38891,0
            6.35565,43.38903,0
            6.35562,43.38905,0
            6.35558,43.38909,0
            6.35549,43.38916,0
            6.35521,43.38943,0
            6.3552,43.38943,0
            6.35509,43.38954,0
            6.35501,43.38964,0
            6.35494,43.38971,0
            6.35479,43.38989,0
            6.35469,43.39003,0
            6.35471,43.39009,0
            6.3547,43.3901,0
            6.35467,43.39018,0
            6.35456,43.39037,0
            6.35444,43.39061,0
            6.35442,43.39068,0
            6.3544,43.39073,0
            6.35437,43.39088,0
            6.35437,43.39098,0
            6.35439,43.39112,0
            6.35447,43.39134,0
            6.3545,43.39138,0
            6.35453,43.39143,0
            6.35462,43.39153,0
            6.35463,43.39155,0
            6.35466,43.39159,0
            6.35468,43.3916,0
            6.35496,43.3919,0
            6.35511,43.39204,0
            6.35512,43.39206,0
            6.3552,43.39213,0
            6.35525,43.39219,0
            6.35527,43.39223,0
            6.35533,43.39231,0
            6.35538,43.39241,0
            6.35539,43.39245,0
            6.35539,43.39257,0
            6.35535,43.39267,0
            6.3553,43.39274,0
            6.35525,43.39279,0
            6.35515,43.39286,0
            6.35504,43.39291,0
            6.35496,43.39293,0
            6.35491,43.39295,0
            6.35486,43.39296,0
            6.35476,43.39299,0
            6.35475,43.39299,0
            6.35421,43.39311,0
            6.3542,43.39311,0
            6.35351,43.39326,0
            6.35324,43.39333,0
            6.35311,43.39335,0
            6.35189,43.39365,0
            6.35134,43.39376,0
            6.3512,43.3938,0
            6.35104,43.39386,0
            6.35104,43.39391,0
            6.35103,43.39392,0
            6.35103,43.39395,0
            6.35101,43.39397,0
            6.3511,43.39406,0
            6.35113,43.3941,0
            6.35114,43.39412,0
            6.35119,43.39415,0
            6.35121,43.39417,0
            6.35125,43.39418,0
            6.35128,43.3942,0
            6.35158,43.39432,0
            6.35171,43.39436,0
            6.35212,43.39455,0
            6.35233,43.39467,0
            6.35541,43.39672,0
            6.35557,43.39681,0
            6.35564,43.39684,0
            6.35565,43.39685,0
            6.35573,43.39688,0
            6.35579,43.39691,0
            6.35594,43.39696,0
            6.35601,43.39699,0
            6.35641,43.39711,0
            6.35653,43.39713,0
            6.35684,43.3972,0
            6.35911,43.39761,0
            6.35919,43.39764,0
            6.36318,43.39834,0
            6.36328,43.39834,0
            6.3639,43.39847,0
            6.36391,43.39847,0
            6.36476,43.39863,0
            6.36497,43.39866,0
            6.36501,43.39866,0
            6.36505,43.39865,0
            6.3651,43.39865,0
            6.36514,43.39864,0
            6.36515,43.39864,0
            6.36515,43.39863,0
            6.36516,43.39863,0
            6.36517,43.39862,0
            6.36519,43.39862,0
            6.3652,43.39861,0
            6.36532,43.39861,0
            6.36534,43.39862,0
            6.36536,43.39862,0
            6.36537,43.39863,0
            6.36539,43.39864,0
            6.3654,43.39864,0
            6.3654,43.39865,0
            6.36541,43.39865,0
            6.36543,43.39867,0
            6.36557,43.39875,0
            6.36571,43.39879,0
            6.36586,43.39881,0
            6.36845,43.39928,0
            6.36874,43.39932,0
            6.37238,43.39996,0
            6.37256,43.4,0
            6.37407,43.40026,0
            6.3743,43.40031,0
            6.37882,43.40112,0
            6.379,43.40117,0
            6.38172,43.40167,0
            6.38235,43.40182,0
            6.38286,43.40198,0
            6.38352,43.40227,0
            6.38416,43.40259,0
            6.38461,43.40279,0
            6.3851,43.40296,0
            6.38575,43.40314,0
            6.3862,43.40323,0
            6.38643,43.40326,0
            6.38652,43.40328,0
            6.3866,43.40328,0
            6.38675,43.4033,0
            6.38726,43.40334,0
            6.3888,43.40335,0
            6.38961,43.40332,0
            6.39069,43.40334,0
            6.39229,43.40346,0
            6.39266,43.40346,0
            6.39311,43.40339,0
            6.39311,43.40338,0
            6.39314,43.40335,0
            6.39315,43.40335,0
            6.39316,43.40334,0
            6.39317,43.40334,0
            6.39318,43.40333,0
            6.3932,43.40332,0
            6.39321,43.40332,0
            6.39323,43.40331,0
            6.39333,43.40331,0
            6.39335,43.40332,0
            6.39337,43.40332,0
            6.39338,43.40333,0
            6.39339,43.40333,0
            6.39341,43.40335,0
            6.39342,43.40335,0
            6.39345,43.40338,0
            6.39345,43.40339,0
            6.39346,43.4034,0
            6.39346,43.40341,0
            6.39347,43.40342,0
            6.39347,43.40349,0
            6.39368,43.40359,0
            6.39376,43.40362,0
            6.3938,43.40364,0
            6.39394,43.40368,0
            6.39412,43.40371,0
            6.39415,43.40371,0
            6.39417,43.40372,0
            6.39485,43.40381,0
            6.39488,43.40381,0
            6.40246,43.40481,0
            6.40252,43.40484,0
            6.40807,43.40558,0
            6.40854,43.40569,0
            6.40953,43.40597,0
            6.40955,43.40598,0
            6.40975,43.40605,0
            6.41039,43.40632,0
            6.41066,43.40645,0
            6.4109,43.40658,0
            6.41096,43.40662,0
            6.4111,43.40669,0
            6.41161,43.407,0
            6.41203,43.4073,0
            6.41248,43.40767,0
            6.41283,43.40799,0
            6.41307,43.40824,0
            6.41308,43.40829,0
            6.41768,43.41311,0
            6.41777,43.41316,0
            6.4184,43.41378,0
            6.41859,43.41394,0
            6.41868,43.414,0
            6.41871,43.41403,0
            6.41895,43.4141,0
            6.41902,43.41411,0
            6.41905,43.41412,0
            6.41908,43.41412,0
            6.41911,43.41413,0
            6.41914,43.41415,0
            6.41919,43.41417,0
            6.41921,43.41419,0
            6.41925,43.41421,0
            6.41927,43.41424,0
            6.41929,43.41426,0
            6.41931,43.41429,0
            6.41934,43.41438,0
            6.41934,43.41444,0
            6.41933,43.41445,0
            6.41933,43.41448,0
            6.41932,43.41449,0
            6.41932,43.4145,0
            6.41931,43.41452,0
            6.4193,43.41469,0
            6.41931,43.41472,0
            6.41936,43.4148,0
            6.41984,43.41533,0
            6.41986,43.41538,0
            6.42203,43.41763,0
            6.42226,43.41789,0
            6.42293,43.41857,0
            6.42298,43.41863,0
            6.42299,43.41863,0
            6.42521,43.42096,0
            6.42562,43.42142,0
            6.42579,43.42159,0
            6.42585,43.42166,0
            6.42594,43.42174,0
            6.42642,43.42224,0
            6.42648,43.42226,0
            6.42665,43.42235,0
            6.42672,43.42238,0
            6.42679,43.4224,0
            6.42689,43.42245,0
            6.42697,43.42245,0
            6.427,43.42246,0
            6.42702,43.42246,0
            6.42705,43.42247,0
            6.42709,43.42249,0
            6.42711,43.42251,0
            6.42714,43.42253,0
            6.42715,43.42253,0
            6.42715,43.42254,0
            6.42718,43.42257,0
            6.42718,43.42258,0
            6.42805,43.42296,0
            6.42836,43.42308,0
            6.4284,43.4231,0
            6.42859,43.42316,0
            6.42863,43.42318,0
            6.42881,43.42325,0
            6.42904,43.4233,0
            6.42907,43.42331,0
            6.42919,43.42333,0
            6.42922,43.42334,0
            6.4296,43.42339,0
            6.43075,43.42348,0
            6.431,43.42351,0
            6.43106,43.42351,0
            6.43124,43.42353,0
            6.43134,43.42355,0
            6.43195,43.42363,0
            6.43197,43.42363,0
            6.43212,43.42366,0
            6.43214,43.42366,0
            6.43221,43.42368,0
            6.43227,43.42369,0
            6.4323,43.4237,0
            6.43236,43.42371,0
            6.4324,43.42373,0
            6.43265,43.42381,0
            6.43267,43.42382,0
            6.43276,43.42385,0
            6.43288,43.4239,0
            6.43289,43.4239,0
            6.43325,43.42408,0
            6.43356,43.42428,0
            6.43367,43.42437,0
            6.43372,43.4244,0
            6.43382,43.42448,0
            6.43382,43.42449,0
            6.43388,43.42454,0
            6.43399,43.42465,0
            6.43403,43.42468,0
            6.43406,43.42472,0
            6.43411,43.42477,0
            6.43423,43.42492,0
            6.43426,43.42495,0
            6.43428,43.42499,0
            6.43438,43.42513,0
            6.4345,43.42536,0
            6.43453,43.42543,0
            6.43453,43.42544,0
            6.4346,43.42559,0
            6.43461,43.42564,0
            6.4347,43.42588,0
            6.43473,43.42599,0
            6.43476,43.42606,0
            6.43479,43.42617,0
            6.43497,43.42669,0
            6.43497,43.42671,0
            6.43511,43.4271,0
            6.43516,43.42728,0
            6.43534,43.4278,0
            6.43537,43.42791,0
            6.4354,43.42798,0
            6.43545,43.42815,0
            6.43569,43.42885,0
            6.43573,43.42894,0
            6.43589,43.42937,0
            6.43618,43.43002,0
            6.43627,43.43009,0
            6.43665,43.43096,0
            6.43684,43.43121,0
            6.43686,43.43123,0
            6.43687,43.43123,0
            6.4369,43.43126,0
            6.43691,43.43126,0
            6.43691,43.43127,0
            6.43692,43.43128,0
            6.43692,43.43129,0
            6.43693,43.4313,0
            6.43693,43.43137,0
            6.43697,43.43147,0
            6.43701,43.43153,0
            6.43701,43.43154,0
            6.43715,43.43168,0
            6.43761,43.4322,0
            6.43772,43.43231,0
            6.43786,43.43248,0
            6.43826,43.43289,0
            6.43838,43.433,0
            6.43868,43.43331,0
            6.4389,43.43351,0
            6.43914,43.43368,0
            6.43921,43.43371,0
            6.43946,43.43385,0
            6.43961,43.43392,0
            6.43991,43.43404,0
            6.44001,43.43407,0
            6.44005,43.43409,0
            6.441,43.43446,0
            6.44169,43.4347,0
            6.44408,43.43547,0
            6.44456,43.43564,0
            6.44468,43.43571,0
            6.44499,43.43585,0
            6.44547,43.4361,0
            6.4484,43.43776,0
            6.44842,43.43776,0
            6.44855,43.43782,0
            6.44871,43.43791,0
            6.44872,43.43791,0
            6.44904,43.4381,0
            6.44925,43.43821,0
            6.44928,43.43823,0
            6.45007,43.43863,0
            6.45232,43.43957,0
            6.45236,43.43958,0
            6.45283,43.43978,0
            6.45291,43.43982,0
            6.45297,43.43984,0
            6.453,43.43987,0
            6.45733,43.44156,0
            6.45792,43.44175,0
            6.46135,43.44261,0
            6.46316,43.4431,0
            6.46371,43.44321,0
            6.46484,43.4434,0
            6.46569,43.44359,0
            6.46666,43.44385,0
            6.46673,43.44385,0
            6.46683,43.44387,0
            6.46737,43.44407,0
            6.46751,43.44413,0
            6.46782,43.44429,0
            6.46798,43.44439,0
            6.46811,43.44446,0
            6.46979,43.44548,0
            6.46985,43.44551,0
            6.47014,43.44569,0
            6.47065,43.44597,0
            6.4711,43.44617,0
            6.47274,43.44683,0
            6.4728,43.44686,0
            6.47353,43.44715,0
            6.47374,43.44722,0
            6.47397,43.44728,0
            6.47406,43.44731,0
            6.47422,43.44734,0
            6.4746,43.44737,0
            6.47461,43.44736,0
            6.47462,43.44736,0
            6.47464,43.44734,0
            6.47466,43.44733,0
            6.47467,43.44733,0
            6.47469,43.44732,0
            6.4747,43.44732,0
            6.47472,43.44731,0
            6.47481,43.44731,0
            6.47483,43.44732,0
            6.47487,43.44732,0
            6.47499,43.44738,0
            6.475,43.4474,0
            6.47502,43.44741,0
            6.47505,43.44748,0
            6.47505,43.44752,0
            6.47504,43.44754,0
            6.47504,43.44755,0
            6.47503,43.44757,0
            6.47502,43.44758,0
            6.47501,43.4476,0
            6.47497,43.44764,0
            6.47495,43.44765,0
            6.47494,43.44766,0
            6.47492,43.44766,0
            6.47491,43.44767,0
            6.47489,43.44767,0
            6.47488,43.44778,0
            6.47489,43.44781,0
            6.47515,43.44815,0
            6.47524,43.44823,0
            6.4754,43.44835,0
            6.47541,43.44838,0
            6.47543,43.44841,0
            6.47543,43.44844,0
            6.47544,43.44848,0
            6.47544,43.44853,0
            6.47546,43.44858,0
            6.47547,43.44859,0
            6.47549,43.44859,0
            6.47552,43.44862,0
            6.47553,43.44862,0
            6.47556,43.44865,0
            6.47556,43.44867,0
            6.47557,43.44867,0
            6.47557,43.44868,0
            6.47556,43.44871,0
            6.47556,43.44872,0
            6.47555,43.44873,0
            6.47554,43.44875,0
            6.47551,43.44878,0
            6.47549,43.44879,0
            6.47578,43.4492,0
            6.47582,43.44923,0
            6.47601,43.44946,0
            6.47628,43.44985,0
            6.47638,43.45001,0
            6.47692,43.45072,0
            6.47697,43.45076,0
            6.47703,43.45083,0
            6.47705,43.45087,0
            6.47738,43.45135,0
            6.47762,43.45164,0
            6.47776,43.45183,0
            6.47776,43.45188,0
            6.47796,43.45215,0
            6.47806,43.4523,0
            6.47903,43.45363,0
            6.47935,43.45411,0
            6.4794,43.45421,0
            6.47945,43.45438,0
            6.47949,43.45441,0
            6.47955,43.45457,0
            6.47987,43.45525,0
            6.48009,43.45532,0
            6.48011,43.45532,0
            6.48031,43.45539,0
            6.48121,43.45564,0
            6.48159,43.45582,0
            6.48253,43.45608,0
            6.48259,43.45609,0
            6.48272,43.45613,0
            6.48298,43.45619,0
            6.48301,43.4561,0
            6.4825,43.45596,0
            6.48249,43.45596,0
            6.48247,43.45597,0
            6.48243,43.45605,0
            6.48253,43.45608,0
            6.48259,43.45609,0
            6.48272,43.45613,0
            6.48298,43.45619,0
            6.483,43.45619,0
            6.48315,43.45623,0
            6.48321,43.45624,0
            6.48323,43.45625,0
            6.48328,43.45625,0
            6.48334,43.45627,0
            6.48384,43.45637,0
            6.48389,43.45636,0
            6.48394,43.45636,0
            6.48396,43.45635,0
            6.48397,43.45635,0
            6.484,43.45634,0
            6.48404,43.45634,0
            6.48411,43.45632,0
            6.48425,43.45632,0
            6.48427,43.45633,0
            6.48437,43.45635,0
            6.48504,43.45656,0
            6.48625,43.45712,0
            6.4864,43.45718,0
            6.48738,43.45763,0
            6.48759,43.45777,0
            6.48767,43.45784,0
            6.48776,43.45795,0
            6.48786,43.45816,0
            6.48788,43.45822,0
            6.48788,43.45837,0
            6.48787,43.45844,0
            6.48782,43.45864,0
            6.48777,43.45877,0
            6.48773,43.45892,0
            6.48769,43.459,0
            6.48769,43.45902,0
            6.48766,43.45908,0
            6.48766,43.45909,0
            6.48764,43.45915,0
            6.48764,43.45918,0
            6.48763,43.45925,0
            6.48762,43.45927,0
            6.4876,43.45942,0
            6.4876,43.45963,0
            6.48762,43.45973,0
            6.48764,43.45991,0
            6.48766,43.45999,0
            6.48767,43.46001,0
            6.48772,43.46016,0
            6.48773,43.46018,0
            6.48774,43.46022,0
            6.48777,43.46028,0
            6.48786,43.46051,0
            6.48794,43.46068,0
            6.48797,43.46076,0
            6.48801,43.46083,0
            6.48812,43.46111,0
            6.48813,43.46116,0
            6.48813,43.46121,0
            6.48814,43.46125,0
            6.48813,43.46128,0
            6.48815,43.46134,0
            6.48812,43.46156,0
            6.48812,43.46159,0
            6.48814,43.46165,0
            6.4882,43.46171,0
            6.48824,43.46173,0
            6.48834,43.46176,0
            6.48843,43.46174,0
            6.48857,43.46169,0
            6.4886,43.46164,0
            6.48861,43.4616,0
            6.4886,43.46156,0
            6.4886,43.46153,0
            6.48859,43.46149,0
            6.48823,43.46093,0
            6.48809,43.46068,0
            6.48808,43.46065,0
            6.48808,43.46064,0
            6.48801,43.46046,0
            6.48797,43.46026,0
            6.48793,43.45987,0
            6.48797,43.45927,0
            6.48807,43.45884,0
            6.48893,43.45643,0
            6.48895,43.45639,0
            6.48922,43.45569,0
            6.48929,43.45554,0
            6.48929,43.45552,0
            6.48934,43.45538,0
            6.48936,43.45535,0
            6.48942,43.45523,0
            6.48961,43.45495,0
            6.48993,43.45456,0
            6.49013,43.45435,0
            6.49016,43.45431,0
            6.49054,43.45389,0
            6.4905,43.45385,0
            6.49046,43.45377,0
            6.49046,43.45366,0
            6.49047,43.45365,0
            6.49047,43.45363,0
            6.49048,43.45362,0
            6.4905,43.45358,0
            6.49056,43.45352,0
            6.49066,43.45347,0
            6.49068,43.45347,0
            6.49071,43.45346,0
            6.49081,43.45346,0
            6.49099,43.4532,0
            6.49112,43.45298,0
            6.49127,43.45269,0
            6.49147,43.45221,0
            6.49174,43.45163,0
            6.49195,43.45114,0
            6.49203,43.45102,0
            6.49215,43.45077,0
            6.49246,43.45005,0
            6.49248,43.44999,0
            6.49259,43.44976,0
            6.49262,43.44968,0
            6.49267,43.44959,0
            6.49271,43.44954,0
            6.49277,43.44948,0
            6.49282,43.44945,0
            6.49283,43.44943,0
            6.493,43.44934,0
            6.49301,43.44934,0
            6.49309,43.44932,0
            6.49324,43.4493,0
            6.49332,43.4493,0
            6.49339,43.44931,0
            6.49363,43.4494,0
            6.49368,43.44943,0
            6.49375,43.4495,0
            6.49378,43.44955,0
            6.4938,43.44957,0
            6.49381,43.4496,0
            6.49383,43.44964,0
            6.494,43.45011,0
            6.49407,43.45022,0
            6.49409,43.45024,0
            6.49413,43.45027,0
            6.49417,43.45031,0
            6.49421,43.45034,0
            6.49423,43.45036,0
            6.49427,43.45038,0
            6.4943,43.4504,0
            6.49436,43.45043,0
            6.49458,43.45051,0
            6.49458,43.45052,0
            6.49468,43.45059,0
            6.49802,43.45142,0
            6.4984,43.45153,0
            6.49847,43.45154,0
            6.50136,43.45236,0
            6.50154,43.4524,0
            6.50183,43.45248,0
            6.50355,43.45279,0
            6.50361,43.45281,0
            6.50418,43.45294,0
            6.50643,43.45355,0
            6.50714,43.4537,0
            6.50731,43.45372,0
            6.50734,43.45373,0
            6.50841,43.45386,0
            6.50955,43.45396,0
            6.51015,43.45404,0
            6.51023,43.45406,0
            6.5105,43.4541,0
            6.51069,43.45416,0
            6.51092,43.45422,0
            6.51115,43.4543,0
            6.5117,43.45456,0
            6.51248,43.45499,0
            6.51259,43.45506,0
            6.51276,43.45514,0
            6.51283,43.45518,0
            6.51294,43.45523,0
            6.51295,43.45523,0
            6.51363,43.4555,0
            6.51389,43.45559,0
            6.51391,43.4556,0
            6.51453,43.45581,0
            6.51466,43.45588,0
            6.51594,43.45638,0
            6.51682,43.45677,0
            6.51696,43.45684,0
            6.51699,43.45685,0
            6.51746,43.45706,0
            6.51747,43.45707,0
            6.51896,43.45773,0
            6.51909,43.4578,0
            6.5191,43.4578,0
            6.5203,43.45834,0
            6.52231,43.45917,0
            6.52253,43.45925,0
            6.52469,43.46014,0
            6.52491,43.46022,0
            6.52513,43.46032,0
            6.5253,43.46038,0
            6.52628,43.46079,0
            6.52632,43.4608,0
            6.52719,43.46115,0
            6.52724,43.46118,0
            6.53211,43.46317,0
            6.5322,43.4632,0
            6.53328,43.46364,0
            6.53334,43.46367,0
            6.54019,43.46558,0
            6.54034,43.46563,0
            6.54196,43.466,0
            6.54227,43.46609,0
            6.543,43.46623,0
            6.54315,43.46624,0
            6.54351,43.4662,0
            6.54363,43.4662,0
            6.54364,43.46619,0
            6.54365,43.46617,0
            6.54367,43.46616,0
            6.54369,43.46614,0
            6.54371,43.46613,0
            6.54372,43.46613,0
            6.54373,43.46612,0
            6.54377,43.4661,0
            6.54379,43.4661,0
            6.54382,43.46609,0
            6.54393,43.46609,0
            6.54403,43.46606,0
            6.5441,43.46603,0
            6.54435,43.46599,0
            6.54438,43.466,0
            6.54535,43.46613,0
            6.54551,43.46613,0
            6.54559,43.46611,0
            6.5456,43.46611,0
            6.54561,43.4661,0
            6.54562,43.4661,0
            6.54574,43.46603,0
            6.54593,43.46551,0
            6.54638,43.46438,0
            6.5465,43.46412,0
            6.5466,43.46394,0
            6.54665,43.46387,0
            6.54667,43.46383,0
            6.54683,43.46363,0
            6.547,43.46345,0
            6.54719,43.46328,0
            6.54751,43.46304,0
            6.54801,43.46273,0
            6.54801,43.46272,0
            6.54802,43.46271,0
            6.54802,43.46269,0
            6.54804,43.46267,0
            6.54804,43.46266,0
            6.54808,43.46262,0
            6.5481,43.46262,0
            6.54812,43.4626,0
            6.54814,43.46259,0
            6.54815,43.46259,0
            6.54817,43.46258,0
            6.54823,43.46258,0
            6.54824,43.46257,0
            6.54827,43.46257,0
            6.54875,43.46225,0
            6.54876,43.46224,0
            6.54949,43.46175,0
            6.54972,43.46161,0
            6.54983,43.46153,0
            6.54984,43.46152,0
            6.54985,43.46152,0
            6.54992,43.46146,0
            6.55032,43.46104,0
            6.55059,43.46083,0
            6.55084,43.4607,0
            6.55113,43.46052,0
            6.55137,43.46039,0
            6.55163,43.46028,0
            6.5518,43.46026,0
            6.55189,43.46018,0
            6.55245,43.45983,0
            6.55249,43.4598,0
            6.55252,43.45979,0
            6.55266,43.45968,0
            6.55293,43.45944,0
            6.55316,43.45916,0
            6.5532,43.45912,0
            6.55322,43.45907,0
            6.55323,43.45907,0
            6.55328,43.45899,0
            6.55334,43.45891,0
            6.5535,43.45863,0
            6.55354,43.45854,0
            6.55357,43.45845,0
            6.55357,43.45844,0
            6.55361,43.45828,0
            6.55361,43.45816,0
            6.5536,43.45806,0
            6.55358,43.45798,0
            6.55354,43.45791,0
            6.55351,43.45784,0
            6.55347,43.45779,0
            6.55346,43.45777,0
            6.55329,43.45759,0
            6.55316,43.4575,0
            6.55298,43.4574,0
            6.55294,43.45739,0
            6.55285,43.45735,0
            6.55264,43.45729,0
            6.5525,43.45726,0
            6.55245,43.45727,0
            6.55234,43.45727,0
            6.55222,43.45728,0
            6.55216,43.45728,0
            6.55199,43.45732,0
            6.55184,43.4574,0
            6.5518,43.45743,0
            6.55177,43.45746,0
            6.55174,43.4575,0
            6.55172,43.45752,0
            6.55171,43.45754,0
            6.5517,43.45755,0
            6.55167,43.45761,0
            6.55164,43.45773,0
            6.55164,43.45776,0
            6.55165,43.4578,0
            6.55165,43.45783,0
            6.55169,43.45794,0
            6.55171,43.45796,0
            6.55173,43.45799,0
            6.55175,43.45801,0
            6.55178,43.45803,0
            6.5518,43.45805,0
            6.55183,43.45807,0
            6.55185,43.45809,0
            6.55191,43.45813,0
            6.5523,43.45832,0
            6.55277,43.4585,0
            6.55292,43.45857,0
            6.55293,43.45857,0
            6.55294,43.45858,0
            6.55296,43.45866,0
            6.55347,43.45885,0
            6.55362,43.45892,0
            6.55421,43.45915,0
            6.55569,43.45979,0
            6.55589,43.45989,0
            6.55658,43.4602,0
            6.55658,43.46021,0
            6.55679,43.4603,0
            6.56093,43.4623,0
            6.56147,43.46253,0
            6.56155,43.46257,0
            6.56302,43.46315,0
            6.56401,43.46347,0
            6.56529,43.46381,0
            6.56586,43.46393,0
            6.56596,43.46396,0
            6.56694,43.46414,0
            6.5682,43.46431,0
            6.56916,43.4644,0
            6.5704,43.46447,0
            6.57051,43.46447,0
            6.57065,43.46448,0
            6.57198,43.46449,0
            6.57303,43.46446,0
            6.57432,43.46438,0
            6.57439,43.46437,0
            6.57493,43.46433,0
            6.57705,43.46407,0
            6.57783,43.46395,0
            6.57813,43.46389,0
            6.5783,43.46387,0
            6.57911,43.46373,0
            6.58297,43.46294,0
            6.583,43.46293,0
            6.58678,43.4621,0
            6.58685,43.46208,0
            6.5901,43.46137,0
            6.59017,43.46135,0
            6.59074,43.46123,0
            6.59081,43.46121,0
            6.5997,43.45926,0
            6.59971,43.45926,0
            6.60011,43.45917,0
            6.60019,43.45916,0
            6.60049,43.4591,0
            6.60066,43.45908,0
            6.60078,43.45905,0
            6.6019,43.4589,0
            6.60262,43.45884,0
            6.60358,43.4588,0
            6.60456,43.45881,0
            6.60537,43.45886,0
            6.60615,43.45894,0
            6.60711,43.45909,0
            6.60715,43.45909,0
            6.6083,43.45934,0
            6.60894,43.45951,0
            6.60993,43.45983,0
            6.61073,43.46013,0
            6.6135,43.46125,0
            6.61354,43.46127,0
            6.61509,43.46185,0
            6.61672,43.4624,0
            6.61774,43.4627,0
            6.61782,43.46273,0
            6.61867,43.46295,0
            6.61883,43.463,0
            6.61885,43.463,0
            6.61979,43.46323,0
            6.621,43.46348,0
            6.62104,43.46348,0
            6.62228,43.46371,0
            6.62317,43.46384,0
            6.62324,43.46384,0
            6.62438,43.46399,0
            6.6258,43.46411,0
            6.62819,43.46422,0
            6.63541,43.46421,0
            6.6375,43.46425,0
            6.63944,43.46434,0
            6.64073,43.46443,0
            6.64238,43.46459,0
            6.64249,43.46461,0
            6.64317,43.46468,0
            6.64486,43.4649,0
            6.64731,43.46529,0
            6.64732,43.4653,0
            6.64733,43.4653,0
            6.64738,43.46531,0
            6.64742,43.46531,0
            6.65411,43.46652,0
            6.65599,43.46682,0
            6.65725,43.46698,0
            6.6573,43.46698,0
            6.65907,43.46715,0
            6.66035,43.46722,0
            6.6617,43.46725,0
            6.66307,43.46724,0
            6.66319,43.46723,0
            6.66332,43.46723,0
            6.66496,43.46715,0
            6.66687,43.46697,0
            6.66825,43.46679,0
            6.66834,43.46677,0
            6.66903,43.46666,0
            6.66907,43.46666,0
            6.66925,43.46662,0
            6.66979,43.46653,0
            6.67086,43.46631,0
            6.67089,43.4663,0
            6.67186,43.46608,0
            6.67381,43.46555,0
            6.6746,43.4653,0
            6.67613,43.46477,0
            6.67681,43.46451,0
            6.67784,43.46408,0
            6.67864,43.46371,0
            6.67895,43.46358,0
            6.67906,43.46352,0
            6.68009,43.46303,0
            6.68036,43.46289,0
            6.68038,43.46289,0
            6.68121,43.46247,0
            6.68125,43.46244,0
            6.68343,43.46132,0
            6.68346,43.4613,0
            6.68348,43.46128,0
            6.68377,43.46114,0
            6.68383,43.4611,0
            6.68421,43.46092,0
            6.68439,43.46082,0
            6.68537,43.46034,0
            6.68538,43.46034,0
            6.68659,43.45977,0
            6.68665,43.45968,0
            6.68666,43.45968,0
            6.68675,43.45963,0
            6.68789,43.45912,0
            6.6879,43.45912,0
            6.68799,43.45907,0
            6.68806,43.45904,0
            6.6881,43.45901,0
            6.68821,43.45895,0
            6.68829,43.45889,0
            6.68833,43.45887,0
            6.68836,43.45884,0
            6.68859,43.45866,0
            6.68885,43.45838,0
            6.689,43.45817,0
            6.68901,43.45814,0
            6.68907,43.45805,0
            6.68915,43.45786,0
            6.68923,43.45772,0
            6.68951,43.45672,0
            6.68955,43.45666,0
            6.68983,43.45633,0
            6.68988,43.45626,0
            6.68994,43.45619,0
            6.68996,43.45615,0
            6.68996,43.45611,0
            6.68995,43.45607,0
            6.68993,43.45602,0
            6.68993,43.45595,0
            6.68991,43.45595,0
            6.68989,43.45594,0
            6.68987,43.45594,0
            6.68986,43.45593,0
            6.68984,43.45593,0
            6.68983,43.45592,0
            6.68981,43.45591,0
            6.6898,43.45591,0
            6.68975,43.45588,0
            6.68971,43.45584,0
            6.68971,43.45583,0
            6.6897,43.45582,0
            6.68968,43.45578,0
            6.68967,43.45573,0
            6.68967,43.45568,0
            6.6897,43.45562,0
            6.68976,43.45556,0
            6.68981,43.45553,0
            6.68994,43.45549,0
            6.69057,43.45478,0
            6.69058,43.45476,0
            6.69063,43.4547,0
            6.69069,43.4546,0
            6.69075,43.45452,0
            6.6908,43.45443,0
            6.69086,43.45425,0
            6.69089,43.45419,0
            6.69095,43.45399,0
            6.69096,43.45391,0
            6.69108,43.45348,0
            6.69108,43.45345,0
            6.69118,43.45315,0
            6.6912,43.45306,0
            6.69128,43.45282,0
            6.69135,43.45266,0
            6.69149,43.45229,0
            6.69167,43.45196,0
            6.69184,43.45168,0
            6.69208,43.45137,0
            6.69211,43.45134,0
            6.69224,43.45117,0
            6.69245,43.45095,0
            6.69248,43.45093,0
            6.69275,43.45067,0
            6.69343,43.45011,0
            6.69349,43.45005,0
            6.69702,43.44701,0
            6.69721,43.44683,0
            6.69767,43.4463,0
            6.69775,43.44619,0
            6.69781,43.44612,0
            6.69785,43.44601,0
            6.69785,43.44592,0
            6.69781,43.44584,0
            6.69781,43.44578,0
            6.69785,43.44569,0
            6.69789,43.44565,0
            6.69794,43.44562,0
            6.69806,43.44558,0
            6.6982,43.44558,0
            6.69822,43.44559,0
            6.69825,43.44559,0
            6.6983,43.44561,0
            6.69859,43.44558,0
            6.69874,43.44554,0
            6.69877,43.44552,0
            6.69899,43.44544,0
            6.6996,43.44513,0
            6.6996,43.44512,0
            6.69978,43.44502,0
            6.69979,43.44501,0
            6.69996,43.44492,0
            6.69998,43.4449,0
            6.70053,43.44457,0
            6.70108,43.44421,0
            6.70134,43.44402,0
            6.70145,43.44393,0
            6.70152,43.44385,0
            6.70152,43.44384,0
            6.70151,43.44382,0
            6.70151,43.44373,0
            6.70153,43.44367,0
            6.70154,43.44365,0
            6.70156,43.44363,0
            6.70157,43.4436,0
            6.7016,43.44358,0
            6.70162,43.44356,0
            6.70165,43.44354,0
            6.70173,43.4435,0
            6.70187,43.44347,0
            6.70197,43.44347,0
            6.70202,43.44348,0
            6.70211,43.44346,0
            6.70217,43.44344,0
            6.70244,43.44331,0
            6.70306,43.44292,0
            6.70314,43.44286,0
            6.70532,43.44143,0
            6.70574,43.44109,0
            6.70618,43.44066,0
            6.70671,43.44011,0
            6.70674,43.44009,0
            6.70677,43.44005,0
            6.70716,43.43968,0
            6.70715,43.43967,0
            6.70715,43.43959,0
            6.70716,43.43956,0
            6.70719,43.4395,0
            6.70721,43.43948,0
            6.70728,43.43944,0
            6.7073,43.43942,0
            6.70735,43.43941,0
            6.70738,43.4394,0
            6.70753,43.4394,0
            6.70759,43.43942,0
            6.7079,43.43939,0
            6.7082,43.43932,0
            6.70831,43.43928,0
            6.70835,43.43927,0
            6.70836,43.43926,0
            6.70898,43.43906,0
            6.70945,43.43895,0
            6.71012,43.43884,0
            6.71014,43.43883,0
            6.71272,43.43849,0
            6.71275,43.43848,0
            6.71294,43.43846,0
            6.71296,43.43845,0
            6.71304,43.43844,0
            6.71307,43.43844,0
            6.7131,43.43843,0
            6.71599,43.43803,0
            6.71686,43.43794,0
            6.7175,43.43785,0
            6.71794,43.43775,0
            6.71795,43.43774,0
            6.71827,43.43766,0
            6.71863,43.43754,0
            6.71887,43.43742,0
            6.71968,43.43708,0
            6.71969,43.43708,0
            6.71984,43.43701,0
            6.72006,43.43693,0
            6.72015,43.43691,0
            6.72068,43.43683,0
            6.72073,43.43683,0
            6.72078,43.43681,0
            6.72083,43.4368,0
            6.72097,43.4368,0
            6.72264,43.43618,0
            6.7234,43.43587,0
            6.7241,43.43556,0
            6.72485,43.43519,0
            6.72535,43.43489,0
            6.72539,43.43484,0
            6.72549,43.43477,0
            6.72556,43.43471,0
            6.72558,43.4347,0
            6.72564,43.43465,0
            6.7257,43.43459,0
            6.7259,43.43443,0
            6.72596,43.43439,0
            6.72604,43.43431,0
            6.72607,43.43427,0
            6.7261,43.43422,0
            6.72577,43.43388,0
            6.72565,43.43374,0
            6.72558,43.43363,0
            6.72547,43.43328,0
            6.72545,43.43327,0
            6.72542,43.43327,0
            6.72538,43.43325,0
            6.72537,43.43324,0
            6.72531,43.43321,0
            6.72529,43.43319,0
            6.72528,43.43317,0
            6.72526,43.43316,0
            6.72522,43.43308,0
            6.72522,43.43303,0
            6.72523,43.43302,0
            6.72523,43.433,0
            6.72524,43.43299,0
            6.72524,43.43298,0
            6.72525,43.43297,0
            6.72526,43.43295,0
            6.7253,43.43291,0
            6.72536,43.43287,0
            6.72549,43.43283,0
            6.72562,43.43283,0
            6.72571,43.43286,0
            6.72579,43.43291,0
            6.72582,43.43294,0
            6.72595,43.43299,0
            6.72613,43.43304,0
            6.72623,43.43306,0
            6.72634,43.43306,0
            6.72645,43.43305,0
            6.72655,43.43303,0
            6.72666,43.43302,0
            6.72674,43.433,0
            6.72676,43.433,0
            6.72698,43.43294,0
            6.72709,43.43292,0
            6.72716,43.4329,0
            6.72732,43.43287,0
            6.72743,43.43284,0
            6.72767,43.4328,0
            6.72792,43.43274,0
            6.72793,43.43274,0
            6.72804,43.43271,0
            6.72852,43.43261,0
            6.72853,43.4326,0
            6.72864,43.43258,0
            6.72912,43.43246,0
            6.72924,43.43244,0
            6.72982,43.4323,0
            6.72988,43.43228,0
            6.72989,43.43227,0
            6.73,43.43223,0
            6.73,43.4322,0
            6.73003,43.43217,0
            6.73008,43.43217,0
            6.7301,43.43216,0
            6.73015,43.43216,0
            6.73016,43.43217,0
            6.73017,43.43217,0
            6.73018,43.43218,0
            6.73018,43.43219,0
            6.73032,43.43217,0
            6.73035,43.43217,0
            6.73091,43.43211,0
            6.73156,43.43212,0
            6.732,43.43202,0
            6.73218,43.43197,0
            6.73289,43.43172,0
            6.73326,43.43157,0
            6.73348,43.4315,0
            6.73398,43.43138,0
            6.73431,43.43133,0
            6.73444,43.4313,0
            6.73469,43.4312,0
            6.73474,43.43117,0
            6.73506,43.43101,0
            6.73523,43.4309,0
            6.73533,43.43082,0
            6.73533,43.43081,0
            6.73534,43.4308,0
            6.73534,43.43079,0
            6.73535,43.43079,0
            6.73535,43.43078,0
            6.73536,43.43077,0
            6.73537,43.43077,0
            6.73537,43.43076,0
            6.73539,43.43076,0
            6.73539,43.43075,0
            6.73559,43.43057,0
            6.73571,43.43043,0
            6.73577,43.43032,0
            6.73578,43.43031,0
            6.73579,43.43026,0
            6.73579,43.43022,0
            6.73588,43.43013,0
            6.7359,43.43009,0
            6.73615,43.42917,0
            6.73617,43.42913,0
            6.73619,43.4291,0
            6.73628,43.42887,0
            6.73631,43.42876,0
            6.73638,43.42857,0
            6.73644,43.42835,0
            6.73646,43.4283,0
            6.73646,43.42828,0
            6.73648,43.42817,0
            6.73647,43.42804,0
            6.73645,43.42801,0
            6.73643,43.428,0
            6.73641,43.42796,0
            6.73641,43.42794,0
            6.7364,43.42792,0
            6.7364,43.42789,0
            6.73641,43.42787,0
            6.73641,43.42785,0
            6.73644,43.42778,0
            6.73645,43.42777,0
            6.73646,43.42775,0
            6.73654,43.42771,0
            6.73655,43.42771,0
            6.73657,43.4277,0
            6.73661,43.4277,0
            6.73663,43.42769,0
            6.73667,43.42769,0
            6.73668,43.42768,0
            6.73676,43.42768,0
            6.73678,43.42769,0
            6.73681,43.42769,0
            6.73687,43.42772,0
            6.7369,43.42775,0
            6.73693,43.42777,0
            6.73696,43.4278,0
            6.73698,43.42784,0
            6.73698,43.42785,0
            6.73699,43.42787,0
            6.73699,43.42791,0
            6.73704,43.42796,0
            6.7371,43.42799,0
            6.73718,43.42802,0
            6.73747,43.4281,0
            6.73793,43.4282,0
            6.73825,43.42823,0
            6.73857,43.42823,0
            6.7398,43.42811,0
            6.74111,43.42795,0
            6.74115,43.42793,0
            6.74118,43.4279,0
            6.74125,43.42785,0
            6.74125,43.42779,0
            6.74126,43.42778,0
            6.74126,43.42777,0
            6.74127,43.42775,0
            6.74129,43.42773,0
            6.7413,43.42771,0
            6.74131,43.4277,0
            6.74133,43.42769,0
            6.74134,43.42768,0
            6.74138,43.42766,0
            6.74139,43.42765,0
            6.74142,43.42764,0
            6.74143,43.42763,0
            6.74145,43.42763,0
            6.74146,43.42762,0
            6.74156,43.42762,0
            6.74157,43.42763,0
            6.74159,43.42763,0
            6.7416,43.42764,0
            6.74163,43.42764,0
            6.74164,43.42765,0
            6.74165,43.42765,0
            6.74166,43.42766,0
            6.74167,43.42766,0
            6.74168,43.42767,0
            6.74169,43.42767,0
            6.74171,43.42769,0
            6.74173,43.4277,0
            6.74174,43.42771,0
            6.74174,43.42773,0
            6.74176,43.42775,0
            6.74176,43.42776,0
            6.74177,43.42778,0
            6.74177,43.42779,0
            6.74176,43.4278,0
            6.74176,43.42783,0
            6.74175,43.42784,0
            6.74175,43.42785,0
            6.74174,43.42786,0
            6.74191,43.42791,0
            6.74201,43.42791,0
            6.74221,43.42786,0
            6.74375,43.42774,0
            6.74417,43.42769,0
            6.74545,43.42758,0
            6.7458,43.42753,0
            6.74799,43.42732,0
            6.7486,43.42728,0
            6.74888,43.42729,0
            6.7489,43.42728,0
            6.74902,43.42728,0
            6.74905,43.42729,0
            6.74924,43.42725,0
            6.74928,43.42722,0
            6.74934,43.42716,0
            6.74945,43.42713,0
            6.74956,43.42712,0
            6.74972,43.42713,0
            6.74992,43.42713,0
            6.75201,43.42693,0
            6.75206,43.42692,0
            6.75549,43.4266,0
            6.75562,43.42658,0
            6.75572,43.42655,0
            6.75574,43.42652,0
            6.75578,43.42648,0
            6.75582,43.42646,0
            6.75596,43.42646,0
            6.756,43.42648,0
            6.75603,43.42649,0
            6.75605,43.42652,0
            6.75608,43.42654,0
            6.75744,43.42641,0
            6.75745,43.4264,0
            6.76249,43.42592,0
            6.76251,43.42591,0
            6.76253,43.42589,0
            6.76256,43.42588,0
            6.7626,43.42574,0
            6.7625,43.42537,0
            6.76241,43.42496,0
            6.76231,43.42483,0
            6.76229,43.42483,0
            6.76228,43.42482,0
            6.76226,43.42482,0
            6.76225,43.42481,0
            6.76224,43.42481,0
            6.76223,43.4248,0
            6.76222,43.4248,0
            6.7622,43.42478,0
            6.76219,43.42478,0
            6.76219,43.42477,0
            6.76217,43.42476,0
            6.76217,43.42474,0
            6.76216,43.42473,0
            6.76216,43.42465,0
            6.76218,43.42463,0
            6.76218,43.42462,0
            6.76219,43.42462,0
            6.7622,43.42461,0
            6.7622,43.4246,0
            6.76221,43.4246,0
            6.76222,43.42459,0
            6.76223,43.42459,0
            6.76224,43.42458,0
            6.76225,43.42458,0
            6.76226,43.42457,0
            6.76228,43.42457,0
            6.76229,43.42456,0
            6.7624,43.42456,0
            6.76241,43.42457,0
            6.76243,43.42457,0
            6.76244,43.42458,0
            6.76245,43.42458,0
            6.76246,43.42459,0
            6.76247,43.42459,0
            6.76247,43.4246,0
            6.76248,43.4246,0
            6.7625,43.42462,0
            6.76391,43.42441,0
            6.76395,43.42441,0
            6.76407,43.42439,0
            6.76407,43.42438,0
            6.76408,43.42437,0
            6.76408,43.42435,0
            6.76409,43.42435,0
            6.76409,43.42434,0
            6.7641,43.42434,0
            6.7641,43.42433,0
            6.76412,43.42431,0
            6.76413,43.42431,0
            6.76413,43.4243,0
            6.76415,43.4243,0
            6.76416,43.42429,0
            6.76417,43.42429,0
            6.76418,43.42428,0
            6.7643,43.42428,0
            6.76431,43.42429,0
            6.76433,43.42429,0
            6.76433,43.4243,0
            6.76435,43.4243,0
            6.76436,43.42431,0
            6.76466,43.42428,0
            6.76477,43.42428,0
            6.76568,43.42415,0
            6.76578,43.42409,0
            6.76593,43.42402,0
            6.766,43.42397,0
            6.76606,43.42391,0
            6.76617,43.42376,0
            6.76621,43.42366,0
            6.76621,43.42365,0
            6.76622,43.42361,0
            6.76623,43.42354,0
            6.76623,43.42343,0
            6.76619,43.42329,0
            6.76607,43.42295,0
            6.76606,43.4229,0
            6.76601,43.42275,0
            6.76597,43.4226,0
            6.76597,43.42255,0
            6.76595,43.42242,0
            6.76595,43.42231,0
            6.76598,43.42219,0
            6.76602,43.42212,0
            6.76608,43.42206,0
            6.76613,43.42202,0
            6.76625,43.42197,0
            6.76862,43.4216,0
            6.76886,43.42154,0
            6.76908,43.42147,0
            6.76937,43.4213,0
            6.76939,43.42128,0
            6.76946,43.42126,0
            6.76949,43.42126,0
            6.76955,43.42128,0
            6.76956,43.42129,0
            6.76957,43.42131,0
            6.76958,43.42132,0
            6.7696,43.42136,0
            6.7696,43.42139,0
            6.76961,43.42143,0
            6.76961,43.42149,0
            6.76958,43.42154,0
            6.7695,43.42163,0
            6.76947,43.42165,0
            6.76945,43.42169,0
            6.76943,43.4217,0
            6.76943,43.42172,0
            6.76942,43.42173,0
            6.76942,43.42182,0
            6.76958,43.42229,0
            6.76958,43.42231,0
            6.76965,43.42254,0
            6.76965,43.42261,0
            6.76964,43.42263,0
            6.76964,43.42265,0
            6.76963,43.42266,0
            6.76963,43.42267,0
            6.76961,43.42269,0
            6.76959,43.42272,0
            6.76926,43.42304,0
            6.76926,43.42313,0
            6.76925,43.42314,0
            6.76924,43.42316,0
            6.76918,43.42323,0
            6.76907,43.42334,0
            6.76905,43.42335,0
            6.769,43.42341,0
            6.76898,43.42342,0
            6.76863,43.42375,0
            6.76859,43.42377,0
            6.76856,43.42379,0
            6.7684,43.42385,0
            6.76834,43.42379,0
            6.76811,43.42386,0
            6.76763,43.42397,0
            6.76728,43.42401,0
            6.76712,43.42404,0
            6.76694,43.42406,0
            6.7667,43.42413,0
            6.76665,43.42413,0
            6.76657,43.42412,0
            6.76644,43.42407,0
            6.7664,43.42403,0
            6.76639,43.42401,0
            6.76637,43.42388,0
            6.76632,43.42367,0
            6.76628,43.42354,0
            6.76623,43.42343,0
            6.76619,43.42329,0
            6.76607,43.42295,0
            6.76606,43.4229,0
            6.76601,43.42275,0
            6.76597,43.4226,0
            6.76593,43.42256,0
            6.76591,43.4225,0
            6.76589,43.42246,0
            6.76589,43.42244,0
            6.76588,43.4224,0
            6.76588,43.42225,0
            6.76592,43.42215,0
            6.76592,43.42214,0
            6.76593,43.42211,0
            6.76598,43.42204,0
            6.76605,43.42199,0
            6.76608,43.42196,0
            6.76611,43.42194,0
            6.76615,43.42193,0
            6.7662,43.42191,0
            6.76734,43.42174,0
            6.76765,43.42168,0
            6.76857,43.42154,0
            6.76872,43.42151,0
            6.76894,43.42144,0
            6.76904,43.42139,0
            6.7691,43.42137,0
            6.76933,43.42123,0
            6.76942,43.42115,0
            6.76945,43.42111,0
            6.76949,43.42108,0
            6.76963,43.42089,0
            6.77008,43.41993,0
            6.77013,43.41985,0
            6.77018,43.4198,0
            6.77023,43.41974,0
            6.77029,43.41968,0
            6.77044,43.41959,0
            6.77054,43.41954,0
            6.7706,43.4195,0
            6.77076,43.41943,0
            6.77076,43.41942,0
            6.77077,43.4194,0
            6.77079,43.41938,0
            6.77082,43.41936,0
            6.77085,43.41935,0
            6.77091,43.41935,0
            6.77094,43.41936,0
            6.77096,43.41938,0
            6.77116,43.41935,0
            6.77137,43.4193,0
            6.77151,43.41928,0
            6.77253,43.41908,0
            6.77256,43.41908,0
            6.77302,43.41898,0
            6.77336,43.41889,0
            6.7736,43.41881,0
            6.77372,43.41875,0
            6.77438,43.41835,0
            6.77439,43.41834,0
            6.77461,43.4182,0
            6.77464,43.41819,0
            6.7748,43.41808,0
            6.77499,43.41793,0
            6.77549,43.41757,0
            6.77562,43.41746,0
            6.77565,43.41744,0
            6.77578,43.41732,0
            6.77597,43.41712,0
            6.77599,43.41709,0
            6.776,43.41708,0
            6.776,43.41707,0
            6.77601,43.41706,0
            6.77603,43.41702,0
            6.77603,43.41694,0
            6.77601,43.41693,0
            6.776,43.41692,0
            6.77599,43.4169,0
            6.77598,43.41689,0
            6.77598,43.41685,0
            6.77599,43.41684,0
            6.776,43.41682,0
            6.77601,43.41681,0
            6.77607,43.41678,0
            6.77609,43.41678,0
            6.77626,43.41668,0
            6.77644,43.41646,0
            6.77653,43.41637,0
            6.7766,43.41631,0
            6.77676,43.4162,0
            6.77686,43.41614,0
            6.77705,43.41605,0
            6.77711,43.41601,0
            6.77812,43.41553,0
            6.77838,43.41542,0
            6.77866,43.41534,0
            6.77901,43.41527,0
            6.77913,43.41526,0
            6.77935,43.41519,0
            6.77953,43.41512,0
            6.77958,43.41507,0
            6.77976,43.41496,0
            6.77991,43.41484,0
            6.77994,43.4148,0
            6.78001,43.41465,0
            6.78001,43.41459,0
            6.78002,43.41457,0
            6.78005,43.41454,0
            6.78006,43.41452,0
            6.78007,43.41452,0
            6.78008,43.41451,0
            6.7801,43.4145,0
            6.78011,43.4145,0
            6.78013,43.41449,0
            6.7802,43.41449,0
            6.78027,43.41451,0
            6.78028,43.41451,0
            6.78033,43.4145,0
            6.7804,43.4145,0
            6.78054,43.41447,0
            6.78068,43.41443,0
            6.78073,43.41441,0
            6.78078,43.4144,0
            6.78098,43.4143,0
            6.78105,43.41428,0
            6.78125,43.41413,0
            6.78134,43.41405,0
            6.78177,43.41351,0
            6.78182,43.41348,0
            6.78195,43.41336,0
            6.78209,43.41326,0
            6.78237,43.41312,0
            6.78278,43.41295,0
            6.78295,43.41286,0
            6.78322,43.41268,0
            6.78343,43.41252,0
            6.78375,43.4123,0
            6.78378,43.41227,0
            6.78391,43.41218,0
            6.78395,43.41216,0
            6.78399,43.41213,0
            6.78403,43.41211,0
            6.78406,43.41209,0
            6.78477,43.41181,0
            6.78482,43.41176,0
            6.78488,43.41172,0
            6.78499,43.41163,0
            6.78502,43.4116,0
            6.78513,43.41152,0
            6.78523,43.41147,0
            6.78531,43.41142,0
            6.7854,43.41138,0
            6.78544,43.41137,0
            6.78545,43.41137,0
            6.78595,43.41125,0
            6.78624,43.4112,0
            6.78634,43.41121,0
            6.78649,43.41121,0
            6.78665,43.41122,0
            6.78667,43.41123,0
            6.78682,43.41124,0
            6.78786,43.41139,0
            6.78798,43.4114,0
            6.78818,43.41143,0
            6.78844,43.41152,0
            6.78848,43.41154,0
            6.78851,43.41155,0
            6.78973,43.41221,0
            6.78985,43.41229,0
            6.78991,43.41232,0
            6.78995,43.41233,0
            6.79006,43.41237,0
            6.79054,43.41247,0
            6.79111,43.41256,0
            6.79127,43.4126,0
            6.79129,43.41261,0
            6.79153,43.41267,0
            6.79192,43.41281,0
            6.79198,43.41282,0
            6.79246,43.413,0
            6.79254,43.41304,0
            6.79374,43.41346,0
            6.79379,43.41347,0
            6.79421,43.4136,0
            6.79424,43.41362,0
            6.79443,43.41367,0
            6.79447,43.41369,0
            6.79453,43.4137,0
            6.7947,43.41376,0
            6.7952,43.41391,0
            6.79521,43.41391,0
            6.7959,43.41412,0
            6.79598,43.41415,0
            6.79613,43.41418,0
            6.79649,43.41423,0
            6.79657,43.41425,0
            6.79662,43.41425,0
            6.79666,43.41426,0
            6.79677,43.41426,0
            6.79695,43.41424,0
            6.797,43.41424,0
            6.79755,43.41416,0
            6.79804,43.41407,0
            6.79949,43.41387,0
            6.79974,43.41385,0
            6.79992,43.41385,0
            6.80016,43.4139,0
            6.80023,43.41393,0
            6.80092,43.41417,0
            6.80106,43.4142,0
            6.8038,43.41465,0
            6.80394,43.41468,0
            6.80403,43.41469,0
            6.80406,43.41469,0
            6.80409,43.4147,0
            6.80415,43.41471,0
            6.80421,43.41471,0
            6.80425,43.41472,0
            6.80438,43.41472,0
            6.80454,43.41473,0
            6.80489,43.41473,0
            6.80528,43.41471,0
            6.80728,43.4147,0
            6.80737,43.41471,0
            6.80782,43.41471,0
            6.80794,43.41473,0
            6.80806,43.41474,0
            6.81168,43.4153,0
            6.8121,43.41539,0
            6.81234,43.41547,0
            6.81249,43.41551,0
            6.81263,43.41557,0
            6.81456,43.41626,0
            6.81533,43.4165,0
            6.81534,43.41651,0
            6.81635,43.41674,0
            6.81663,43.41678,0
            6.81666,43.41678,0
            6.8168,43.4168,0
            6.8173,43.41684,0
            6.81731,43.41685,0
            6.81887,43.41691,0
            6.81898,43.4169,0
            6.81959,43.41695,0
            6.81965,43.41696,0
            6.81989,43.41698,0
            6.82082,43.41712,0
            6.82125,43.41722,0
            6.82147,43.4173,0
            6.82152,43.41731,0
            6.82189,43.41749,0
            6.82192,43.4175,0
            6.82229,43.4177,0
            6.82237,43.41773,0
            6.82243,43.41776,0
            6.82257,43.41779,0
            6.82265,43.4178,0
            6.82287,43.4178,0
            6.82352,43.41774,0
            6.82374,43.41774,0
            6.82388,43.41773,0
            6.82438,43.41773,0
            6.82538,43.41787,0
            6.8254,43.41787,0
            6.82683,43.4181,0
            6.82703,43.41816,0
            6.82832,43.41866,0
            6.82843,43.41869,0
            6.82867,43.41878,0
            6.82878,43.41881,0
            6.829,43.41884,0
            6.82923,43.41884,0
            6.82936,43.41882,0
            6.82941,43.4188,0
            6.82955,43.41877,0
            6.83029,43.41856,0
            6.83075,43.41839,0
            6.83083,43.41835,0
            6.83358,43.41719,0
            6.83379,43.41709,0
            6.83408,43.41692,0
            6.83426,43.41684,0
            6.83441,43.4168,0
            6.83452,43.41678,0
            6.83479,43.41676,0
            6.83492,43.41676,0
            6.83505,43.41675,0
            6.83513,43.41676,0
            6.83515,43.41677,0
            6.83519,43.41677,0
            6.83526,43.41678,0
            6.83586,43.41693,0
            6.8359,43.41693,0
            6.83605,43.41696,0
            6.83668,43.41697,0
            6.83709,43.417,0
            6.83719,43.417,0
            6.83813,43.41706,0
            6.84001,43.41726,0
            6.84012,43.41728,0
            6.8402,43.41728,0
            6.84114,43.41739,0
            6.84372,43.41758,0
            6.84391,43.41761,0
            6.84654,43.41788,0
            6.84816,43.41808,0
            6.84905,43.41824,0
            6.84911,43.41824,0
            6.84914,43.41821,0
            6.84916,43.4182,0
            6.84917,43.4182,0
            6.8492,43.41819,0
            6.84928,43.41819,0
            6.84931,43.4182,0
            6.84933,43.4182,0
            6.84935,43.41822,0
            6.84937,43.41823,0
            6.84939,43.41825,0
            6.84939,43.41826,0
            6.84948,43.4183,0
            6.84967,43.41836,0
            6.85056,43.41851,0
            6.85063,43.41853,0
            6.8507,43.41854,0
            6.85132,43.41871,0
            6.85162,43.41882,0
            6.85219,43.41909,0
            6.8531,43.4196,0
            6.85318,43.41963,0
            6.85328,43.41968,0
            6.85347,43.41976,0
            6.85373,43.41984,0
            6.85402,43.41991,0
            6.85416,43.41993,0
            6.85425,43.41995,0
            6.85534,43.42005,0
            6.85536,43.42006,0
            6.85624,43.42014,0
            6.8563,43.42016,0
            6.85637,43.42017,0
            6.85648,43.4202,0
            6.85663,43.42026,0
            6.85666,43.42028,0
            6.85669,43.42029,0
            6.85679,43.42035,0
            6.85716,43.42061,0
            6.85721,43.42067,0
            6.85726,43.42072,0
            6.85729,43.42077,0
            6.85735,43.42085,0
            6.85744,43.421,0
            6.85755,43.42121,0
            6.85756,43.42125,0
            6.85758,43.42129,0
            6.85758,43.42144,0
            6.85756,43.42148,0
            6.85739,43.42199,0
            6.85736,43.42205,0
            6.85733,43.42219,0
            6.85733,43.42234,0
            6.85739,43.42253,0
            6.85751,43.42273,0
            6.8576,43.4229,0
            6.85761,43.42294,0
            6.85762,43.42296,0
            6.85762,43.42297,0
            6.85763,43.42301,0
            6.85763,43.42307,0
            6.85762,43.42311,0
            6.85762,43.42315,0
            6.85761,43.42319,0
            6.85761,43.4232,0
            6.85759,43.42325,0
            6.85758,43.42332,0
            6.85756,43.42337,0
            6.85748,43.42371,0
            6.85746,43.42374,0
            6.85745,43.42378,0
            6.85739,43.42387,0
            6.85726,43.424,0
            6.8571,43.42411,0
            6.85706,43.42412,0
            6.85681,43.42423,0
            6.8568,43.42423,0
            6.85633,43.42441,0
            6.85621,43.42447,0
            6.85617,43.42452,0
            6.85611,43.42456,0
            6.85606,43.42461,0
            6.856,43.42469,0
            6.85599,43.42473,0
            6.85597,43.42477,0
            6.85597,43.42481,0
            6.85596,43.42485,0
            6.85597,43.42488,0
            6.85598,43.42531,0
            6.85597,43.42545,0
            6.85597,43.42555,0
            6.85598,43.42558,0
            6.856,43.42562,0
            6.85607,43.42569,0
            6.8561,43.42571,0
            6.85618,43.42575,0
            6.85626,43.42577,0
            6.85633,43.42578,0
            6.85644,43.42578,0
            6.85653,43.42579,0
            6.85665,43.42579,0
            6.85673,43.42578,0
            6.85683,43.42578,0
            6.85693,43.4258,0
            6.85707,43.42584,0
            6.85713,43.42587,0
            6.85719,43.42591,0
            6.85725,43.42596,0
            6.85779,43.42651,0
            6.8579,43.42664,0
            6.85791,43.42664,0
            6.85792,43.42666,0
            6.85799,43.42674,0
            6.85803,43.4268,0
            6.85806,43.42686,0
            6.85807,43.42689,0
            6.85807,43.42692,0
            6.85811,43.42706,0
            6.85813,43.42716,0
            6.85813,43.4272,0
            6.85811,43.42726,0
            6.8581,43.42728,0
            6.85807,43.42731,0
            6.85805,43.42734,0
            6.85802,43.42736,0
            6.858,43.42738,0
            6.85798,43.42739,0
            6.85794,43.4274,0
            6.8579,43.42742,0
            6.85753,43.42753,0
            6.85739,43.42758,0
            6.85735,43.4276,0
            6.85732,43.42762,0
            6.85728,43.42764,0
            6.85725,43.42767,0
            6.85717,43.4278,0
            6.85716,43.42784,0
            6.85716,43.42787,0
            6.85715,43.4279,0
            6.85715,43.42795,0
            6.85714,43.42803,0
            6.85714,43.42806,0
            6.85713,43.42811,0
            6.85713,43.42815,0
            6.8571,43.42825,0
            6.85708,43.42829,0
            6.85706,43.42832,0
            6.85662,43.42878,0
            6.8566,43.42881,0
            6.85657,43.42884,0
            6.85654,43.42888,0
            6.85652,43.42892,0
            6.8565,43.42895,0
            6.85649,43.429,0
            6.85647,43.42905,0
            6.85647,43.42907,0
            6.85646,43.42912,0
            6.85646,43.42915,0
            6.85649,43.42927,0
            6.85655,43.42946,0
            6.85656,43.42951,0
            6.85657,43.42954,0
            6.85657,43.42959,0
            6.85656,43.42961,0
            6.85655,43.42967,0
            6.85652,43.42973,0
            6.85647,43.42987,0
            6.85646,43.42989,0
            6.85646,43.42992,0
            6.85647,43.42997,0
            6.85659,43.43037,0
            6.85685,43.43102,0
            6.85687,43.43105,0
            6.85689,43.43109,0
            6.85689,43.4311,0
            6.8571,43.43138,0
            6.85711,43.43141,0
            6.85713,43.43144,0
            6.85718,43.43159,0
            6.85725,43.43195,0
            6.85728,43.43222,0
            6.85733,43.4324,0
            6.85739,43.43251,0
            6.85754,43.43271,0
            6.85766,43.43282,0
            6.85787,43.43294,0
            6.8581,43.43304,0
            6.85827,43.4331,0
            6.8583,43.43312,0
            6.85882,43.43335,0
            6.85895,43.43338,0
            6.85911,43.43343,0
            6.85913,43.43343,0
            6.85914,43.43342,0
            6.85924,43.43342,0
            6.85925,43.43343,0
            6.85927,43.43343,0
            6.85927,43.43344,0
            6.85929,43.43344,0
            6.85929,43.43345,0
            6.8593,43.43345,0
            6.8593,43.43346,0
            6.85931,43.43346,0
            6.85931,43.43347,0
            6.85932,43.43347,0
            6.85932,43.43349,0
            6.85933,43.43349,0
            6.85933,43.43353,0
            6.85965,43.43369,0
            6.86017,43.43392,0
            6.86024,43.43398,0
            6.86049,43.43405,0
            6.86075,43.43409,0
            6.86214,43.43424,0
            6.86414,43.43431,0
            6.86447,43.43429,0
            6.86589,43.43409,0
            6.8661,43.43407,0
            6.86712,43.43392,0
            6.86734,43.43385,0
            6.86744,43.43381,0
            6.86781,43.43363,0
            6.8686,43.43318,0
            6.86889,43.43303,0
            6.86907,43.43292,0
            6.86912,43.43287,0
            6.86915,43.43283,0
            6.86918,43.43278,0
            6.8692,43.43276,0
            6.86926,43.43254,0
            6.86929,43.4323,0
            6.86932,43.43216,0
            6.8693,43.43211,0
            6.8693,43.43205,0
            6.86932,43.43193,0
            6.86934,43.43187,0
            6.86936,43.43183,0
            6.8695,43.43164,0
            6.86957,43.43156,0
            6.87035,43.43089,0
            6.87046,43.43078,0
            6.87088,43.43041,0
            6.87095,43.43033,0
            6.87099,43.43027,0
            6.87101,43.43021,0
            6.87103,43.43017,0
            6.87109,43.42999,0
            6.87138,43.42879,0
            6.87144,43.42864,0
            6.8715,43.42846,0
            6.87151,43.42836,0
            6.8715,43.42829,0
            6.87147,43.42821,0
            6.87145,43.42817,0
            6.87141,43.42806,0
            6.87136,43.42799,0
            6.87133,43.42789,0
            6.87133,43.42783,0
            6.87132,43.42778,0
            6.87134,43.42761,0
            6.87137,43.42746,0
            6.87139,43.42724,0
            6.87139,43.42715,0
            6.87137,43.4271,0
            6.87135,43.42707,0
            6.87134,43.42704,0
            6.87113,43.42673,0
            6.87109,43.42659,0
            6.8711,43.42656,0
            6.87111,43.42651,0
            6.87112,43.42648,0
            6.87113,43.42647,0
            6.87115,43.42643,0
            6.87117,43.4264,0
            6.87128,43.42629,0
            6.87134,43.42627,0
            6.87138,43.42624,0
            6.87141,43.42623,0
            6.87156,43.4262,0
            6.87175,43.42618,0
            6.87206,43.42618,0
            6.87222,43.4262,0
            6.87243,43.42627,0
            6.87258,43.42638,0
            6.87303,43.42679,0
            6.87321,43.42694,0
            6.87328,43.42699,0
            6.87342,43.42706,0
            6.87348,43.42708,0
            6.87359,43.4271,0
            6.87362,43.42711,0
            6.87381,43.42711,0
            6.8739,43.42712,0
            6.87395,43.42712,0
            6.87402,43.42714,0
            6.87409,43.42715,0
            6.8742,43.42719,0
            6.87447,43.42725,0
            6.87454,43.42725,0
            6.87461,43.42724,0
            6.87467,43.42724,0
            6.87476,43.42721,0
            6.87482,43.4272,0
            6.87499,43.42714,0
            6.875,43.42714,0
            6.87577,43.42691,0
            6.87591,43.42688,0
            6.87596,43.42688,0
            6.87602,43.42687,0
            6.87732,43.42687,0
            6.87754,43.42688,0
            6.87772,43.42691,0
            6.87776,43.42693,0
            6.8778,43.42694,0
            6.87787,43.42698,0
            6.87798,43.42706,0
            6.87804,43.42712,0
            6.87804,43.42713,0
            6.87807,43.42717,0
            6.87811,43.42727,0
            6.87821,43.42775,0
            6.87822,43.42787,0
            6.87823,43.42789,0
            6.87823,43.42792,0
            6.87825,43.42806,0
            6.87826,43.42807,0
            6.87827,43.42814,0
            6.8783,43.4282,0
            6.87831,43.42823,0
            6.87834,43.42825,0
            6.87837,43.42828,0
            6.87843,43.42832,0
            6.87847,43.42834,0
            6.8785,43.42836,0
            6.87853,43.42837,0
            6.87858,43.42837,0
            6.87863,43.42838,0
            6.87869,43.42838,0
            6.87873,43.42837,0
            6.87882,43.42837,0
            6.87989,43.42825,0
            6.88019,43.42825,0
            6.88026,43.42826,0
            6.8808,43.4283,0
            6.88091,43.42832,0
            6.88096,43.42832,0
            6.88101,43.42833,0
            6.88107,43.42835,0
            6.88117,43.4284,0
            6.88118,43.4284,0
            6.88127,43.42849,0
            6.88136,43.42866,0
            6.88141,43.42874,0
            6.88145,43.42877,0
            6.88148,43.4288,0
            6.88151,43.42882,0
            6.88157,43.42885,0
            6.88168,43.42889,0
            6.88174,43.4289,0
            6.88177,43.42891,0
            6.88194,43.42893,0
            6.88202,43.42893,0
            6.88247,43.42896,0
            6.88267,43.42896,0
            6.88288,43.42893,0
            6.8834,43.42878,0
            6.88357,43.42874,0
            6.88379,43.42872,0
            6.88398,43.42872,0
            6.88471,43.42881,0
            6.88521,43.42884,0
            6.88538,43.42884,0
            6.88551,43.42885,0
            6.88559,43.42885,0
            6.88581,43.42883,0
            6.88593,43.42883,0
            6.88598,43.42884,0
            6.886,43.42885,0
            6.88609,43.42887,0
            6.88612,43.42889,0
            6.8863,43.42897,0
            6.88635,43.429,0
            6.88644,43.42902,0
            6.88653,43.42905,0
            6.88719,43.4292,0
            6.88745,43.4292,0
            6.88751,43.42919,0
            6.88758,43.42919,0
            6.88788,43.42914,0
            6.88812,43.42906,0
            6.88817,43.42905,0
            6.88818,43.42905,0
            6.88835,43.42901,0
            6.88845,43.42901,0
            6.88939,43.42913,0
            6.88943,43.42913,0
            6.88947,43.42914,0
            6.88958,43.42914,0
            6.89032,43.4291,0
            6.89044,43.4291,0
            6.89051,43.42912,0
            6.89055,43.42912,0
            6.8906,43.42914,0
            6.89071,43.42917,0
            6.89091,43.42925,0
            6.89113,43.42932,0
            6.89136,43.42941,0
            6.89142,43.42944,0
            6.8915,43.42947,0
            6.89168,43.42958,0
            6.89184,43.42969,0
            6.89195,43.42974,0
            6.892,43.42975,0
            6.89219,43.42982,0
            6.89232,43.42988,0
            6.89237,43.42991,0
            6.89242,43.42995,0
            6.89247,43.42998,0
            6.89252,43.43002,0
            6.89265,43.43015,0
            6.89274,43.43026,0
            6.89278,43.4303,0
            6.893,43.43056,0
            6.89306,43.43062,0
            6.89312,43.43072,0
            6.89314,43.43074,0
            6.8932,43.43091,0
            6.89331,43.43143,0
            6.89336,43.43152,0
            6.89418,43.43257,0
            6.89421,43.43263,0
            6.89422,43.43264,0
            6.89427,43.43275,0
            6.89435,43.43298,0
            6.89438,43.43312,0
            6.89438,43.43322,0
            6.89437,43.43326,0
            6.89437,43.43329,0
            6.89434,43.43335,0
            6.89429,43.43341,0
            6.89423,43.4335,0
            6.89421,43.43354,0
            6.89421,43.43356,0
            6.8942,43.43358,0
            6.8942,43.43359,0
            6.89421,43.43361,0
            6.89421,43.43365,0
            6.89422,43.43368,0
            6.89425,43.43374,0
            6.89429,43.4338,0
            6.89445,43.434,0
            6.89447,43.43404,0
            6.89449,43.43407,0
            6.89452,43.43415,0
            6.89452,43.43421,0
            6.89449,43.43432,0
            6.89444,43.43437,0
            6.89441,43.43439,0
            6.89435,43.43442,0
            6.89427,43.43444,0
            6.89425,43.43445,0
            6.89417,43.43446,0
            6.89411,43.43448,0
            6.89405,43.43449,0
            6.8938,43.43456,0
            6.89367,43.43462,0
            6.8936,43.43467,0
            6.89357,43.43468,0
            6.89309,43.435,0
            6.89289,43.43518,0
            6.89275,43.43532,0
            6.89271,43.43535,0
            6.89261,43.43547,0
            6.89255,43.43557,0
            6.89251,43.43566,0
            6.89249,43.43572,0
            6.89229,43.43671,0
            6.89225,43.4368,0
            6.89218,43.43691,0
            6.89212,43.43698,0
            6.89207,43.43707,0
            6.89205,43.43716,0
            6.89205,43.43719,0
            6.89209,43.43731,0
            6.89219,43.43753,0
            6.89226,43.43762,0
            6.89231,43.43767,0
            6.89234,43.43768,0
            6.89242,43.43772,0
            6.89246,43.43773,0
            6.89248,43.43774,0
            6.89252,43.43774,0
            6.89256,43.43775,0
            6.89266,43.43775,0
            6.89273,43.43774,0
            6.89277,43.43773,0
            6.89287,43.43772,0
            6.89312,43.43772,0
            6.89384,43.43795,0
            6.89438,43.43804,0
            6.89444,43.43804,0
            6.89508,43.43814,0
            6.8952,43.43817,0
            6.89528,43.43818,0
            6.8956,43.43828,0
            6.89567,43.43831,0
            6.89572,43.43834,0
            6.89575,43.43835,0
            6.8958,43.4384,0
            6.89584,43.43846,0
            6.89588,43.43863,0
            6.8959,43.43869,0
            6.89591,43.43874,0
            6.89596,43.43881,0
            6.896,43.43884,0
            6.89604,43.43888,0
            6.89646,43.43921,0
            6.89661,43.43934,0
            6.89663,43.43937,0
            6.89665,43.43939,0
            6.8967,43.43947,0
            6.89671,43.43953,0
            6.89673,43.4396,0
            6.89674,43.4397,0
            6.89677,43.43984,0
            6.89678,43.43993,0
            6.89678,43.44002,0
            6.89677,43.44007,0
            6.89675,43.44011,0
            6.89674,43.44015,0
            6.89673,43.44017,0
            6.89673,43.44019,0
            6.89671,43.44027,0
            6.89672,43.44031,0
            6.89672,43.44034,0
            6.89673,43.44037,0
            6.89676,43.44042,0
            6.89679,43.44045,0
            6.89683,43.44048,0
            6.89687,43.4405,0
            6.897,43.44054,0
            6.89703,43.44054,0
            6.89707,43.44055,0
            6.89712,43.44054,0
            6.89796,43.44048,0
            6.89819,43.44048,0
            6.89833,43.4405,0
            6.89839,43.44052,0
            6.8985,43.44058,0
            6.89859,43.44065,0
            6.89872,43.44077,0
            6.8988,43.4409,0
            6.89881,43.44093,0
            6.89881,43.44096,0
            6.89882,43.44098,0
            6.89882,43.44104,0
            6.89881,43.44107,0
            6.89879,43.4411,0
            6.89874,43.44115,0
            6.89869,43.44118,0
            6.8986,43.44122,0
            6.89848,43.44125,0
            6.89841,43.44126,0
            6.89821,43.44132,0
            6.8981,43.44138,0
            6.89807,43.44142,0
            6.89804,43.44148,0
            6.89804,43.4415,0
            6.89803,43.44155,0
            6.89803,43.44159,0
            6.89804,43.44163,0
            6.89804,43.44169,0
            6.89807,43.44178,0
            6.89807,43.44181,0
            6.89811,43.44187,0
            6.89817,43.44193,0
            6.89897,43.44262,0
            6.89904,43.44266,0
            6.89914,43.44273,0
            6.89926,43.4428,0
            6.89942,43.44288,0
            6.89945,43.4429,0
            6.89997,43.44314,0
            6.90003,43.44318,0
            6.90005,43.44321,0
            6.9001,43.44325,0
            6.90014,43.4433,0
            6.90027,43.4434,0
            6.90047,43.44351,0
            6.90125,43.44376,0
            6.90127,43.44377,0
            6.90128,43.44377,0
            6.90146,43.44383,0
            6.90147,43.44383,0
            6.9016,43.44386,0
            6.9017,43.44387,0
            6.90181,43.44387,0
            6.9019,43.44386,0
            6.90221,43.44386,0
            6.90226,43.44387,0
            6.90231,43.44387,0
            6.90236,43.44388,0
            6.90241,43.4439,0
            6.90307,43.44407,0
            6.90311,43.44409,0
            6.90315,43.4441,0
            6.90321,43.44414,0
            6.90325,43.44418,0
            6.90327,43.44421,0
            6.90328,43.44424,0
            6.90329,43.44436,0
            6.90329,43.44447,0
            6.90331,43.44452,0
            6.90333,43.44454,0
            6.90335,43.44457,0
            6.90337,43.44458,0
            6.90339,43.4446,0
            6.90344,43.44463,0
            6.90349,43.44465,0
            6.90353,43.44466,0
            6.90356,43.44466,0
            6.90378,43.4447,0
            6.9038,43.4447,0
            6.90388,43.44473,0
            6.90392,43.44475,0
            6.90393,43.44475,0
            6.90396,43.44478,0
            6.90399,43.4448,0
            6.90402,43.44484,0
            6.90404,43.44489,0
            6.90404,43.44491,0
            6.90406,43.44495,0
            6.90406,43.445,0
            6.90405,43.44503,0
            6.90405,43.44505,0
            6.90386,43.44532,0
            6.90384,43.44536,0
            6.90381,43.44545,0
            6.90381,43.4455,0
            6.9038,43.44556,0
            6.9038,43.44561,0
            6.90382,43.44567,0
            6.90384,43.4457,0
            6.90387,43.44573,0
            6.90391,43.44575,0
            6.90394,43.44577,0
            6.90401,43.4458,0
            6.90408,43.44582,0
            6.90457,43.44588,0
            6.90473,43.44589,0
            6.90487,43.44591,0
            6.90494,43.44591,0
            6.90537,43.44584,0
            6.90542,43.44584,0
            6.90555,43.44586,0
            6.9056,43.44586,0
            6.90575,43.44592,0
            6.9058,43.44595,0
            6.90584,43.44599,0
            6.90592,43.44609,0
            6.90595,43.44614,0
            6.90599,43.44618,0
            6.90604,43.44622,0
            6.90615,43.44628,0
            6.90625,43.44632,0
            6.90627,43.44632,0
            6.90665,43.44645,0
            6.90672,43.44648,0
            6.90677,43.44649,0
            6.90682,43.44651,0
            6.90686,43.44652,0
            6.90694,43.44652,0
            6.90697,43.44653,0
            6.907,43.44652,0
            6.90705,43.44652,0
            6.90715,43.4465,0
            6.90728,43.44646,0
            6.90735,43.44643,0
            6.90753,43.44637,0
            6.90771,43.44637,0
            6.90773,43.44638,0
            6.90783,43.4464,0
            6.90796,43.44646,0
            6.90799,43.44648,0
            6.90832,43.44664,0
            6.9084,43.44669,0
            6.90851,43.44674,0
            6.90854,43.44677,0
            6.90858,43.44679,0
            6.90861,43.44682,0
            6.90869,43.44693,0
            6.9087,43.44695,0
            6.9087,43.44697,0
            6.90871,43.44699,0
            6.90871,43.44706,0
            6.90869,43.4471,0
            6.90868,43.44713,0
            6.90865,43.44719,0
            6.90864,43.4472,0
            6.90863,43.44722,0
            6.90863,43.44727,0
            6.90865,43.44731,0
            6.90866,43.44732,0
            6.90867,43.44734,0
            6.90869,43.44735,0
            6.90871,43.44737,0
            6.90874,43.44739,0
            6.90882,43.44743,0
            6.90888,43.44744,0
            6.90899,43.44747,0
            6.90923,43.44752,0
            6.90926,43.44752,0
            6.90966,43.4476,0
            6.90971,43.44762,0
            6.9098,43.44764,0
            6.91004,43.44771,0
            6.91025,43.44776,0
            6.91039,43.44778,0
            6.91041,43.44778,0
            6.91056,43.4478,0
            6.91066,43.4478,0
            6.91089,43.44782,0
            6.9109,43.44783,0
            6.91134,43.44786,0
            6.91143,43.44788,0
            6.91151,43.44789,0
            6.91186,43.44798,0
            6.91186,43.44799,0
            6.91229,43.44815,0
            6.91251,43.44822,0
            6.91253,43.44822,0
            6.91262,43.44824,0
            6.91278,43.44824,0
            6.91283,43.44823,0
            6.91293,43.44822,0
            6.91311,43.44822,0
            6.91323,43.44824,0
            6.91334,43.44827,0
            6.91343,43.44831,0
            6.9135,43.44833,0
            6.91361,43.44838,0
            6.91362,43.44839,0
            6.91391,43.44851,0
            6.91401,43.44856,0
            6.91405,43.44857,0
            6.91408,43.44859,0
            6.91416,43.44863,0
            6.91422,43.44867,0
            6.91425,43.4487,0
            6.91428,43.44872,0
            6.9144,43.44887,0
            6.91445,43.44891,0
            6.9145,43.44896,0
            6.91468,43.44909,0
            6.91479,43.44915,0
            6.91499,43.44924,0
            6.91508,43.44927,0
            6.91528,43.4493,0
            6.91537,43.4493,0
            6.91546,43.44931,0
            6.91552,43.44931,0
            6.91556,43.44932,0
            6.91559,43.44932,0
            6.91565,43.44933,0
            6.9157,43.44935,0
            6.91575,43.44938,0
            6.91579,43.44939,0
            6.91582,43.44941,0
            6.9159,43.44949,0
            6.91592,43.44952,0
            6.91598,43.44959,0
            6.916,43.44963,0
            6.91607,43.4497,0
            6.91613,43.44974,0
            6.91615,43.44976,0
            6.91628,43.44981,0
            6.91632,43.44981,0
            6.91643,43.44983,0
            6.91648,43.44982,0
            6.91652,43.44982,0
            6.91656,43.44981,0
            6.91664,43.4498,0
            6.91681,43.44973,0
            6.9169,43.44968,0
            6.91708,43.44956,0
            6.91725,43.44947,0
            6.91736,43.44943,0
            6.91751,43.4494,0
            6.91802,43.44941,0
            6.91823,43.44945,0
            6.91829,43.44947,0
            6.91834,43.4495,0
            6.91838,43.44953,0
            6.91843,43.44962,0
            6.91845,43.44968,0
            6.91846,43.44974,0
            6.91846,43.44978,0
            6.91844,43.44984,0
            6.9184,43.44988,0
            6.91837,43.44994,0
            6.91827,43.45007,0
            6.91824,43.45014,0
            6.91824,43.45022,0
            6.91827,43.45031,0
            6.91833,43.45039,0
            6.91861,43.45065,0
            6.91864,43.45067,0
            6.91881,43.45084,0
            6.91895,43.45095,0
            6.91906,43.45102,0
            6.91918,43.45108,0
            6.91937,43.45116,0
            6.91962,43.45128,0
            6.91972,43.45132,0
            6.9198,43.45137,0
            6.9199,43.45145,0
            6.92002,43.45163,0
            6.92007,43.45174,0
            6.92009,43.45182,0
            6.92008,43.45189,0
            6.92005,43.45197,0
            6.91988,43.45221,0
            6.91982,43.45232,0
            6.9198,43.45239,0
            6.91978,43.4525,0
            6.91994,43.45298,0
            6.92023,43.45374,0
            6.92029,43.45386,0
            6.92029,43.45388,0
            6.92031,43.4539,0
            6.92033,43.45395,0
            6.92049,43.45408,0
            6.92065,43.45416,0
            6.92077,43.45424,0
            6.92085,43.45431,0
            6.92109,43.45456,0
            6.92115,43.45465,0
            6.92118,43.45471,0
            6.92121,43.45481,0
            6.92127,43.4551,0
            6.92127,43.45512,0
            6.9214,43.4559,0
            6.9214,43.45596,0
            6.92141,43.45599,0
            6.92141,43.45611,0
            6.92139,43.45617,0
            6.92128,43.45629,0
            6.92121,43.45633,0
            6.92112,43.45637,0
            6.92098,43.45641,0
            6.92038,43.45648,0
            6.92029,43.4565,0
            6.92013,43.45655,0
            6.92,43.45661,0
            6.91982,43.45674,0
            6.91972,43.45684,0
            6.91969,43.45689,0
            6.91967,43.45694,0
            6.91966,43.45698,0
            6.91964,43.45702,0
            6.91964,43.45706,0
            6.9196,43.45724,0
            6.91957,43.45752,0
            6.91957,43.45782,0
            6.91959,43.45803,0
            6.91959,43.45811,0
            6.91963,43.45826,0
            6.91964,43.45832,0
            6.91973,43.45843,0
            6.91982,43.45851,0
            6.91998,43.4586,0
            6.92015,43.45867,0
            6.92073,43.45883,0
            6.92084,43.45888,0
            6.92093,43.45895,0
            6.92106,43.45912,0
            6.9211,43.45916,0
            6.92123,43.45934,0
            6.92127,43.45942,0
            6.92129,43.45949,0
            6.92129,43.45958,0
            6.92127,43.45967,0
            6.92122,43.45982,0
            6.92122,43.45984,0
            6.92116,43.46006,0
            6.92114,43.46021,0
            6.92115,43.46027,0
            6.92119,43.46036,0
            6.92123,43.46041,0
            6.9213,43.46048,0
            6.9216,43.46068,0
            6.92169,43.46073,0
            6.92176,43.46078,0
            6.92193,43.46084,0
            6.92193,43.46085,0
            6.92194,43.46085,0
            6.92202,43.46088,0
            6.92207,43.46091,0
            6.92211,43.46094,0
            6.92216,43.46103,0
            6.92217,43.46107,0
            6.92217,43.46113,0
            6.92216,43.46117,0
            6.92211,43.46126,0
            6.92207,43.4613,0
            6.92203,43.46133,0
            6.92187,43.46138,0
            6.92184,43.46138,0
            6.92171,43.46141,0
            6.92165,43.46143,0
            6.92163,43.46143,0
            6.9216,43.46144,0
            6.92155,43.46147,0
            6.92151,43.46151,0
            6.92149,43.46156,0
            6.92149,43.46159,0
            6.92154,43.46184,0
            6.92163,43.4627,0
            6.92163,43.46276,0
            6.92167,43.46289,0
            6.92169,43.46292,0
            6.92172,43.46294,0
            6.92174,43.46296,0
            6.92176,43.46299,0
            6.92179,43.46302,0
            6.92182,43.46303,0
            6.92185,43.46305,0
            6.92193,43.46308,0
            6.92232,43.46314,0
            6.92245,43.46317,0
            6.92254,43.46321,0
            6.9226,43.46325,0
            6.92263,43.46328,0
            6.92264,43.4633,0
            6.92269,43.46337,0
            6.92271,43.46345,0
            6.92271,43.46347,0
            6.92272,43.46349,0
            6.92271,43.46351,0
            6.92271,43.46352,0
            6.92258,43.46385,0
            6.92258,43.4639,0
            6.92261,43.46402,0
            6.92266,43.46415,0
            6.92267,43.46416,0
            6.9228,43.46448,0
            6.9229,43.46483,0
            6.9229,43.46484,0
            6.92295,43.46511,0
            6.92297,43.46518,0
            6.92298,43.46519,0
            6.92301,43.46527,0
            6.9231,43.4654,0
            6.92316,43.4655,0
            6.92321,43.46561,0
            6.92329,43.46586,0
            6.92334,43.46596,0
            6.9234,43.46603,0
            6.92342,43.46604,0
            6.92364,43.46627,0
            6.92374,43.4664,0
            6.92377,43.46645,0
            6.9238,43.46649,0
            6.92383,43.46657,0
            6.92384,43.46658,0
            6.92386,43.46666,0
            6.92386,43.46675,0
            6.92384,43.46685,0
            6.92375,43.46696,0
            6.92365,43.46706,0
            6.92364,43.46708,0
            6.92362,43.4671,0
            6.92359,43.46714,0
            6.92356,43.46727,0
            6.92358,43.46736,0
            6.9236,43.4674,0
            6.92366,43.46746,0
            6.92393,43.46767,0
            6.92398,43.46778,0
            6.92398,43.46788,0
            6.92397,43.46791,0
            6.92395,43.46795,0
            6.92385,43.46807,0
            6.92377,43.46813,0
            6.9237,43.4682,0
            6.92365,43.46824,0
            6.92361,43.46828,0
            6.92356,43.4684,0
            6.92351,43.46871,0
            6.92349,43.46876,0
            6.92348,43.4688,0
            6.92344,43.46886,0
            6.92336,43.46895,0
            6.92331,43.46899,0
            6.92324,43.46903,0
            6.9232,43.46906,0
            6.92315,43.46908,0
            6.92243,43.46944,0
            6.9223,43.46954,0
            6.92226,43.46959,0
            6.92224,43.46963,0
            6.92222,43.46966,0
            6.92222,43.46967,0
            6.92221,43.46971,0
            6.92221,43.46982,0
            6.92224,43.4699,0
            6.92253,43.4704,0
            6.9226,43.4705,0
            6.9226,43.47051,0
            6.92273,43.47073,0
            6.92276,43.47077,0
            6.92328,43.47163,0
            6.92341,43.47187,0
            6.92347,43.47205,0
            6.92348,43.47213,0
            6.92348,43.47231,0
            6.92333,43.47308,0
            6.92332,43.47317,0
            6.92328,43.47336,0
            6.92327,43.47339,0
            6.92327,43.47347,0
            6.92329,43.47353,0
            6.92335,43.47359,0
            6.92347,43.47369,0
            6.92353,43.47373,0
            6.92364,43.47382,0
            6.92367,43.47385,0
            6.92369,43.47386,0
            6.92377,43.47392,0
            6.92391,43.47398,0
            6.92416,43.47405,0
            6.92452,43.47411,0
            6.92464,43.47414,0
            6.92482,43.47421,0
            6.92483,43.47422,0
            6.92503,43.47432,0
            6.92518,43.47442,0
            6.92542,43.47453,0
            6.92557,43.47456,0
            6.92567,43.47457,0
            6.92595,43.47462,0
            6.92603,43.47464,0
            6.92614,43.47468,0
            6.92632,43.47481,0
            6.92639,43.47487,0
            6.9266,43.4751,0
            6.92664,43.47513,0
            6.92673,43.47517,0
            6.9268,43.47519,0
            6.92692,43.47519,0
            6.927,43.47518,0
            6.92711,43.47515,0
            6.92719,43.47511,0
            6.92776,43.47487,0
            6.92784,43.47485,0
            6.92799,43.47485,0
            6.92804,43.47486,0
            6.92808,43.47488,0
            6.92809,43.47488,0
            6.92828,43.47498,0
            6.92831,43.47499,0
            6.92836,43.475,0
            6.92838,43.47501,0
            6.92861,43.47501,0
            6.92872,43.475,0
            6.92877,43.475,0
            6.92884,43.47499,0
            6.92894,43.475,0
            6.92902,43.475,0
            6.92916,43.47503,0
            6.9292,43.47505,0
            6.92924,43.47508,0
            6.92929,43.47511,0
            6.92934,43.47516,0
            6.92937,43.47521,0
            6.92938,43.47526,0
            6.92937,43.47531,0
            6.92937,43.47533,0
            6.92934,43.47541,0
            6.92929,43.47551,0
            6.92918,43.47569,0
            6.92902,43.47605,0
            6.92897,43.47613,0
            6.92882,43.47641,0
            6.92878,43.47652,0
            6.92877,43.47659,0
            6.92876,43.4766,0
            6.92877,43.47668,0
            6.92879,43.47675,0
            6.92882,43.47682,0
            6.92892,43.47696,0
            6.92903,43.47707,0
            6.92904,43.47707,0
            6.92912,43.47713,0
            6.92925,43.47718,0
            6.92948,43.47723,0
            6.9295,43.47723,0
            6.92964,43.47725,0
            6.92973,43.47725,0
            6.93,43.47723,0
            6.9305,43.47726,0
            6.93057,43.47728,0
            6.93061,43.4773,0
            6.93071,43.47739,0
            6.93078,43.47747,0
            6.9308,43.47748,0
            6.93083,43.47751,0
            6.93088,43.47753,0
            6.931,43.47756,0
            6.93147,43.47759,0
            6.9316,43.47764,0
            6.93164,43.47766,0
            6.93166,43.47768,0
            6.93167,43.47768,0
            6.9317,43.47771,0
            6.93175,43.4778,0
            6.93176,43.47786,0
            6.93174,43.47792,0
            6.93173,43.47794,0
            6.93172,43.47795,0
            6.93171,43.47797,0
            6.93168,43.478,0
            6.93163,43.47803,0
            6.93155,43.47806,0
            6.93142,43.47808,0
            6.93096,43.47807,0
            6.93088,43.47809,0
            6.93076,43.47815,0
            6.93072,43.47819,0
            6.9307,43.47822,0
            6.93068,43.47826,0
            6.93066,43.47834,0
            6.93062,43.47842,0
            6.93052,43.47859,0
            6.93043,43.47868,0
            6.93037,43.47872,0
            6.93033,43.47874,0
            6.93005,43.47881,0
            6.92996,43.47885,0
            6.92993,43.47887,0
            6.92992,43.47887,0
            6.92992,43.47888,0
            6.92991,43.47889,0
            6.92989,43.47892,0
            6.92987,43.47899,0
            6.92987,43.47926,0
            6.92988,43.47932,0
            6.92994,43.47945,0
            6.92999,43.47951,0
            6.93007,43.47966,0
            6.9301,43.47973,0
            6.93012,43.47987,0
            6.93013,43.48003,0
            6.93014,43.4801,0
            6.93014,43.48016,0
            6.93024,43.48143,0
            6.93025,43.48148,0
            6.93025,43.48152,0
            6.93026,43.48162,0
            6.93029,43.4817,0
            6.93032,43.48176,0
            6.93064,43.48207,0
            6.93072,43.48217,0
            6.93074,43.48223,0
            6.93074,43.48238,0
            6.93072,43.48245,0
            6.9307,43.48259,0
            6.93064,43.48277,0
            6.93061,43.48282,0
            6.93055,43.48288,0
            6.93053,43.48289,0
            6.9305,43.48292,0
            6.93047,43.48294,0
            6.93034,43.48299,0
            6.93,43.48305,0
            6.92993,43.48308,0
            6.92987,43.48312,0
            6.92983,43.48317,0
            6.92979,43.48324,0
            6.92979,43.48327,0
            6.92982,43.48345,0
            6.92985,43.48352,0
            6.92998,43.4839,0
            6.93004,43.48398,0
            6.93008,43.48402,0
            6.93016,43.48407,0
            6.93024,43.48411,0
            6.93032,43.48414,0
            6.93182,43.48458,0
            6.93188,43.48459,0
            6.93242,43.48475,0
            6.93255,43.48478,0
            6.93299,43.48484,0
            6.93302,43.48484,0
            6.93304,43.48485,0
            6.93322,43.4849,0
            6.93337,43.48498,0
            6.93394,43.48536,0
            6.93404,43.48541,0
            6.93415,43.48545,0
            6.93434,43.48548,0
            6.93448,43.48548,0
            6.9347,43.48544,0
            6.93472,43.48544,0
            6.93567,43.48512,0
            6.93595,43.48504,0
            6.936,43.48504,0
            6.93617,43.48502,0
            6.93635,43.48502,0
            6.93652,43.48506,0
            6.93661,43.48511,0
            6.93669,43.48517,0
            6.93678,43.48528,0
            6.93679,43.48532,0
            6.93682,43.48538,0
            6.93684,43.4855,0
            6.93688,43.48567,0
            6.93691,43.48576,0
            6.93693,43.4858,0
            6.93695,43.48586,0
            6.93698,43.48599,0
            6.93698,43.48602,0
            6.93699,43.48604,0
            6.93699,43.48607,0
            6.93698,43.48612,0
            6.93698,43.48614,0
            6.93696,43.48622,0
            6.93696,43.48623,0
            6.93689,43.48639,0
            6.93685,43.48646,0
            6.93658,43.48708,0
            6.93657,43.48713,0
            6.93657,43.48725,0
            6.93659,43.4873,0
            6.93661,43.48737,0
            6.93664,43.48742,0
            6.93667,43.48745,0
            6.93672,43.48748,0
            6.93675,43.48751,0
            6.93676,43.48751,0
            6.93683,43.48755,0
            6.93697,43.4876,0
            6.93711,43.48762,0
            6.93729,43.48762,0
            6.9374,43.4876,0
            6.93751,43.48755,0
            6.9378,43.48734,0
            6.93791,43.48727,0
            6.93844,43.48687,0
            6.93869,43.48671,0
            6.93897,43.48657,0
            6.93902,43.48656,0
            6.93918,43.4865,0
            6.93944,43.48645,0
            6.93972,43.48644,0
            6.93982,43.48645,0
            6.93993,43.48645,0
            6.93996,43.48646,0
            6.94005,43.48647,0
            6.94063,43.48657,0
            6.94082,43.48657,0
            6.94094,43.48658,0
            6.94149,43.48659,0
            6.94225,43.48658,0
            6.94275,43.48659,0
            6.94278,43.4866,0
            6.94284,43.4866,0
            6.94299,43.48664,0
            6.94301,43.48664,0
            6.94319,43.48671,0
            6.94327,43.48673,0
            6.94336,43.48674,0
            6.94339,43.48675,0
            6.94371,43.48675,0
            6.94396,43.4867,0
            6.94415,43.48661,0
            6.94418,43.4866,0
            6.94419,43.48658,0
            6.94437,43.48639,0
            6.94454,43.48625,0
            6.94463,43.4862,0
            6.94471,43.48614,0
            6.94477,43.48612,0
            6.94479,43.4861,0
            6.94495,43.48604,0
            6.94509,43.486,0
            6.9455,43.48593,0
            6.94577,43.48593,0
            6.9459,43.48594,0
            6.94618,43.486,0
            6.94623,43.48602,0
            6.94631,43.48604,0
            6.94642,43.48608,0
            6.94643,43.48608,0
            6.94709,43.48632,0
            6.94713,43.48634,0
            6.94723,43.48644,0
            6.94725,43.48649,0
            6.94726,43.48654,0
            6.94726,43.48665,0
            6.94724,43.4868,0
            6.94719,43.48692,0
            6.94716,43.48702,0
            6.94714,43.48706,0
            6.94708,43.48714,0
            6.94703,43.48718,0
            6.94686,43.48729,0
            6.94671,43.48737,0
            6.94657,43.48742,0
            6.94656,43.48742,0
            6.94618,43.4875,0
            6.94608,43.48751,0
            6.94601,43.48753,0
            6.94584,43.48756,0
            6.94576,43.48758,0
            6.94547,43.48761,0
            6.94536,43.48761,0
            6.94528,43.48762,0
            6.94519,43.48761,0
            6.94511,43.48761,0
            6.94462,43.48755,0
            6.94449,43.48756,0
            6.94438,43.48762,0
            6.94433,43.48768,0
            6.94428,43.48781,0
            6.94429,43.48788,0
            6.94429,43.48792,0
            6.94433,43.48814,0
            6.94433,43.48815,0
            6.94437,43.48833,0
            6.94438,43.48841,0
            6.94438,43.48852,0
            6.94437,43.48856,0
            6.94435,43.48861,0
            6.94434,43.48867,0
            6.94427,43.48885,0
            6.94426,43.48886,0
            6.94414,43.48914,0
            6.9441,43.48918,0
            6.94406,43.48925,0
            6.94339,43.48986,0
            6.94333,43.4899,0
            6.94323,43.48999,0
            6.94306,43.4901,0
            6.94302,43.49012,0
            6.94301,43.49012,0
            6.9428,43.49021,0
            6.94268,43.49025,0
            6.94254,43.49032,0
            6.94249,43.49037,0
            6.94247,43.4904,0
            6.94246,43.49044,0
            6.94246,43.49051,0
            6.94247,43.49054,0
            6.9425,43.49059,0
            6.94271,43.49079,0
            6.94272,43.49079,0
            6.94277,43.49085,0
            6.94279,43.49089,0
            6.9428,43.49093,0
            6.94281,43.49095,0
            6.94281,43.49098,0
            6.94282,43.49102,0
            6.94284,43.49116,0
            6.94284,43.49123,0
            6.94285,43.49133,0
            6.94288,43.49144,0
            6.94298,43.49154,0
            6.94331,43.49182,0
            6.94336,43.49188,0
            6.94347,43.49196,0
            6.94353,43.49199,0
            6.94398,43.49212,0
            6.94479,43.49239,0
            6.94493,43.49245,0
            6.94505,43.49255,0
            6.94507,43.49258,0
            6.94511,43.49262,0
            6.94516,43.49271,0
            6.94521,43.49283,0
            6.94522,43.4929,0
            6.94522,43.49296,0
            6.94521,43.49306,0
            6.94519,43.49312,0
            6.94517,43.49321,0
            6.94507,43.49346,0
            6.94501,43.49357,0
            6.945,43.4936,0
            6.94489,43.49374,0
            6.94478,43.49386,0
            6.94475,43.49388,0
            6.94452,43.49412,0
            6.94447,43.49426,0
            6.94447,43.49433,0
            6.94449,43.49439,0
            6.94452,43.49444,0
            6.94455,43.49447,0
            6.94491,43.49473,0
            6.94496,43.49478,0
            6.94502,43.49486,0
            6.94507,43.49494,0
            6.94507,43.49495,0
            6.94509,43.495,0
            6.94512,43.49512,0
            6.94509,43.49527,0
            6.94509,43.4953,0
            6.94503,43.49556,0
            6.94503,43.49566,0
            6.94504,43.49566,0
            6.94506,43.49571,0
            6.94512,43.49578,0
            6.94521,43.49582,0
            6.94526,43.49583,0
            6.94527,43.49584,0
            6.94533,43.49585,0
            6.9454,43.49585,0
            6.94548,43.49586,0
            6.94596,43.49587,0
            6.94607,43.49588,0
            6.94612,43.49589,0
            6.94614,43.4959,0
            6.94616,43.4959,0
            6.94628,43.49595,0
            6.94636,43.49601,0
            6.94638,43.49604,0
            6.94639,43.49605,0
            6.94641,43.49608,0
            6.94645,43.49618,0
            6.94648,43.49638,0
            6.94658,43.49655,0
            6.94664,43.49661,0
            6.9467,43.49666,0
            6.94675,43.49668,0
            6.94684,43.49674,0
            6.94805,43.49736,0
            6.94808,43.49738,0
            6.94868,43.49769,0
            6.94902,43.4979,0
            6.94911,43.49799,0
            6.94913,43.49803,0
            6.94915,43.49805,0
            6.94918,43.49811,0
            6.9492,43.49813,0
            6.94927,43.49825,0
            6.9493,43.49829,0
            6.9493,43.49831,0
            6.94939,43.49844,0
            6.94943,43.49851,0
            6.9495,43.49857,0
            6.94959,43.49861,0
            6.94962,43.49863,0
            6.9498,43.49867,0
            6.94991,43.49867,0
            6.95011,43.49865,0
            6.95027,43.49865,0
            6.95035,43.49866,0
            6.95048,43.4987,0
            6.9505,43.49871,0
            6.95051,43.49871,0
            6.95059,43.49875,0
            6.95061,43.49875,0
            6.95071,43.49881,0
            6.95119,43.49914,0
            6.95122,43.49917,0
            6.95126,43.49922,0
            6.95131,43.49931,0
            6.95134,43.49941,0
            6.95134,43.49949,0
            6.95133,43.49957,0
            6.95133,43.49963,0
            6.95134,43.49967,0
            6.95134,43.49969,0
            6.95136,43.49973,0
            6.95141,43.49978,0
            6.95144,43.4998,0
            6.95146,43.49982,0
            6.95181,43.49998,0
            6.95182,43.49999,0
            6.95187,43.50002,0
            6.95194,43.50005,0
            6.95209,43.50013,0
            6.95221,43.50022,0
            6.95222,43.50022,0
            6.95235,43.50032,0
            6.95241,43.50038,0
            6.95242,43.50038,0
            6.95247,43.50043,0
            6.95279,43.50082,0
            6.95312,43.50128,0
            6.95329,43.50162,0
            6.95332,43.50174,0
            6.95333,43.50176,0
            6.95334,43.50182,0
            6.95334,43.50188,0
            6.95333,43.50193,0
            6.95328,43.50206,0
            6.95321,43.50217,0
            6.95302,43.50239,0
            6.953,43.50242,0
            6.95299,43.50247,0
            6.95299,43.50256,0
            6.95301,43.50261,0
            6.95306,43.50267,0
            6.95309,43.50269,0
            6.95331,43.50289,0
            6.95337,43.50297,0
            6.95339,43.50299,0
            6.95341,43.50305,0
            6.95345,43.50314,0
            6.95347,43.50323,0
            6.95347,43.50367,0
            6.9535,43.50383,0
            6.9535,43.50385,0
            6.95351,43.5039,0
            6.95351,43.50398,0
            6.9535,43.50406,0
            6.95348,43.50414,0
            6.95344,43.50425,0
            6.9534,43.50433,0
            6.95319,43.50455,0
            6.95308,43.50462,0
            6.95232,43.50504,0
            6.95214,43.50508,0
            6.95206,43.50509,0
            6.95197,43.50509,0
            6.95181,43.50507,0
            6.95178,43.50506,0
            6.95153,43.50503,0
            6.9515,43.50502,0
            6.95147,43.50502,0
            6.9513,43.505,0
            6.95121,43.505,0
            6.95112,43.50499,0
            6.95072,43.50499,0
            6.95002,43.50502,0
            6.94993,43.50503,0
            6.94985,43.50502,0
            6.9497,43.50498,0
            6.94962,43.50494,0
            6.94954,43.50488,0
            6.94931,43.50468,0
            6.94918,43.50461,0
            6.94917,43.50461,0
            6.94907,43.50459,0
            6.94901,43.50459,0
            6.94889,43.50461,0
            6.9488,43.50465,0
            6.94877,43.50467,0
            6.94874,43.5047,0
            6.94873,43.5047,0
            6.94832,43.50508,0
            6.94829,43.50512,0
            6.94821,43.50518,0
            6.94807,43.50525,0
            6.94801,43.50527,0
            6.94791,43.50529,0
            6.94784,43.50529,0
            6.94779,43.5053,0
            6.94774,43.50529,0
            6.94769,43.50529,0
            6.94655,43.50519,0
            6.94631,43.50519,0
            6.94619,43.50521,0
            6.94614,43.50523,0
            6.94609,43.50524,0
            6.94604,43.50526,0
            6.946,43.50529,0
            6.94595,43.50531,0
            6.9452,43.50574,0
            6.94507,43.5058,0
            6.94497,43.50583,0
            6.94492,43.50584,0
            6.9449,43.50584,0
            6.94387,43.50604,0
            6.94377,43.50608,0
            6.94373,43.50609,0
            6.94368,43.50612,0
            6.94363,43.50614,0
            6.94359,43.50617,0
            6.94356,43.50618,0
            6.94334,43.50631,0
            6.94321,43.50635,0
            6.94313,43.50635,0
            6.94301,43.50633,0
            6.94287,43.50629,0
            6.94281,43.50628,0
            6.94276,43.50626,0
            6.94263,43.50623,0
            6.94251,43.50619,0
            6.94246,43.50618,0
            6.94241,43.50616,0
            6.9423,43.5061,0
            6.94223,43.50605,0
            6.94216,43.50598,0
            6.94206,43.50585,0
            6.94203,43.50583,0
            6.94199,43.50579,0
            6.94191,43.50575,0
            6.94184,43.50573,0
            6.94181,43.50573,0
            6.94176,43.50572,0
            6.9417,43.50572,0
            6.94168,43.50573,0
            6.94163,43.50573,0
            6.94156,43.50575,0
            6.94151,43.50578,0
            6.94148,43.50579,0
            6.94144,43.50582,0
            6.94133,43.50588,0
            6.94132,43.50589,0
            6.94131,43.50589,0
            6.94129,43.5059,0
            6.94126,43.5059,0
            6.94125,43.50591,0
            6.94123,43.50591,0
            6.94121,43.50592,0
            6.94105,43.50592,0
            6.941,43.5059,0
            6.94097,43.5059,0
            6.94092,43.50588,0
            6.9409,43.50586,0
            6.94086,43.50584,0
            6.9408,43.50578,0
            6.94065,43.50565,0
            6.94062,43.50563,0
            6.94046,43.50548,0
            6.94033,43.50538,0
            6.94019,43.50524,0
            6.93976,43.50485,0
            6.93965,43.50476,0
            6.9391,43.50443,0
            6.93904,43.50437,0
            6.93887,43.50417,0
            6.93881,43.50414,0
            6.93878,43.50413,0
            6.93868,43.50413,0
            6.93869,43.50414,0
            6.9387,43.50416,0
            6.9387,43.50419,0
            6.93869,43.50421,0
            6.93865,43.50425,0
            6.93862,43.50426,0
            6.93855,43.50426,0
            6.93858,43.50432,0
            6.93863,43.50437,0
            6.93866,43.50439,0
            6.93883,43.50444,0
            6.93888,43.50445,0
            6.93894,43.50447,0
            6.93899,43.50451,0
            6.93903,43.50455,0
            6.93908,43.50458,0
            6.93921,43.50468,0
            6.93924,43.50471,0
            6.9393,43.50475,0
            6.93982,43.50518,0
            6.94007,43.50546,0
            6.9403,43.50575,0
            6.94047,43.50594,0
            6.9405,43.50598,0
            6.94054,43.50601,0
            6.9406,43.50607,0
            6.94064,43.50609,0
            6.9407,43.50613,0
            6.941,43.50626,0
            6.94105,43.50629,0
            6.94195,43.50668,0
            6.94198,43.5067,0
            6.94201,43.50671,0
            6.94205,43.50673,0
            6.94206,43.50675,0
            6.94213,43.50682,0
            6.94215,43.50687,0
            6.94216,43.50692,0
            6.94216,43.50695,0
            6.94215,43.50701,0
            6.94212,43.50707,0
            6.94203,43.50717,0
            6.94177,43.50739,0
            6.94161,43.50749,0
            6.94157,43.5075,0
            6.94151,43.50753,0
            6.94144,43.50755,0
            6.94141,43.50755,0
            6.94124,43.5076,0
            6.94059,43.5077,0
            6.93947,43.50783,0
            6.93937,43.50785,0
            6.93911,43.50788,0
            6.93907,43.5079,0
            6.93903,43.50791,0
            6.93899,43.50793,0
            6.93895,43.50794,0
            6.93891,43.50796,0
            6.93882,43.50798,0
            6.93878,43.508,0
            6.93875,43.508,0
            6.93873,43.50801,0
            6.93858,43.50806,0
            6.93855,43.50806,0
            6.93854,43.50807,0
            6.93852,43.50807,0
            6.9385,43.50808,0
            6.93847,43.50808,0
            6.93845,43.50809,0
            6.93841,43.50809,0
            6.93839,43.5081,0
            6.93834,43.5081,0
            6.93832,43.50811,0
            6.93828,43.50811,0
            6.93826,43.50812,0
            6.93823,43.50812,0
            6.9382,43.50813,0
            6.93819,43.50813,0
            6.93801,43.50819,0
            6.938,43.5082,0
            6.93796,43.50822,0
            6.93795,43.50822,0
            6.93793,43.50823,0
            6.93792,43.50824,0
            6.9379,43.50825,0
            6.93786,43.50829,0
            6.93783,43.50831,0
            6.93782,43.50834,0
            6.93764,43.50861,0
            6.93763,43.50864,0
            6.93761,43.50868,0
            6.93757,43.50874,0
            6.93753,43.50878,0
            6.93752,43.50881,0
            6.9375,43.50883,0
            6.93739,43.50899,0
            6.93737,43.50903,0
            6.93735,43.50906,0
            6.93733,43.5091,0
            6.93731,43.50913,0
            6.93729,43.50917,0
            6.93726,43.50926,0
            6.93726,43.50938,0
            6.93727,43.50941,0
            6.93727,43.50957,0
            6.93725,43.50962,0
            6.93725,43.50964,0
            6.93724,43.50967,0
            6.93719,43.50976,0
            6.93714,43.50983,0
            6.93701,43.51005,0
            6.93699,43.51007,0
            6.93697,43.51013,0
            6.93694,43.51018,0
            6.93692,43.51024,0
            6.93691,43.51026,0
            6.9369,43.5103,0
            6.93686,43.51036,0
            6.93683,43.51046,0
            6.93682,43.51051,0
            6.93682,43.51054,0
            6.93684,43.51062,0
            6.93688,43.5107,0
            6.93691,43.51073,0
            6.93699,43.51079,0
            6.93703,43.51083,0
            6.93709,43.51087,0
            6.9371,43.51088,0
            6.93711,43.5109,0
            6.93714,43.51092,0
            6.93722,43.511,0
            6.93726,43.51106,0
            6.93736,43.51127,0
            6.93737,43.5113,0
            6.93739,43.51134,0
            6.93743,43.51148,0
            6.93743,43.51152,0
            6.93745,43.51159,0
            6.93744,43.51198,0
            6.93743,43.51204,0
            6.9374,43.5121,0
            6.93735,43.51215,0
            6.93728,43.5122,0
            6.93712,43.51229,0
            6.93709,43.51232,0
            6.93705,43.51235,0
            6.93701,43.51241,0
            6.937,43.51244,0
            6.937,43.51254,0
            6.93711,43.51312,0
            6.93713,43.5133,0
            6.93712,43.51335,0
            6.93712,43.5134,0
            6.93711,43.51342,0
            6.9371,43.51348,0
            6.93699,43.51371,0
            6.93697,43.51378,0
            6.93695,43.514,0
            6.93695,43.51421,0
            6.93696,43.51428,0
            6.93696,43.51436,0
            6.937,43.51475,0
            6.93702,43.51482,0
            6.93702,43.51486,0
            6.93706,43.51494,0
            6.93708,43.51497,0
            6.9371,43.51498,0
            6.93726,43.5151,0
            6.93728,43.51511,0
            6.93729,43.51512,0
            6.93732,43.51514,0
            6.93735,43.51517,0
            6.93736,43.51519,0
            6.93777,43.51577,0
            6.93782,43.51586,0
            6.93783,43.5159,0
            6.93784,43.51591,0
            6.93784,43.51593,0
            6.93785,43.51596,0
            6.93785,43.516,0
            6.93784,43.51602,0
            6.93784,43.51604,0
            6.93783,43.51606,0
            6.93783,43.51607,0
            6.93782,43.51609,0
            6.93774,43.51617,0
            6.93771,43.51618,0
            6.93744,43.51631,0
            6.93705,43.51655,0
            6.9367,43.51665,0
            6.93663,43.51668,0
            6.93639,43.51674,0
            6.93625,43.5168,0
            6.93608,43.51689,0
            6.93599,43.51693,0
            6.93551,43.51718,0
            6.93543,43.51723,0
            6.93542,43.51725,0
            6.93538,43.51729,0
            6.93535,43.51733,0
            6.93532,43.51738,0
            6.9353,43.51748,0
            6.9353,43.51753,0
            6.93531,43.51754,0
            6.93531,43.51756,0
            6.93532,43.51757,0
            6.93532,43.51758,0
            6.93533,43.51759,0
            6.93533,43.5176,0
            6.93534,43.51761,0
            6.93534,43.51762,0
            6.93535,43.51763,0
            6.93535,43.51764,0
            6.93536,43.51764,0
            6.93536,43.51765,0
            6.93541,43.51771,0
            6.93552,43.51778,0
            6.93566,43.51782,0
            6.9358,43.51784,0
            6.93587,43.51784,0
            6.93662,43.51777,0
            6.93666,43.51777,0
            6.93669,43.51776,0
            6.93695,43.51776,0
            6.93698,43.51777,0
            6.93702,43.51777,0
            6.9373,43.51785,0
            6.93734,43.51785,0
            6.93742,43.51787,0
            6.93746,43.51787,0
            6.9375,43.51788,0
            6.93762,43.51788,0
            6.93766,43.51789,0
            6.93779,43.51789,0
            6.93783,43.5179,0
            6.93799,43.5179,0
            6.93822,43.51794,0
            6.93828,43.51794,0
            6.93833,43.51796,0
            6.93843,43.51798,0
            6.93853,43.51802,0
            6.9386,43.51804,0
            6.93871,43.5181,0
            6.93875,43.51813,0
            6.93879,43.51815,0
            6.93885,43.51821,0
            6.9389,43.51825,0
            6.93907,43.51836,0
            6.93924,43.51844,0
            6.93925,43.51845,0
            6.93929,43.51847,0
            6.9393,43.51847,0
            6.93934,43.51849,0
            6.93936,43.51849,0
            6.93945,43.51853,0
            6.93947,43.51855,0
            6.93954,43.51859,0
            6.9396,43.51865,0
            6.93962,43.51869,0
            6.93963,43.5187,0
            6.94005,43.51942,0
            6.9402,43.51965,0
            6.94025,43.51974,0
            6.94027,43.5198,0
            6.94032,43.51989,0
            6.94053,43.52054,0
            6.94054,43.52059,0
            6.94053,43.52066,0
            6.94051,43.52073,0
            6.94047,43.52082,0
            6.94042,43.52089,0
            6.94042,43.5209,0
            6.94036,43.52097,0
            6.94034,43.521,0
            6.94028,43.52107,0
            6.9402,43.52121,0
            6.94011,43.52139,0
            6.94011,43.5214,0
            6.94012,43.52141,0
            6.94012,43.52142,0
            6.94013,43.52143,0
            6.94013,43.52148,0
            6.94012,43.52149,0
            6.94012,43.5215,0
            6.94011,43.52152,0
            6.94011,43.52153,0
            6.94008,43.52156,0
            6.94014,43.52174,0
            6.94018,43.52182,0
            6.94018,43.52183,0
            6.94026,43.52197,0
            6.9403,43.52202,0
            6.94036,43.52214,0
            6.94037,43.52215,0
            6.94046,43.52232,0
            6.94046,43.52233,0
            6.94064,43.5226,0
            6.94076,43.52275,0
            6.94082,43.52279,0
            6.94091,43.52283,0
            6.94095,43.52284,0
            6.94097,43.52285,0
            6.94099,43.52285,0
            6.941,43.52286,0
            6.9411,43.5229,0
            6.94111,43.5229,0
            6.94128,43.52296,0
            6.94134,43.52299,0
            6.94135,43.52299,0
            6.94138,43.52301,0
            6.94141,43.52305,0
            6.94143,43.52309,0
            6.94151,43.52351,0
            6.94153,43.52356,0
            6.94167,43.5237,0
            6.94171,43.52373,0
            6.94229,43.52403,0
            6.94253,43.52414,0
            6.94258,43.52417,0
            6.94284,43.5243,0
            6.94318,43.52449,0
            6.94319,43.52449,0
            6.94339,43.5246,0
            6.94368,43.52482,0
            6.94405,43.52522,0
            6.94497,43.52615,0
            6.9452,43.52641,0
            6.94526,43.52653,0
            6.94539,43.52687,0
            6.94542,43.52692,0
            6.94562,43.52719,0
            6.94565,43.52722,0
            6.94573,43.52732,0
            6.94581,43.52739,0
            6.94585,43.5274,0
            6.94587,43.5274,0
            6.94591,43.52741,0
            6.94593,43.52742,0
            6.94595,43.52742,0
            6.94607,43.52751,0
            6.94616,43.5276,0
            6.94673,43.52844,0
            6.94687,43.52863,0
            6.94694,43.52878,0
            6.94708,43.52903,0
            6.94726,43.52939,0
            6.94729,43.52948,0
            6.94739,43.52994,0
            6.94743,43.53008,0
            6.94748,43.53032,0
            6.94753,43.53046,0
            6.94759,43.53058,0
            6.9476,43.53061,0
            6.94788,43.53121,0
            6.9479,43.53124,0
            6.94792,43.5313,0
            6.94794,43.53133,0
            6.94794,43.53134,0
            6.94803,43.53149,0
            6.94806,43.53151,0
            6.94809,43.53154,0
            6.94826,43.53167,0
            6.94828,43.53168,0
            6.94834,43.5317,0
            6.94846,43.53176,0
            6.94852,43.53178,0
            6.94865,43.53185,0
            6.94867,43.53187,0
            6.94871,43.53189,0
            6.94881,43.53197,0
            6.94886,43.53202,0
            6.9489,43.53205,0
            6.94893,43.53208,0
            6.94911,43.53231,0
            6.94921,43.53247,0
            6.95036,43.5337,0
            6.95152,43.53481,0
            6.95153,43.53481,0
            6.95218,43.53539,0
            6.95283,43.53594,0
            6.95299,43.53605,0
            6.95342,43.53639,0
            6.95345,43.53639,0
            6.95355,43.53645,0
            6.954,43.53689,0
            6.95422,43.53706,0
            6.95436,43.53718,0
            6.95484,43.53755,0
            6.95487,43.53758,0
            6.95517,43.53781,0
            6.95562,43.53813,0
            6.95578,43.53823,0
            6.95587,43.5383,0
            6.9576,43.5394,0
            6.96055,43.54109,0
            6.96108,43.54146,0
            6.9611,43.54146,0
            6.96111,43.54145,0
            6.96121,43.54145,0
            6.96123,43.54146,0
            6.96125,43.54146,0
            6.96129,43.54148,0
            6.9613,43.54148,0
            6.96132,43.54149,0
            6.96133,43.5415,0
            6.96135,43.54151,0
            6.96136,43.54153,0
            6.96139,43.54156,0
            6.9614,43.54158,0
            6.9614,43.5416,0
            6.96141,43.54162,0
            6.96141,43.54164,0
            6.96185,43.54195,0
            6.96274,43.54236,0
            6.96308,43.54253,0
            6.96462,43.54322,0
            6.96479,43.54328,0
            6.965,43.54338,0
            6.96633,43.54388,0
            6.96651,43.54392,0
            6.96653,43.54392,0
            6.96653,43.54391,0
            6.96659,43.54391,0
            6.96659,43.54392,0
            6.96661,43.54392,0
            6.96661,43.54393,0
            6.96662,43.54393,0
            6.96662,43.54394,0
            6.96663,43.54394,0
            6.96663,43.54396,0
            6.96684,43.54402,0
            6.96704,43.54406,0
            6.96725,43.54415,0
            6.96917,43.54489,0
            6.97024,43.54527,0
            6.97053,43.54535,0
            6.97055,43.54536,0
            6.9738,43.54624,0
            6.9743,43.54639,0
            6.97704,43.54707,0
            6.97794,43.54726,0
            6.9783,43.54736,0
            6.97898,43.54748,0
            6.97932,43.54752,0
            6.98011,43.54757,0
            6.98012,43.54755,0
            6.98016,43.54753,0
            6.98021,43.54753,0
            6.98026,43.54755,0
            6.98026,43.54756,0
            6.98036,43.54756,0
            6.98176,43.54775,0
            6.98201,43.5478,0
            6.98341,43.54798,0
            6.98357,43.54802,0
            6.98482,43.54825,0
            6.98545,43.54834,0
            6.98548,43.54835,0
            6.98599,43.54845,0
            6.98615,43.54849,0
            6.98648,43.54854,0
            6.98712,43.54867,0
            6.9888,43.54892,0
            6.98886,43.54892,0
            6.99161,43.54911,0
            6.9947,43.54926,0
            6.99551,43.54927,0
            6.99736,43.54923,0
            7.00212,43.54903,0
            7.00286,43.54903,0
            7.00348,43.54906,0
            7.0038,43.54906,0
            7.00426,43.54904,0
            7.0074,43.5488,0
            7.00761,43.54877,0
            7.00773,43.54874,0
            7.00777,43.54889,0
            7.00777,43.54891,0
            7.00774,43.54899,0
            7.00772,43.54911,0
            7.00766,43.54936,0
            7.00766,43.54941,0
            7.0077,43.54952,0
            7.00779,43.5497,0
            7.00788,43.54984,0
            7.00795,43.54993,0
            7.00801,43.54999,0
            7.00815,43.55007,0
            7.00784,43.55048,0
            7.00763,43.55082,0
            7.00846,43.55132,0
            7.00847,43.55133,0
            7.00904,43.55166,0
            7.00918,43.55175,0
            7.00923,43.55177,0
            7.00937,43.55186,0
            7.00957,43.55197,0
            7.00986,43.55215,0
            7.01012,43.55229,0
            7.01025,43.55237,0
            7.01037,43.55242,0
            7.0105,43.55249,0
            7.01079,43.55261,0
            7.01084,43.55264,0
            7.01109,43.55273,0
            7.01138,43.55282,0
            7.012,43.55297,0
            7.01485,43.55352,0
            7.01701,43.55388,0
            7.01807,43.554,0
            7.01887,43.55412,0
            7.01927,43.55416,0
            7.01996,43.55419,0
            7.0201,43.55418,0
            7.02028,43.55418,0
            7.02039,43.55417,0
            7.02054,43.55417,0
            7.02062,43.55416,0
            7.02075,43.55416,0
            7.02132,43.5541,0
            7.0215,43.55409,0
            7.02179,43.55405,0
            7.02206,43.55403,0
            7.02239,43.55402,0
            7.02487,43.55386,0
            7.02566,43.55376,0
            7.02601,43.5537,0
            7.02603,43.55369,0
            7.02606,43.55369,0
            7.02608,43.55368,0
            7.02625,43.55368,0
            7.02689,43.5535,0
            7.02718,43.5534,0
            7.02771,43.55318,0
            7.02809,43.55299,0
            7.02876,43.55258,0
            7.029,43.55239,0
            7.02935,43.55208,0
            7.02964,43.55179,0
            7.02989,43.55132,0
            7.02986,43.55129,0
            7.02986,43.55128,0
            7.02985,43.55128,0
            7.02985,43.55126,0
            7.02984,43.55125,0
            7.02984,43.5512,0
            7.02985,43.55119,0
            7.02985,43.55117,0
            7.02987,43.55115,0
            7.02987,43.55114,0
            7.02988,43.55114,0
            7.02991,43.55111,0
            7.02992,43.55111,0
            7.02993,43.5511,0
            7.02994,43.5511,0
            7.02995,43.55109,0
            7.02997,43.55109,0
            7.02998,43.55108,0
            7.03001,43.55108,0
            7.03003,43.55107,0
            7.03007,43.55107,0
            7.03008,43.55108,0
            7.03012,43.55108,0
            7.03014,43.55109,0
            7.03015,43.55109,0
            7.03016,43.5511,0
            7.03017,43.5511,0
            7.03019,43.55112,0
            7.03032,43.55103,0
            7.03044,43.55091,0
            7.03052,43.5508,0
            7.03066,43.55055,0
            7.03096,43.55009,0
            7.03096,43.55008,0
            7.03111,43.54987,0
            7.03203,43.54844,0
            7.03236,43.54796,0
            7.03264,43.54762,0
            7.03319,43.5471,0
            7.03336,43.54696,0
            7.03398,43.54652,0
            7.03406,43.54647,0
            7.03416,43.54643,0
            7.03422,43.54638,0
            7.03434,43.5463,0
            7.03445,43.54635,0
            7.0346,43.54646,0
            7.03464,43.54648,0
            7.03467,43.5465,0
            7.03483,43.54654,0
            7.03489,43.54655,0
            7.03491,43.54656,0
            7.03645,43.5465,0
            7.03648,43.54649,0
            7.03769,43.54645,0
            7.03769,43.54644,0
            7.03768,43.54644,0
            7.03768,43.54642,0
            7.03769,43.54642,0
            7.03769,43.54641,0
            7.0377,43.5464,0
            7.03771,43.5464,0
            7.03771,43.54639,0
            7.03773,43.54639,0
            7.03773,43.54638,0
            7.03776,43.54638,0
            7.03776,43.54639,0
            7.03778,43.54639,0
            7.03779,43.5464,0
            7.0378,43.5464,0
            7.0378,43.54642,0
            7.03786,43.54642,0
            7.03799,43.54645,0
            7.03808,43.54646,0
            7.03814,43.54646,0
            7.0384,43.54644,0
            7.03941,43.54642,0
            7.04024,43.54633,0
            7.04082,43.54632,0
            7.04155,43.54628,0
            7.04184,43.54628,0
            7.04255,43.54633,0
            7.04409,43.54648,0
            7.04418,43.5465,0
            7.04421,43.5465,0
            7.04424,43.54652,0
            7.04428,43.54653,0
            7.04438,43.5466,0
            7.04442,43.54664,0
            7.04445,43.5467,0
            7.04447,43.54676,0
            7.04447,43.54679,0
            7.04446,43.54684,0
            7.04445,43.54687,0
            7.04443,43.54697,0
            7.04443,43.54705,0
            7.04444,43.54706,0
            7.04446,43.54711,0
            7.0445,43.54711,0
            7.0445,43.54712,0
            7.04453,43.54712,0
            7.04454,43.54713,0
            7.04455,43.54713,0
            7.04456,43.54714,0
            7.04457,43.54714,0
            7.04457,43.54715,0
            7.04458,43.54715,0
            7.04458,43.54716,0
            7.04459,43.54717,0
            7.04469,43.54722,0
            7.0448,43.54725,0
            7.04499,43.54728,0
            7.04512,43.54729,0
            7.04518,43.5473,0
            7.04564,43.54733,0
            7.04572,43.54732,0
            7.04592,43.54732,0
            7.0461,43.54733,0
            7.04613,43.5473,0
            7.04614,43.5473,0
            7.04615,43.54729,0
            7.04616,43.54729,0
            7.04618,43.54728,0
            7.04619,43.54727,0
            7.04622,43.54727,0
            7.04624,43.54726,0
            7.04634,43.54726,0
            7.04635,43.54727,0
            7.04638,43.54728,0
            7.0464,43.54728,0
            7.04641,43.54729,0
            7.04643,43.5473,0
            7.04644,43.5473,0
            7.04649,43.54735,0
            7.0465,43.54737,0
            7.04697,43.54737,0
            7.0485,43.54744,0
            7.04867,43.54744,0
            7.049,43.54742,0
            7.04912,43.54743,0
            7.04982,43.54737,0
            7.0504,43.54737,0
            7.05074,43.54739,0
            7.0508,43.54738,0
            7.0508,43.54737,0
            7.05142,43.5474,0
            7.05169,43.54743,0
            7.05173,43.54744,0
            7.05198,43.54747,0
            7.05255,43.54757,0
            7.05265,43.5476,0
            7.05283,43.54764,0
            7.05284,43.54765,0
            7.05305,43.54771,0
            7.05352,43.54787,0
            7.05374,43.54796,0
            7.05375,43.54796,0
            7.05419,43.54817,0
            7.05444,43.54831,0
            7.05499,43.54866,0
            7.05512,43.54876,0
            7.05559,43.54918,0
            7.05565,43.54925,0
            7.05575,43.54935,0
            7.05592,43.54955,0
            7.05604,43.54971,0
            7.05611,43.54979,0
            7.05675,43.55066,0
            7.05678,43.55072,0
            7.05679,43.55075,0
            7.05679,43.55077,0
            7.0568,43.55079,0
            7.05679,43.55093,0
            7.0568,43.55093,0
            7.0568,43.55094,0
            7.05682,43.55094,0
            7.05682,43.55095,0
            7.05683,43.55095,0
            7.05683,43.55096,0
            7.05684,43.55096,0
            7.05684,43.55097,0
            7.05692,43.55103,0
            7.05697,43.55111,0
            7.05744,43.55167,0
            7.05766,43.55196,0
            7.05768,43.55198,0
            7.05795,43.55233,0
            7.05854,43.553,0
            7.05865,43.5531,0
            7.05871,43.55317,0
            7.05896,43.55342,0
            7.05903,43.55344,0
            7.05905,43.55346,0
            7.05982,43.55407,0
            7.06028,43.5545,0
            7.06052,43.5547,0
            7.06098,43.55515,0
            7.06121,43.5554,0
            7.06145,43.5557,0
            7.06149,43.55576,0
            7.06149,43.55577,0
            7.06171,43.55609,0
            7.06253,43.55737,0
            7.06253,43.55738,0
            7.06254,43.55739,0
            7.06272,43.55764,0
            7.063,43.55796,0
            7.06307,43.55803,0
            7.06333,43.55826,0
            7.06478,43.55972,0
            7.06494,43.55991,0
            7.06509,43.56007,0
            7.06533,43.56038,0
            7.06551,43.56057,0
            7.06561,43.56074,0
            7.06629,43.56201,0
            7.0663,43.56204,0
            7.06637,43.56219,0
            7.06657,43.56268,0
            7.0666,43.56277,0
            7.06671,43.56296,0
            7.06686,43.56314,0
            7.06698,43.56324,0
            7.067,43.56323,0
            7.06708,43.56323,0
            7.06709,43.56324,0
            7.06712,43.56324,0
            7.06714,43.56325,0
            7.06715,43.56325,0
            7.06718,43.56328,0
            7.06719,43.56328,0
            7.06719,43.56329,0
            7.0672,43.56329,0
            7.06721,43.5633,0
            7.06721,43.56331,0
            7.06723,43.56333,0
            7.06723,43.56337,0
            7.06735,43.56345,0
            7.06749,43.56357,0
            7.06752,43.56366,0
            7.06761,43.56381,0
            7.06782,43.56407,0
            7.06793,43.56418,0
            7.068,43.56426,0
            7.06841,43.56467,0
            7.06859,43.56483,0
            7.0702,43.56607,0
            7.07033,43.56618,0
            7.07096,43.56679,0
            7.07099,43.56683,0
            7.07156,43.56738,0
            7.07177,43.56756,0
            7.07209,43.56778,0
            7.07213,43.5678,0
            7.07216,43.56782,0
            7.07238,43.56792,0
            7.07318,43.56824,0
            7.07327,43.56829,0
            7.07397,43.56858,0
            7.07413,43.56866,0
            7.0745,43.56887,0
            7.07467,43.569,0
            7.07485,43.56909,0
            7.07563,43.56932,0
            7.07571,43.56935,0
            7.07638,43.56954,0
            7.07639,43.56954,0
            7.07644,43.56955,0
            7.07648,43.56955,0
            7.07651,43.56956,0
            7.07776,43.56954,0
            7.07811,43.56955,0
            7.07818,43.56957,0
            7.07819,43.56957,0
            7.07831,43.56961,0
            7.07832,43.56961,0
            7.07862,43.56974,0
            7.07917,43.57002,0
            7.07918,43.57003,0
            7.07982,43.57034,0
            7.07999,43.57041,0
            7.08025,43.57048,0
            7.08141,43.57069,0
            7.0822,43.57081,0
            7.08231,43.57084,0
            7.08235,43.57086,0
            7.08243,43.57089,0
            7.08348,43.57159,0
            7.08356,43.57165,0
            7.08361,43.57168,0
            7.08364,43.57171,0
            7.08368,43.57173,0
            7.08372,43.57176,0
            7.08376,43.5718,0
            7.08441,43.57234,0
            7.08449,43.57242,0
            7.08478,43.5726,0
            7.08508,43.57273,0
            7.08524,43.57278,0
            7.08616,43.57313,0
            7.08667,43.57329,0
            7.08761,43.57349,0
            7.08793,43.57353,0
            7.088,43.57351,0
            7.08801,43.57351,0
            7.08803,43.5735,0
            7.08816,43.5735,0
            7.08851,43.57355,0
            7.08867,43.57359,0
            7.08986,43.57382,0
            7.09029,43.57393,0
            7.09046,43.57396,0
            7.09048,43.57395,0
            7.09049,43.57393,0
            7.09059,43.57388,0
            7.09061,43.57388,0
            7.09063,43.57387,0
            7.09074,43.57387,0
            7.09076,43.57388,0
            7.09078,43.57388,0
            7.0908,43.57389,0
            7.09082,43.57389,0
            7.09083,43.5739,0
            7.09089,43.57393,0
            7.09093,43.57397,0
            7.09094,43.57399,0
            7.09095,43.574,0
            7.09096,43.57402,0
            7.09096,43.57404,0
            7.09097,43.57405,0
            7.09097,43.57409,0
            7.09096,43.5741,0
            7.09096,43.57412,0
            7.09095,43.57414,0
            7.09094,43.57415,0
            7.09093,43.57417,0
            7.09089,43.57421,0
            7.09087,43.57422,0
            7.09086,43.57423,0
            7.09084,43.57423,0
            7.09083,43.57424,0
            7.09081,43.57425,0
            7.09079,43.57425,0
            7.09077,43.57426,0
            7.09076,43.57426,0
            7.09054,43.57453,0
            7.09043,43.5747,0
            7.0904,43.57476,0
            7.09034,43.57491,0
            7.0903,43.57505,0
            7.09027,43.57524,0
            7.09026,43.5754,0
            7.09026,43.57572,0
            7.09027,43.5758,0
            7.09028,43.57643,0
            7.09027,43.57661,0
            7.09026,43.57666,0
            7.09024,43.57687,0
            7.09023,43.5769,0
            7.09023,43.57703,0
            7.09025,43.57712,0
            7.09025,43.57716,0
            7.09026,43.5772,0
            7.09029,43.57726,0
            7.09031,43.57733,0
            7.09039,43.5775,0
            7.0904,43.57751,0
            7.09042,43.57754,0
            7.09046,43.57762,0
            7.09054,43.57774,0
            7.09056,43.57776,0
            7.09057,43.5778,0
            7.09059,43.57783,0
            7.09061,43.57787,0
            7.09064,43.57798,0
            7.09066,43.57802,0
            7.09067,43.57805,0
            7.09076,43.57817,0
            7.09082,43.57819,0
            7.09088,43.5782,0
            7.09097,43.57824,0
            7.09109,43.57832,0
            7.09114,43.57839,0
            7.09115,43.57842,0
            7.09117,43.57846,0
            7.09119,43.57854,0
            7.09119,43.57857,0
            7.09124,43.57864,0
            7.09128,43.57867,0
            7.0913,43.5787,0
            7.09138,43.57876,0
            7.09139,43.57876,0
            7.09142,43.57878,0
            7.09162,43.57886,0
            7.09205,43.579,0
            7.09218,43.57903,0
            7.0922,43.57904,0
            7.09251,43.57912,0
            7.09307,43.57924,0
            7.09357,43.57932,0
            7.09359,43.57932,0
            7.09391,43.57936,0
            7.09438,43.57939,0
            7.09456,43.57939,0
            7.09467,43.5794,0
            7.09565,43.57937,0
            7.09628,43.57929,0
            7.09629,43.57928,0
            7.09676,43.5792,0
            7.09677,43.5792,0
            7.09825,43.57884,0
            7.09842,43.57881,0
            7.09859,43.57877,0
            7.09932,43.57855,0
            7.09977,43.57839,0
            7.09979,43.57838,0
            7.10042,43.57816,0
            7.10046,43.57814,0
            7.10128,43.57788,0
            7.10219,43.57766,0
            7.10224,43.57766,0
            7.10228,43.57765,0
            7.10232,43.57765,0
            7.1024,43.57763,0
            7.10255,43.57761,0
            7.10272,43.5776,0
            7.10298,43.57757,0
            7.10423,43.57756,0
            7.10467,43.57757,0
            7.10471,43.57758,0
            7.10503,43.57761,0
            7.10527,43.57765,0
            7.1053,43.57765,0
            7.1055,43.57769,0
            7.10551,43.5777,0
            7.10566,43.57773,0
            7.10595,43.57781,0
            7.1061,43.57786,0
            7.10622,43.57791,0
            7.10626,43.57792,0
            7.10653,43.57803,0
            7.1068,43.57816,0
            7.10772,43.5787,0
            7.10782,43.57875,0
            7.1085,43.57918,0
            7.10937,43.57962,0
            7.10974,43.57976,0
            7.10997,43.57983,0
            7.11049,43.57995,0
            7.11051,43.57995,0
            7.11066,43.57998,0
            7.1112,43.58005,0
            7.11137,43.58006,0
            7.1122,43.58005,0
            7.11337,43.57999,0
            7.11385,43.58001,0
            7.11412,43.58004,0
            7.11488,43.58017,0
            7.11551,43.58035,0
            7.11559,43.58039,0
            7.11575,43.58045,0
            7.11578,43.58047,0
            7.11585,43.58049,0
            7.11606,43.58059,0
            7.11632,43.58073,0
            7.11633,43.58074,0
            7.11643,43.58079,0
            7.11674,43.581,0
            7.11725,43.58146,0
            7.11743,43.58164,0
            7.11775,43.58203,0
            7.11785,43.5822,0
            7.11797,43.58245,0
            7.11832,43.58344,0
            7.11833,43.58349,0
            7.11865,43.58454,0
            7.11866,43.58482,0
            7.11862,43.58507,0
            7.11859,43.58511,0
            7.11856,43.58514,0
            7.11848,43.58518,0
            7.11845,43.58519,0
            7.11844,43.58519,0
            7.11827,43.58525,0
            7.1181,43.58528,0
            7.11804,43.58514,0
            7.118,43.58496,0
            7.118,43.58489,0
            7.11802,43.58481,0
            7.11813,43.58453,0
            7.11818,43.58438,0
            7.11821,43.58426,0
            7.11827,43.58418,0
            7.11831,43.58411,0
            7.11841,43.58401,0
            7.11846,43.58398,0
            7.1187,43.58378,0
            7.11885,43.58363,0
            7.11897,43.58357,0
            7.11915,43.58352,0
            7.11925,43.58348,0
            7.11933,43.58346,0
            7.11938,43.58351,0
            7.11969,43.58367,0
            7.11985,43.58382,0
            7.11994,43.58394,0
            7.11997,43.58399,0
            7.11999,43.58407,0
            7.11999,43.58415,0
            7.11998,43.58424,0
            7.11973,43.58509,0
            7.11971,43.58518,0
            7.11972,43.58528,0
            7.11975,43.5854,0
            7.11983,43.58549,0
            7.11974,43.58552,0
            7.11973,43.58552,0
            7.11971,43.58554,0
            7.11971,43.58555,0
            7.1197,43.58556,0
            7.11971,43.58557,0
            7.11971,43.58559,0
            7.11974,43.58561,0
            7.11978,43.58565,0
            7.11983,43.58574,0
            7.11998,43.58621,0
            7.11998,43.58625,0
            7.11997,43.58625,0
            7.11996,43.58626,0
            7.11991,43.58626,0
            7.11989,43.58625,0
            7.11987,43.58623,0
            7.11977,43.58601,0
            7.11976,43.58598,0
            7.11975,43.58593,0
            7.11968,43.58576,0
            7.11968,43.58574,0
            7.11966,43.58567,0
            7.11966,43.58566,0
            7.11964,43.5856,0
            7.11964,43.58552,0
            7.11965,43.58547,0
            7.11967,43.58543,0
            7.11965,43.58539,0
            7.11963,43.58537,0
            7.11961,43.5853,0
            7.1196,43.58524,0
            7.1196,43.58517,0
            7.11978,43.58434,0
            7.11979,43.58413,0
            7.11986,43.58406,0
            7.11997,43.58399,0
            7.12005,43.58391,0
            7.12012,43.58379,0
            7.12014,43.58371,0
            7.12036,43.58373,0
            7.12159,43.58392,0
            7.12168,43.58394,0
            7.12176,43.58395,0
            7.12183,43.58395,0
            7.12188,43.58393,0
            7.12178,43.58417,0
            7.12177,43.58424,0
            7.12177,43.58427,0
            7.12181,43.58423,0
            7.12183,43.58423,0
            7.12184,43.58422,0
            7.12186,43.58421,0
            7.12187,43.58421,0
            7.12189,43.5842,0
            7.12192,43.5842,0
            7.12194,43.58419,0
            7.12201,43.58419,0
            7.12202,43.5842,0
            7.12205,43.5842,0
            7.12205,43.58421,0
            7.12207,43.58422,0
            7.1221,43.58422,0
            7.12211,43.58423,0
            7.12212,43.58423,0
            7.12212,43.58425,0
            7.12214,43.58425,0
            7.12219,43.5843,0
            7.12219,43.58433,0
            7.1222,43.58434,0
            7.1222,43.58436,0
            7.12219,43.58438,0
            7.12219,43.58441,0
            7.12218,43.58442,0
            7.12218,43.58443,0
            7.12216,43.58445,0
            7.12214,43.58445,0
            7.12214,43.58447,0
            7.12212,43.58449,0
            7.12211,43.58449,0
            7.12209,43.5845,0
            7.12208,43.58451,0
            7.12206,43.58451,0
            7.12205,43.58452,0
            7.12201,43.58452,0
            7.122,43.58453,0
            7.12198,43.58453,0
            7.12196,43.58452,0
            7.12188,43.58452,0
            7.12187,43.58451,0
            7.12186,43.58451,0
            7.12185,43.5845,0
            7.12172,43.58459,0
            7.12167,43.58461,0
            7.12156,43.58471,0
            7.12145,43.58485,0
            7.12143,43.58487,0
            7.12126,43.58518,0
            7.12115,43.58536,0
            7.12099,43.58579,0
            7.12096,43.58594,0
            7.12094,43.58612,0
            7.12095,43.58638,0
            7.12101,43.58662,0
            7.1211,43.58691,0
            7.12114,43.58711,0
            7.12126,43.58742,0
            7.12136,43.58762,0
            7.12148,43.58779,0
            7.12165,43.58799,0
            7.12228,43.58864,0
            7.12243,43.58875,0
            7.12261,43.58885,0
            7.12265,43.58888,0
            7.12276,43.58892,0
            7.12284,43.58896,0
            7.12292,43.58899,0
            7.12301,43.58901,0
            7.12329,43.58911,0
            7.12357,43.58925,0
            7.12377,43.58943,0
            7.12414,43.5897,0
            7.12426,43.58981,0
            7.12436,43.58995,0
            7.12442,43.59007,0
            7.12443,43.59022,0
            7.12444,43.59024,0
            7.12443,43.59037,0
            7.12444,43.59042,0
            7.12443,43.59049,0
            7.12443,43.59106,0
            7.12444,43.59111,0
            7.12448,43.59124,0
            7.1245,43.59127,0
            7.12473,43.59175,0
            7.12499,43.59221,0
            7.12517,43.59257,0
            7.12526,43.59283,0
            7.12526,43.59287,0
            7.12534,43.59363,0
            7.12535,43.59384,0
            7.12534,43.59402,0
            7.1254,43.59591,0
            7.12539,43.59635,0
            7.12545,43.59806,0
            7.12545,43.59884,0
            7.12546,43.59898,0
            7.1255,43.60226,0
            7.12551,43.60238,0
            7.12549,43.60276,0
            7.12549,43.60309,0
            7.1255,43.60315,0
            7.1255,43.60325,0
            7.12554,43.60331,0
            7.12555,43.60332,0
            7.12555,43.60341,0
            7.12556,43.60351,0
            7.1256,43.60362,0
            7.12561,43.60362,0
            7.12561,43.60363,0
            7.12562,43.60363,0
            7.12562,43.60364,0
            7.12563,43.60364,0
            7.12563,43.60368,0
            7.12562,43.60368,0
            7.12562,43.60369,0
            7.12561,43.60369,0
            7.12561,43.6037,0
            7.1256,43.6037,0
            7.12558,43.6038,0
            7.12557,43.60381,0
            7.12555,43.60387,0
            7.12555,43.60404,0
            7.12552,43.60409,0
            7.12556,43.6065,0
            7.12562,43.60727,0
            7.12582,43.60831,0
            7.12583,43.60834,0
            7.12589,43.60866,0
            7.12589,43.6087,0
            7.12594,43.60896,0
            7.12594,43.60897,0
            7.12612,43.60961,0
            7.12625,43.60997,0
            7.12629,43.61002,0
            7.12638,43.61022,0
            7.12639,43.61023,0
            7.12643,43.61034,0
            7.12646,43.61039,0
            7.12654,43.61059,0
            7.12663,43.61078,0
            7.12673,43.61095,0
            7.12683,43.61109,0
            7.12686,43.61109,0
            7.1269,43.61111,0
            7.12691,43.61111,0
            7.12695,43.61115,0
            7.12695,43.61117,0
            7.12696,43.61119,0
            7.12695,43.6112,0
            7.12695,43.61122,0
            7.1269,43.61127,0
            7.12689,43.61127,0
            7.12688,43.61128,0
            7.12686,43.61128,0
            7.12683,43.61129,0
            7.1268,43.61129,0
            7.12678,43.61128,0
            7.12676,43.61128,0
            7.12673,43.61127,0
            7.12671,43.61125,0
            7.12632,43.61131,0
            7.12625,43.61136,0
            7.12622,43.61137,0
            7.12621,43.6114,0
            7.1262,43.61141,0
            7.12619,43.61145,0
            7.12644,43.61199,0
            7.12645,43.61204,0
            7.12652,43.61224,0
            7.12652,43.61226,0
            7.12654,43.61227,0
            7.12656,43.61227,0
            7.12657,43.61228,0
            7.12659,43.61229,0
            7.1266,43.6123,0
            7.12662,43.61231,0
            7.12667,43.61236,0
            7.12667,43.61237,0
            7.12668,43.61239,0
            7.12668,43.61245,0
            7.12667,43.61247,0
            7.12674,43.61258,0
            7.12674,43.6126,0
            7.12689,43.61291,0
            7.12708,43.61335,0
            7.12725,43.61364,0
            7.12761,43.61437,0
            7.12762,43.61438,0
            7.1278,43.61484,0
            7.12785,43.61488,0
            7.12785,43.61489,0
            7.12788,43.61494,0
            7.12818,43.61593,0
            7.12835,43.61641,0
            7.12839,43.61655,0
            7.12887,43.61797,0
            7.12893,43.61818,0
            7.12916,43.61884,0
            7.12924,43.61915,0
            7.12933,43.61944,0
            7.12934,43.61954,0
            7.12966,43.62043,0
            7.12972,43.62064,0
            7.12981,43.62087,0
            7.12998,43.62139,0
            7.13007,43.62161,0
            7.13013,43.62179,0
            7.13051,43.62264,0
            7.13059,43.6228,0
            7.13059,43.62281,0
            7.13099,43.62372,0
            7.13106,43.6238,0
            7.13149,43.62478,0
            7.13178,43.62536,0
            7.13184,43.6255,0
            7.132,43.62581,0
            7.13199,43.62589,0
            7.1321,43.62612,0
            7.13211,43.62615,0
            7.13246,43.62687,0
            7.13252,43.62697,0
            7.13257,43.62711,0
            7.13258,43.62712,0
            7.13321,43.62844,0
            7.13324,43.62852,0
            7.1334,43.62882,0
            7.13343,43.6289,0
            7.13395,43.63002,0
            7.13399,43.63012,0
            7.134,43.63016,0
            7.13444,43.63116,0
            7.13446,43.63122,0
            7.13458,43.6315,0
            7.13463,43.63167,0
            7.13465,43.6318,0
            7.13465,43.63203,0
            7.13462,43.63221,0
            7.13454,43.63248,0
            7.13419,43.63334,0
            7.13409,43.63356,0
            7.13406,43.63365,0
            7.13394,43.63391,0
            7.13386,43.63413,0
            7.1338,43.63435,0
            7.13376,43.63456,0
            7.13376,43.63459,0
            7.13371,43.63486,0
            7.13367,43.63524,0
            7.13364,43.63539,0
            7.13362,43.63555,0
            7.13361,43.63559,0
            7.13361,43.63562,0
            7.13355,43.63596,0
            7.13352,43.63604,0
            7.13352,43.63606,0
            7.13351,43.63608,0
            7.13351,43.63611,0
            7.13339,43.63685,0
            7.13338,43.63703,0
            7.13338,43.63777,0
            7.1334,43.63777,0
            7.13341,43.63778,0
            7.13342,43.63778,0
            7.13343,43.63779,0
            7.13344,43.63779,0
            7.13345,43.6378,0
            7.13346,43.6378,0
            7.13346,43.63781,0
            7.13347,43.63781,0
            7.13348,43.63782,0
            7.13348,43.63783,0
            7.13349,43.63783,0
            7.13349,43.63784,0
            7.13351,43.63786,0
            7.13351,43.63793,0
            7.1335,43.63794,0
            7.1335,43.63795,0
            7.13346,43.63799,0
            7.13345,43.63799,0
            7.13345,43.638,0
            7.13343,43.63801,0
            7.1335,43.63817,0
            7.13351,43.63823,0
            7.13352,43.63839,0
            7.13352,43.63853,0
            7.13353,43.63866,0
            7.13353,43.63877,0
            7.13352,43.63884,0
            7.13352,43.6389,0
            7.13324,43.64118,0
            7.13324,43.6412,0
            7.13321,43.6414,0
            7.13323,43.64143,0
            7.13321,43.64184,0
            7.13322,43.64186,0
            7.13322,43.64188,0
            7.13326,43.64197,0
            7.1333,43.64197,0
            7.13331,43.64198,0
            7.13333,43.64198,0
            7.13334,43.64199,0
            7.13335,43.64199,0
            7.13336,43.642,0
            7.13337,43.642,0
            7.13341,43.64204,0
            7.13364,43.64216,0
            7.13366,43.64216,0
            7.13371,43.6422,0
            7.13374,43.64223,0
            7.13375,43.64225,0
            7.13375,43.64227,0
            7.13399,43.64242,0
            7.1341,43.64256,0
            7.13414,43.64263,0
            7.13416,43.64271,0
            7.13416,43.64274,0
            7.13415,43.6428,0
            7.13415,43.64282,0
            7.13405,43.64304,0
            7.13401,43.64329,0
            7.13402,43.64342,0
            7.13404,43.6435,0
            7.13409,43.64359,0
            7.13438,43.64389,0
            7.13441,43.64391,0
            7.13458,43.64406,0
            7.13459,43.64415,0
            7.13462,43.64418,0
            7.13532,43.64473,0
            7.13542,43.6448,0
            7.13887,43.64755,0
            7.13891,43.64759,0
            7.13943,43.64799,0
            7.13948,43.64804,0
            7.13988,43.64836,0
            7.13988,43.64837,0
            7.13999,43.64845,0
            7.14012,43.64857,0
            7.14015,43.64859,0
            7.14052,43.6489,0
            7.14064,43.64899,0
            7.14096,43.64927,0
            7.14138,43.64967,0
            7.14174,43.65004,0
            7.14176,43.65007,0
            7.1426,43.65104,0
            7.1432,43.65168,0
            7.14419,43.65264,0
            7.14491,43.6533,0
            7.14493,43.65331,0
            7.14532,43.65368,0
            7.14538,43.65373,0
            7.1458,43.65414,0
            7.14587,43.65422,0
            7.14598,43.65437,0
            7.14605,43.65445,0
            7.14617,43.65461,0
            7.14622,43.6547,0
            7.14643,43.65502,0
            7.14686,43.65586,0
            7.14697,43.6561,0
            7.14716,43.65647,0
            7.14731,43.65673,0
            7.1474,43.65691,0
            7.14772,43.65741,0
            7.14796,43.65773,0
            7.14844,43.65829,0
            7.14845,43.65831,0
            7.14876,43.65863,0
            7.14904,43.65888,0
            7.14914,43.65896,0
            7.14965,43.65931,0
            7.14971,43.65934,0
            7.14972,43.65935,0
            7.15015,43.65958,0
            7.15065,43.6598,0
            7.1507,43.65981,0
            7.15081,43.65986,0
            7.15148,43.6601,0
            7.15215,43.66029,0
            7.15216,43.6603,0
            7.15263,43.66042,0
            7.15264,43.66043,0
            7.15268,43.66043,0
            7.15271,43.66044,0
            7.15335,43.66056,0
            7.15356,43.66059,0
            7.15364,43.66061,0
            7.1537,43.66061,0
            7.15426,43.66068,0
            7.15482,43.66072,0
            7.15575,43.66072,0
            7.15589,43.66071,0
            7.15605,43.66071,0
            7.15738,43.66059,0
            7.15746,43.66059,0
            7.15804,43.66053,0
            7.15822,43.66052,0
            7.15837,43.6605,0
            7.16118,43.66025,0
            7.16133,43.66023,0
            7.16167,43.66021,0
            7.16216,43.66016,0
            7.1633,43.6601,0
            7.16394,43.6601,0
            7.16441,43.66013,0
            7.16456,43.66015,0
            7.1646,43.66015,0
            7.16488,43.66018,0
            7.16537,43.66026,0
            7.16653,43.66054,0
            7.16687,43.66065,0
            7.16688,43.66065,0
            7.16729,43.66079,0
            7.1695,43.66176,0
            7.16953,43.66178,0
            7.17089,43.66237,0
            7.17157,43.66261,0
            7.17159,43.66261,0
            7.1716,43.66262,0
            7.17172,43.66265,0
            7.17174,43.66266,0
            7.17188,43.6627,0
            7.17219,43.66277,0
            7.17221,43.66277,0
            7.1727,43.66288,0
            7.17273,43.66289,0
            7.17346,43.66302,0
            7.17406,43.6631,0
            7.17422,43.66313,0
            7.17425,43.66313,0
            7.17458,43.66318,0
            7.17471,43.66319,0
            7.17554,43.66332,0
            7.17572,43.66336,0
            7.17608,43.66341,0
            7.17776,43.6637,0
            7.17792,43.66372,0
            7.18273,43.66463,0
            7.18337,43.66477,0
            7.18442,43.66505,0
            7.18699,43.66581,0
            7.18819,43.6661,0
            7.18944,43.66632,0
            7.19111,43.66653,0
            7.1912,43.66655,0
            7.19156,43.66659,0
            7.19282,43.6668,0
            7.1944,43.66721,0
            7.19717,43.66805,0
            7.19719,43.66805,0
            7.1972,43.66806,0
            7.19872,43.66852,0
            7.19889,43.66858,0
            7.19904,43.66862,0
            7.19906,43.66863,0
            7.19933,43.6687,0
            7.19935,43.66871,0
            7.19939,43.66872,0
            7.19944,43.66874,0
            7.19959,43.66872,0
            7.20037,43.66894,0
            7.20134,43.66912,0
            7.20158,43.66919,0
            7.20168,43.66923,0
            7.20237,43.66943,0
            7.2026,43.66946,0
            7.2027,43.66946,0
            7.20295,43.66944,0
            7.20309,43.66939,0
            7.20311,43.66939,0
            7.20325,43.66933,0
            7.20331,43.66928,0
            7.20339,43.66923,0
            7.20348,43.66915,0
            7.2035,43.66914,0
            7.20357,43.66906,0
            7.20379,43.66889,0
            7.20414,43.66828,0
            7.20415,43.66825,0
            7.20452,43.66759,0
            7.2046,43.66753,0
            7.20546,43.66608,0
            7.20555,43.66596,0
            7.20571,43.6658,0
            7.20576,43.66577,0
            7.20583,43.66571,0
            7.20588,43.66568,0
            7.20595,43.66565,0
            7.20599,43.66562,0
            7.20616,43.66555,0
            7.2062,43.66554,0
            7.20634,43.66549,0
            7.20643,43.66547,0
            7.20672,43.66543,0
            7.20695,43.66543,0
            7.20702,43.66544,0
            7.2071,43.66544,0
            7.20721,43.66546,0
            7.20727,43.66548,0
            7.20749,43.66553,0
            7.20843,43.66584,0
            7.20848,43.66585,0
            7.20858,43.66588,0
            7.20864,43.66589,0
            7.20867,43.6659,0
            7.20907,43.66596,0
            7.20908,43.66597,0
            7.20917,43.66602,0
            7.20923,43.66603,0
            7.20932,43.66603,0
            7.21156,43.66629,0
            7.2116,43.66629,0
            7.21668,43.6669,0
            7.21683,43.66693,0
            7.217,43.66695,0
            7.21718,43.66699,0
            7.21732,43.66701,0
            7.21826,43.66726,0
            7.21912,43.66758,0
            7.21975,43.66788,0
            7.22035,43.66821,0
            7.22116,43.66877,0
            7.22182,43.66929,0
            7.22492,43.67154,0
            7.22504,43.67164,0
            7.22523,43.67178,0
            7.22561,43.67212,0
            7.2259,43.6724,0
            7.22602,43.67254,0
            7.22611,43.67263,0
            7.22657,43.67317,0
            7.22682,43.6735,0
            7.22693,43.67367,0
            7.227,43.67383,0
            7.2274,43.67454,0
            7.22765,43.67494,0
            7.22772,43.67508,0
            7.22783,43.67526,0
            7.22819,43.67593,0
            7.22881,43.67701,0
            7.22885,43.67709,0
            7.22909,43.67749,0
            7.22912,43.67753,0
            7.22922,43.6777,0
            7.22923,43.67771,0
            7.22933,43.67789,0
            7.22972,43.67847,0
            7.2298,43.67857,0
            7.22981,43.67859,0
            7.23081,43.67994,0
            7.23112,43.68033,0
            7.23144,43.6807,0
            7.23192,43.6812,0
            7.23197,43.68124,0
            7.2326,43.68183,0
            7.23264,43.68186,0
            7.23305,43.68223,0
            7.2332,43.68238,0
            7.23662,43.68549,0
            7.23765,43.68633,0
            7.23831,43.68683,0
            7.23888,43.68722,0
            7.2402,43.68799,0
            7.24112,43.68849,0
            7.24144,43.68868,0
            7.24253,43.68927,0
            7.2436,43.68982,0
            7.24362,43.68985,0
            7.24363,43.68986,0
            7.24366,43.68988,0
            7.24406,43.69008,0
            7.24521,43.69051,0
            7.2453,43.69056,0
            7.24532,43.69059,0
            7.24535,43.69065,0
            7.24535,43.69073,0
            7.24531,43.69082,0
            7.24521,43.69096,0
            7.24521,43.69097,0
            7.2452,43.69098,0
            7.24501,43.69126,0
            7.24501,43.69127,0
            7.24499,43.69129,0
            7.24496,43.69134,0
            7.24491,43.69139,0
            7.24488,43.69143,0
            7.24485,43.69146,0
            7.24481,43.69151,0
            7.24476,43.69159,0
            7.24467,43.6917,0
            7.24453,43.69197,0
            7.24446,43.69214,0
            7.24442,43.69228,0
            7.24425,43.69267,0
            7.24432,43.69271,0
            7.24442,43.69287,0
            7.24474,43.69312,0
            7.24528,43.69351,0
            7.24555,43.69377,0
            7.2457,43.69396,0
            7.24594,43.69411,0
            7.24608,43.69422,0
            7.2461,43.69423,0
            7.24646,43.69453,0
            7.24672,43.69478,0
            7.247,43.69509,0
            7.24714,43.69526,0
            7.24745,43.69571,0
            7.24764,43.69606,0
            7.24775,43.69635,0
            7.248,43.69694,0
            7.24805,43.69708,0
            7.24828,43.69758,0
            7.2486,43.69812,0
            7.24889,43.69849,0
            7.24943,43.69906,0
            7.24961,43.69921,0
            7.25034,43.69968,0
            7.25068,43.69986,0
            7.25086,43.69997,0
            7.25095,43.70001,0
            7.25123,43.70016,0
            7.25254,43.70076,0
            7.25268,43.70081,0
            7.25322,43.70106,0
            7.25359,43.70121,0
            7.25367,43.70125,0
            7.25402,43.70139,0
            7.25468,43.70169,0
            7.25538,43.70205,0
            7.25543,43.70207,0
            7.25615,43.70246,0
            7.25666,43.70281,0
            7.25672,43.70286,0
            7.25673,43.70286,0
            7.25706,43.70312,0
            7.25727,43.7033,0
            7.25731,43.70334,0
            7.25736,43.70338,0
            7.25746,43.70342,0
            7.25753,43.70347,0
            7.2579,43.70378,0
            7.25819,43.70398,0
            7.25821,43.70399,0
            7.25823,43.70401,0
            7.2586,43.70425,0
            7.25886,43.70444,0
            7.25903,43.70455,0
            7.2591,43.70461,0
            7.25918,43.70469,0
            7.2592,43.70472,0
            7.2592,43.70473,0
            7.25925,43.70482,0
            7.25926,43.70487,0
            7.25933,43.70508,0
            7.25933,43.70509,0
            7.25941,43.70531,0
            7.25948,43.70542,0
            7.25952,43.70547,0
            7.25956,43.70551,0
            7.25972,43.70561,0
            7.25986,43.70566,0
            7.26004,43.70569,0
            7.26007,43.70569,0
            7.26032,43.70572,0
            7.26057,43.70573,0
            7.26064,43.70574,0
            7.26115,43.70577,0
            7.26154,43.70577,0
            7.26156,43.70578,0
            7.26221,43.70579,0
            7.26224,43.70572,0
            7.26224,43.70563,0
            7.26225,43.7056,0
            7.26225,43.70552,0
            7.26226,43.70545,0
            7.26227,43.70541,0
            7.26227,43.70536,0
            7.26228,43.70533,0
            7.2623,43.70518,0
            7.2623,43.70511,0
            7.26232,43.705,0
            7.26232,43.70497,0
            7.26234,43.70484,0
            7.26235,43.70469,0
            7.26236,43.70464,0
          </coordinates>
        </LineString>
      </Placemark>
      <Placemark>
        <name>Gare de Cassis, Avenue de la Gare, Cassis, France</name>
        <styleUrl>#icon-1899-DB4436-nodesc</styleUrl>
        <Point>
          <coordinates>
            5.5529216,43.2339454,0
          </coordinates>
        </Point>
      </Placemark>
      <Placemark>
        <name>La Ciotat Station, Avenue de la Gare, La Ciotat, France</name>
        <styleUrl>#icon-1899-DB4436-nodesc</styleUrl>
        <Point>
          <coordinates>
            5.6324133,43.199555,0
          </coordinates>
        </Point>
      </Placemark>
      <Placemark>
        <name>Gare Saint-Cyr-les-Lecques - la Cadière, Avenue du Général de Gaulle, Saint-Cyr-sur-Mer, France</name>
        <styleUrl>#icon-1899-DB4436-nodesc</styleUrl>
        <Point>
          <coordinates>
            5.7036586,43.1853058,0
          </coordinates>
        </Point>
      </Placemark>
      <Placemark>
        <name>Gare de Bandol, Bandol, France</name>
        <styleUrl>#icon-1899-DB4436-nodesc</styleUrl>
        <Point>
          <coordinates>
            5.7500876,43.14028,0
          </coordinates>
        </Point>
      </Placemark>
      <Placemark>
        <name>Gare de La Seyne - Six-Fours, Route de la gare, La Seyne, France</name>
        <styleUrl>#icon-1899-DB4436-nodesc</styleUrl>
        <Point>
          <coordinates>
            5.8771004,43.1168855,0
          </coordinates>
        </Point>
      </Placemark>
      <Placemark>
        <name><![CDATA[Gare de Toulon, Place de l'Europe, Toulon, France]]></name>
        <styleUrl>#icon-1899-DB4436-nodesc</styleUrl>
        <Point>
          <coordinates>
            5.9291651,43.1281296,0
          </coordinates>
        </Point>
      </Placemark>
      <Placemark>
        <name>Gare Les Arcs - Draguignan, Les Arcs, France</name>
        <styleUrl>#icon-1899-DB4436-nodesc</styleUrl>
        <Point>
          <coordinates>
            6.4824852,43.4559636,0
          </coordinates>
        </Point>
      </Placemark>
      <Placemark>
        <name>Station Saint-Raphaël-Valescure, Rue Waldeck Rousseau, Saint-Raphaël, France</name>
        <styleUrl>#icon-1899-DB4436-nodesc</styleUrl>
        <Point>
          <coordinates>
            6.7689318,43.4234699,0
          </coordinates>
        </Point>
      </Placemark>
      <Placemark>
        <name><![CDATA[Gare d'Antibes SNCF, Place Pierre Semard, Antibes, France]]></name>
        <styleUrl>#icon-1899-DB4436-nodesc</styleUrl>
        <Point>
          <coordinates>
            7.1196842,43.5857562,0
          </coordinates>
        </Point>
      </Placemark>
      <Placemark>
        <name>Nice-Ville, Avenue Thiers, Nice, France</name>
        <styleUrl>#icon-1899-DB4436-nodesc</styleUrl>
        <Point>
          <coordinates>
            7.2623581,43.7046417,0
          </coordinates>
        </Point>
      </Placemark>
    </Folder>
  </Document>
</kml>
